<?xml version="1.0" encoding="utf-8"?>
<Protocol>
	<Name>Gradient_XL</Name>
	<Description>Multiple gradient array protocol for 64 electrode spreads</Description>
	<SpreadFile>4x16.xml</SpreadFile>
	<SpreadFile>4X16.xml</SpreadFile>
	<SpreadFile>2X32increasing.xml</SpreadFile>
	<SpreadFile>2X32mirrored.xml</SpreadFile>
	<Arraycode>15</Arraycode>
	<Sequence>
		<Measure>
			<Tx>1 64</Tx>
			<Rx>2 7</Rx>
			<Rx>22 27</Rx>
			<Rx>27 32</Rx>
			<Rx>32 37</Rx>
			<Rx>42 47</Rx>
			<Rx>47 52</Rx>
			<Rx>52 57</Rx>
		</Measure>
		<Measure>
			<Tx>1 62</Tx>
			<Rx>2 7</Rx>
			<Rx>22 27</Rx>
			<Rx>32 37</Rx>
			<Rx>37 42</Rx>
			<Rx>47 52</Rx>
			<Rx>52 57</Rx>
		</Measure>
		<Measure>
			<Tx>2 63</Tx>
			<Rx>3 8</Rx>
			<Rx>23 28</Rx>
			<Rx>33 38</Rx>
			<Rx>38 43</Rx>
			<Rx>48 53</Rx>
			<Rx>53 58</Rx>
		</Measure>
		<Measure>
			<Tx>3 64</Tx>
			<Rx>4 9</Rx>
			<Rx>24 29</Rx>
			<Rx>34 39</Rx>
			<Rx>39 44</Rx>
			<Rx>49 54</Rx>
			<Rx>54 59</Rx>
		</Measure>
		<Measure>
			<Tx>1 60</Tx>
			<Rx>2 7</Rx>
			<Rx>17 22</Rx>
			<Rx>22 27</Rx>
			<Rx>27 32</Rx>
			<Rx>42 47</Rx>
			<Rx>47 52</Rx>
			<Rx>52 57</Rx>
		</Measure>
		<Measure>
			<Tx>2 61</Tx>
			<Rx>3 8</Rx>
			<Rx>18 23</Rx>
			<Rx>23 28</Rx>
			<Rx>28 33</Rx>
			<Rx>43 48</Rx>
			<Rx>48 53</Rx>
			<Rx>53 58</Rx>
		</Measure>
		<Measure>
			<Tx>3 62</Tx>
			<Rx>4 9</Rx>
			<Rx>19 24</Rx>
			<Rx>24 29</Rx>
			<Rx>29 34</Rx>
			<Rx>44 49</Rx>
			<Rx>49 54</Rx>
			<Rx>54 59</Rx>
		</Measure>
		<Measure>
			<Tx>4 64</Tx>
			<Rx>5 10</Rx>
			<Rx>20 25</Rx>
			<Rx>25 30</Rx>
			<Rx>35 40</Rx>
			<Rx>45 50</Rx>
		</Measure>
		<Measure>
			<Tx>1 58</Tx>
			<Rx>9 13</Rx>
			<Rx>29 33</Rx>
			<Rx>33 37</Rx>
			<Rx>37 41</Rx>
			<Rx>41 45</Rx>
			<Rx>49 53</Rx>
		</Measure>
		<Measure>
			<Tx>2 59</Tx>
			<Rx>10 14</Rx>
			<Rx>30 34</Rx>
			<Rx>34 38</Rx>
			<Rx>38 42</Rx>
			<Rx>42 46</Rx>
			<Rx>50 54</Rx>
		</Measure>
		<Measure>
			<Tx>3 60</Tx>
			<Rx>31 35</Rx>
			<Rx>35 39</Rx>
			<Rx>39 43</Rx>
			<Rx>43 47</Rx>
			<Rx>51 55</Rx>
		</Measure>
		<Measure>
			<Tx>4 61</Tx>
			<Rx>12 16</Rx>
			<Rx>32 36</Rx>
			<Rx>36 40</Rx>
			<Rx>40 44</Rx>
			<Rx>44 48</Rx>
			<Rx>52 56</Rx>
		</Measure>
		<Measure>
			<Tx>5 62</Tx>
			<Rx>17 13</Rx>
			<Rx>33 37</Rx>
			<Rx>37 41</Rx>
			<Rx>41 45</Rx>
			<Rx>45 49</Rx>
			<Rx>53 57</Rx>
		</Measure>
		<Measure>
			<Tx>6 63</Tx>
			<Rx>18 14</Rx>
			<Rx>34 38</Rx>
			<Rx>38 42</Rx>
			<Rx>42 46</Rx>
			<Rx>46 50</Rx>
			<Rx>54 58</Rx>
		</Measure>
		<Measure>
			<Tx>7 64</Tx>
			<Rx>19 15</Rx>
			<Rx>35 39</Rx>
			<Rx>39 43</Rx>
			<Rx>43 47</Rx>
			<Rx>47 51</Rx>
			<Rx>55 59</Rx>
		</Measure>
		<Measure>
			<Tx>1 57</Tx>
			<Rx>9 13</Rx>
			<Rx>45 49</Rx>
		</Measure>
		<Measure>
			<Tx>2 58</Tx>
			<Rx>10 14</Rx>
			<Rx>46 50</Rx>
		</Measure>
		<Measure>
			<Tx>3 59</Tx>
			<Rx>47 51</Rx>
		</Measure>
		<Measure>
			<Tx>4 60</Tx>
			<Rx>12 16</Rx>
			<Rx>48 52</Rx>
		</Measure>
		<Measure>
			<Tx>5 61</Tx>
			<Rx>17 13</Rx>
			<Rx>49 53</Rx>
		</Measure>
		<Measure>
			<Tx>6 62</Tx>
			<Rx>18 14</Rx>
			<Rx>50 54</Rx>
		</Measure>
		<Measure>
			<Tx>7 63</Tx>
			<Rx>19 15</Rx>
			<Rx>51 55</Rx>
		</Measure>
		<Measure>
			<Tx>8 64</Tx>
			<Rx>52 56</Rx>
		</Measure>
		<Measure>
			<Tx>1 43</Tx>
			<Rx>4 7</Rx>
			<Rx>13 16</Rx>
			<Rx>19 22</Rx>
			<Rx>22 25</Rx>
			<Rx>25 28</Rx>
			<Rx>28 31</Rx>
			<Rx>37 40</Rx>
		</Measure>
		<Measure>
			<Tx>2 44</Tx>
			<Rx>5 8</Rx>
			<Rx>17 14</Rx>
			<Rx>17 20</Rx>
			<Rx>20 23</Rx>
			<Rx>23 26</Rx>
			<Rx>26 29</Rx>
			<Rx>29 32</Rx>
			<Rx>38 41</Rx>
		</Measure>
		<Measure>
			<Tx>3 45</Tx>
			<Rx>6 9</Rx>
			<Rx>18 15</Rx>
			<Rx>18 21</Rx>
			<Rx>24 27</Rx>
			<Rx>27 30</Rx>
			<Rx>30 33</Rx>
			<Rx>39 42</Rx>
		</Measure>
		<Measure>
			<Tx>4 46</Tx>
			<Rx>7 10</Rx>
			<Rx>19 22</Rx>
			<Rx>22 25</Rx>
			<Rx>25 28</Rx>
			<Rx>28 31</Rx>
			<Rx>31 34</Rx>
			<Rx>40 43</Rx>
		</Measure>
		<Measure>
			<Tx>5 47</Tx>
			<Rx>8 11</Rx>
			<Rx>17 20</Rx>
			<Rx>20 23</Rx>
			<Rx>23 26</Rx>
			<Rx>26 29</Rx>
			<Rx>29 32</Rx>
			<Rx>32 35</Rx>
			<Rx>41 44</Rx>
		</Measure>
		<Measure>
			<Tx>6 48</Tx>
			<Rx>9 12</Rx>
			<Rx>18 21</Rx>
			<Rx>21 24</Rx>
			<Rx>24 27</Rx>
			<Rx>27 30</Rx>
			<Rx>30 33</Rx>
			<Rx>33 36</Rx>
			<Rx>42 45</Rx>
		</Measure>
		<Measure>
			<Tx>7 49</Tx>
			<Rx>10 13</Rx>
			<Rx>19 22</Rx>
			<Rx>22 25</Rx>
			<Rx>25 28</Rx>
			<Rx>28 31</Rx>
			<Rx>31 34</Rx>
			<Rx>34 37</Rx>
			<Rx>43 46</Rx>
		</Measure>
		<Measure>
			<Tx>8 50</Tx>
			<Rx>11 14</Rx>
			<Rx>20 23</Rx>
			<Rx>23 26</Rx>
			<Rx>26 29</Rx>
			<Rx>29 32</Rx>
			<Rx>32 35</Rx>
			<Rx>35 38</Rx>
			<Rx>44 47</Rx>
		</Measure>
		<Measure>
			<Tx>9 51</Tx>
			<Rx>12 15</Rx>
			<Rx>21 24</Rx>
			<Rx>24 27</Rx>
			<Rx>27 30</Rx>
			<Rx>30 33</Rx>
			<Rx>33 36</Rx>
			<Rx>36 39</Rx>
			<Rx>45 48</Rx>
		</Measure>
		<Measure>
			<Tx>10 52</Tx>
			<Rx>13 16</Rx>
			<Rx>22 25</Rx>
			<Rx>25 28</Rx>
			<Rx>28 31</Rx>
			<Rx>31 34</Rx>
			<Rx>34 37</Rx>
			<Rx>37 40</Rx>
			<Rx>46 49</Rx>
		</Measure>
		<Measure>
			<Tx>11 53</Tx>
			<Rx>17 14</Rx>
			<Rx>23 26</Rx>
			<Rx>26 29</Rx>
			<Rx>29 32</Rx>
			<Rx>32 35</Rx>
			<Rx>35 38</Rx>
			<Rx>38 41</Rx>
			<Rx>47 50</Rx>
		</Measure>
		<Measure>
			<Tx>12 54</Tx>
			<Rx>18 15</Rx>
			<Rx>24 27</Rx>
			<Rx>27 30</Rx>
			<Rx>30 33</Rx>
			<Rx>33 36</Rx>
			<Rx>36 39</Rx>
			<Rx>39 42</Rx>
			<Rx>48 51</Rx>
		</Measure>
		<Measure>
			<Tx>13 55</Tx>
			<Rx>19 16</Rx>
			<Rx>25 28</Rx>
			<Rx>28 31</Rx>
			<Rx>31 34</Rx>
			<Rx>34 37</Rx>
			<Rx>37 40</Rx>
			<Rx>40 43</Rx>
			<Rx>49 52</Rx>
		</Measure>
		<Measure>
			<Tx>14 56</Tx>
			<Rx>17 20</Rx>
			<Rx>26 29</Rx>
			<Rx>29 32</Rx>
			<Rx>32 35</Rx>
			<Rx>35 38</Rx>
			<Rx>38 41</Rx>
			<Rx>41 44</Rx>
			<Rx>50 53</Rx>
		</Measure>
		<Measure>
			<Tx>15 57</Tx>
			<Rx>18 21</Rx>
			<Rx>27 30</Rx>
			<Rx>30 33</Rx>
			<Rx>33 36</Rx>
			<Rx>36 39</Rx>
			<Rx>39 42</Rx>
			<Rx>42 45</Rx>
			<Rx>51 54</Rx>
		</Measure>
		<Measure>
			<Tx>16 58</Tx>
			<Rx>19 22</Rx>
			<Rx>28 31</Rx>
			<Rx>31 34</Rx>
			<Rx>34 37</Rx>
			<Rx>37 40</Rx>
			<Rx>40 43</Rx>
			<Rx>43 46</Rx>
			<Rx>52 55</Rx>
		</Measure>
		<Measure>
			<Tx>1 29</Tx>
			<Rx>9 11</Rx>
			<Rx>17 19</Rx>
			<Rx>19 21</Rx>
		</Measure>
		<Measure>
			<Tx>2 30</Tx>
			<Rx>10 12</Rx>
			<Rx>12 14</Rx>
			<Rx>18 20</Rx>
			<Rx>20 22</Rx>
		</Measure>
		<Measure>
			<Tx>3 31</Tx>
			<Rx>13 15</Rx>
			<Rx>19 21</Rx>
			<Rx>21 23</Rx>
		</Measure>
		<Measure>
			<Tx>4 32</Tx>
			<Rx>12 14</Rx>
			<Rx>14 16</Rx>
			<Rx>20 22</Rx>
			<Rx>22 24</Rx>
		</Measure>
		<Measure>
			<Tx>5 33</Tx>
			<Rx>13 15</Rx>
			<Rx>17 15</Rx>
			<Rx>21 23</Rx>
			<Rx>23 25</Rx>
		</Measure>
		<Measure>
			<Tx>6 34</Tx>
			<Rx>14 16</Rx>
			<Rx>18 16</Rx>
			<Rx>22 24</Rx>
			<Rx>24 26</Rx>
		</Measure>
		<Measure>
			<Tx>7 35</Tx>
			<Rx>17 15</Rx>
			<Rx>17 19</Rx>
			<Rx>23 25</Rx>
			<Rx>25 27</Rx>
		</Measure>
		<Measure>
			<Tx>8 36</Tx>
			<Rx>18 16</Rx>
			<Rx>18 20</Rx>
			<Rx>24 26</Rx>
			<Rx>26 28</Rx>
		</Measure>
		<Measure>
			<Tx>9 37</Tx>
			<Rx>17 19</Rx>
			<Rx>19 21</Rx>
			<Rx>25 27</Rx>
			<Rx>27 29</Rx>
		</Measure>
		<Measure>
			<Tx>10 38</Tx>
			<Rx>18 20</Rx>
			<Rx>20 22</Rx>
			<Rx>26 28</Rx>
			<Rx>28 30</Rx>
		</Measure>
		<Measure>
			<Tx>11 39</Tx>
			<Rx>19 21</Rx>
			<Rx>21 23</Rx>
			<Rx>27 29</Rx>
			<Rx>29 31</Rx>
		</Measure>
		<Measure>
			<Tx>12 40</Tx>
			<Rx>20 22</Rx>
			<Rx>28 30</Rx>
			<Rx>30 32</Rx>
		</Measure>
		<Measure>
			<Tx>13 41</Tx>
			<Rx>21 23</Rx>
			<Rx>23 25</Rx>
			<Rx>29 31</Rx>
			<Rx>31 33</Rx>
		</Measure>
		<Measure>
			<Tx>14 42</Tx>
			<Rx>24 26</Rx>
			<Rx>30 32</Rx>
			<Rx>32 34</Rx>
		</Measure>
		<Measure>
			<Tx>15 43</Tx>
			<Rx>23 25</Rx>
			<Rx>25 27</Rx>
			<Rx>31 33</Rx>
			<Rx>33 35</Rx>
		</Measure>
		<Measure>
			<Tx>16 44</Tx>
			<Rx>24 26</Rx>
			<Rx>26 28</Rx>
			<Rx>32 34</Rx>
			<Rx>34 36</Rx>
		</Measure>
		<Measure>
			<Tx>1 15</Tx>
			<Rx>2 3</Rx>
			<Rx>4 5</Rx>
			<Rx>6 7</Rx>
			<Rx>7 8</Rx>
			<Rx>8 9</Rx>
			<Rx>9 10</Rx>
			<Rx>11 12</Rx>
			<Rx>13 14</Rx>
		</Measure>
		<Measure>
			<Tx>15 29</Tx>
			<Rx>17 16</Rx>
			<Rx>18 19</Rx>
			<Rx>20 21</Rx>
			<Rx>21 22</Rx>
			<Rx>23 24</Rx>
			<Rx>25 26</Rx>
			<Rx>27 28</Rx>
		</Measure>
		<Measure>
			<Tx>2 16</Tx>
			<Rx>3 4</Rx>
			<Rx>5 6</Rx>
			<Rx>7 8</Rx>
			<Rx>8 9</Rx>
			<Rx>9 10</Rx>
			<Rx>10 11</Rx>
			<Rx>12 13</Rx>
			<Rx>14 15</Rx>
		</Measure>
		<Measure>
			<Tx>16 30</Tx>
			<Rx>17 18</Rx>
			<Rx>19 20</Rx>
			<Rx>21 22</Rx>
			<Rx>23 24</Rx>
			<Rx>24 25</Rx>
			<Rx>26 27</Rx>
			<Rx>28 29</Rx>
		</Measure>
		<Measure>
			<Tx>3 17</Tx>
			<Rx>4 5</Rx>
			<Rx>6 7</Rx>
			<Rx>8 9</Rx>
			<Rx>9 10</Rx>
			<Rx>10 11</Rx>
			<Rx>13 14</Rx>
			<Rx>15 16</Rx>
		</Measure>
		<Measure>
			<Tx>4 18</Tx>
			<Rx>5 6</Rx>
			<Rx>7 8</Rx>
			<Rx>9 10</Rx>
			<Rx>10 11</Rx>
			<Rx>12 13</Rx>
			<Rx>14 15</Rx>
			<Rx>17 16</Rx>
		</Measure>
		<Measure>
			<Tx>5 19</Tx>
			<Rx>6 7</Rx>
			<Rx>8 9</Rx>
			<Rx>10 11</Rx>
			<Rx>12 13</Rx>
			<Rx>13 14</Rx>
			<Rx>15 16</Rx>
			<Rx>17 18</Rx>
		</Measure>
		<Measure>
			<Tx>6 20</Tx>
			<Rx>7 8</Rx>
			<Rx>9 10</Rx>
			<Rx>12 13</Rx>
			<Rx>13 14</Rx>
			<Rx>14 15</Rx>
			<Rx>17 16</Rx>
			<Rx>18 19</Rx>
		</Measure>
		<Measure>
			<Tx>7 21</Tx>
			<Rx>8 9</Rx>
			<Rx>10 11</Rx>
			<Rx>12 13</Rx>
			<Rx>13 14</Rx>
			<Rx>14 15</Rx>
			<Rx>15 16</Rx>
			<Rx>17 18</Rx>
			<Rx>19 20</Rx>
		</Measure>
		<Measure>
			<Tx>8 22</Tx>
			<Rx>9 10</Rx>
			<Rx>11 12</Rx>
			<Rx>13 14</Rx>
			<Rx>14 15</Rx>
			<Rx>15 16</Rx>
			<Rx>17 16</Rx>
			<Rx>18 19</Rx>
			<Rx>20 21</Rx>
		</Measure>
		<Measure>
			<Tx>9 23</Tx>
			<Rx>10 11</Rx>
			<Rx>12 13</Rx>
			<Rx>14 15</Rx>
			<Rx>15 16</Rx>
			<Rx>17 16</Rx>
			<Rx>17 18</Rx>
			<Rx>19 20</Rx>
			<Rx>21 22</Rx>
		</Measure>
		<Measure>
			<Tx>10 24</Tx>
			<Rx>11 12</Rx>
			<Rx>13 14</Rx>
			<Rx>15 16</Rx>
			<Rx>17 16</Rx>
			<Rx>17 18</Rx>
			<Rx>18 19</Rx>
			<Rx>20 21</Rx>
			<Rx>22 23</Rx>
		</Measure>
		<Measure>
			<Tx>11 25</Tx>
			<Rx>12 13</Rx>
			<Rx>14 15</Rx>
			<Rx>17 16</Rx>
			<Rx>18 19</Rx>
			<Rx>19 20</Rx>
			<Rx>21 22</Rx>
			<Rx>23 24</Rx>
		</Measure>
		<Measure>
			<Tx>12 26</Tx>
			<Rx>13 14</Rx>
			<Rx>15 16</Rx>
			<Rx>18 19</Rx>
			<Rx>19 20</Rx>
			<Rx>20 21</Rx>
			<Rx>22 23</Rx>
			<Rx>24 25</Rx>
		</Measure>
		<Measure>
			<Tx>13 27</Tx>
			<Rx>14 15</Rx>
			<Rx>17 16</Rx>
			<Rx>18 19</Rx>
			<Rx>19 20</Rx>
			<Rx>20 21</Rx>
			<Rx>21 22</Rx>
			<Rx>23 24</Rx>
			<Rx>25 26</Rx>
		</Measure>
		<Measure>
			<Tx>14 28</Tx>
			<Rx>15 16</Rx>
			<Rx>17 18</Rx>
			<Rx>19 20</Rx>
			<Rx>20 21</Rx>
			<Rx>21 22</Rx>
			<Rx>24 25</Rx>
			<Rx>26 27</Rx>
		</Measure>
		<Measure>
			<Tx>17 59</Tx>
			<Rx>20 23</Rx>
			<Rx>29 32</Rx>
			<Rx>32 35</Rx>
			<Rx>35 38</Rx>
			<Rx>38 41</Rx>
			<Rx>41 44</Rx>
			<Rx>44 47</Rx>
			<Rx>53 56</Rx>
		</Measure>
		<Measure>
			<Tx>18 60</Tx>
			<Rx>21 24</Rx>
			<Rx>30 33</Rx>
			<Rx>33 36</Rx>
			<Rx>36 39</Rx>
			<Rx>39 42</Rx>
			<Rx>42 45</Rx>
			<Rx>45 48</Rx>
			<Rx>54 57</Rx>
		</Measure>
		<Measure>
			<Tx>19 61</Tx>
			<Rx>22 25</Rx>
			<Rx>31 34</Rx>
			<Rx>34 37</Rx>
			<Rx>37 40</Rx>
			<Rx>40 43</Rx>
			<Rx>43 46</Rx>
			<Rx>46 49</Rx>
			<Rx>55 58</Rx>
		</Measure>
		<Measure>
			<Tx>43 57</Tx>
			<Rx>44 45</Rx>
			<Rx>46 47</Rx>
			<Rx>48 49</Rx>
			<Rx>49 50</Rx>
			<Rx>50 51</Rx>
			<Rx>51 52</Rx>
			<Rx>53 54</Rx>
			<Rx>55 56</Rx>
		</Measure>
		<Measure>
			<Tx>20 62</Tx>
			<Rx>23 26</Rx>
			<Rx>32 35</Rx>
			<Rx>35 38</Rx>
			<Rx>38 41</Rx>
			<Rx>41 44</Rx>
			<Rx>44 47</Rx>
			<Rx>47 50</Rx>
			<Rx>56 59</Rx>
		</Measure>
		<Measure>
			<Tx>36 50</Tx>
			<Rx>37 38</Rx>
			<Rx>39 40</Rx>
			<Rx>41 42</Rx>
			<Rx>42 43</Rx>
			<Rx>43 44</Rx>
			<Rx>44 45</Rx>
			<Rx>46 47</Rx>
			<Rx>48 49</Rx>
		</Measure>
		<Measure>
			<Tx>29 57</Tx>
			<Rx>37 39</Rx>
			<Rx>39 41</Rx>
			<Rx>45 47</Rx>
			<Rx>47 49</Rx>
		</Measure>
		<Measure>
			<Tx>30 58</Tx>
			<Rx>38 40</Rx>
			<Rx>40 42</Rx>
			<Rx>46 48</Rx>
			<Rx>48 50</Rx>
		</Measure>
		<Measure>
			<Tx>31 59</Tx>
			<Rx>39 41</Rx>
			<Rx>41 43</Rx>
			<Rx>47 49</Rx>
			<Rx>49 51</Rx>
		</Measure>
		<Measure>
			<Tx>32 60</Tx>
			<Rx>40 42</Rx>
			<Rx>42 44</Rx>
			<Rx>48 50</Rx>
			<Rx>50 52</Rx>
		</Measure>
		<Measure>
			<Tx>33 61</Tx>
			<Rx>41 43</Rx>
			<Rx>43 45</Rx>
			<Rx>49 51</Rx>
			<Rx>51 53</Rx>
		</Measure>
		<Measure>
			<Tx>38 52</Tx>
			<Rx>39 40</Rx>
			<Rx>41 42</Rx>
			<Rx>43 44</Rx>
			<Rx>44 45</Rx>
			<Rx>45 46</Rx>
			<Rx>46 47</Rx>
			<Rx>48 49</Rx>
			<Rx>50 51</Rx>
		</Measure>
		<Measure>
			<Tx>35 63</Tx>
			<Rx>43 45</Rx>
			<Rx>45 47</Rx>
			<Rx>51 53</Rx>
			<Rx>53 55</Rx>
		</Measure>
		<Measure>
			<Tx>37 51</Tx>
			<Rx>38 39</Rx>
			<Rx>40 41</Rx>
			<Rx>42 43</Rx>
			<Rx>43 44</Rx>
			<Rx>44 45</Rx>
			<Rx>45 46</Rx>
			<Rx>47 48</Rx>
			<Rx>49 50</Rx>
		</Measure>
		<Measure>
			<Tx>36 64</Tx>
			<Rx>44 46</Rx>
			<Rx>46 48</Rx>
			<Rx>52 54</Rx>
			<Rx>54 56</Rx>
		</Measure>
		<Measure>
			<Tx>39 53</Tx>
			<Rx>40 41</Rx>
			<Rx>42 43</Rx>
			<Rx>44 45</Rx>
			<Rx>45 46</Rx>
			<Rx>46 47</Rx>
			<Rx>47 48</Rx>
			<Rx>49 50</Rx>
			<Rx>51 52</Rx>
		</Measure>
		<Measure>
			<Tx>34 62</Tx>
			<Rx>42 44</Rx>
			<Rx>44 46</Rx>
			<Rx>50 52</Rx>
			<Rx>52 54</Rx>
		</Measure>
		<Measure>
			<Tx>46 60</Tx>
			<Rx>47 48</Rx>
			<Rx>49 50</Rx>
			<Rx>51 52</Rx>
			<Rx>52 53</Rx>
			<Rx>53 54</Rx>
			<Rx>54 55</Rx>
			<Rx>56 57</Rx>
			<Rx>58 59</Rx>
		</Measure>
		<Measure>
			<Tx>21 49</Tx>
			<Rx>29 31</Rx>
			<Rx>31 33</Rx>
			<Rx>37 39</Rx>
			<Rx>39 41</Rx>
		</Measure>
		<Measure>
			<Tx>22 50</Tx>
			<Rx>30 32</Rx>
			<Rx>32 34</Rx>
			<Rx>38 40</Rx>
			<Rx>40 42</Rx>
		</Measure>
		<Measure>
			<Tx>23 51</Tx>
			<Rx>31 33</Rx>
			<Rx>33 35</Rx>
			<Rx>39 41</Rx>
			<Rx>41 43</Rx>
		</Measure>
		<Measure>
			<Tx>24 52</Tx>
			<Rx>32 34</Rx>
			<Rx>34 36</Rx>
			<Rx>40 42</Rx>
			<Rx>42 44</Rx>
		</Measure>
		<Measure>
			<Tx>25 53</Tx>
			<Rx>33 35</Rx>
			<Rx>35 37</Rx>
			<Rx>41 43</Rx>
			<Rx>43 45</Rx>
		</Measure>
		<Measure>
			<Tx>26 54</Tx>
			<Rx>34 36</Rx>
			<Rx>36 38</Rx>
			<Rx>42 44</Rx>
			<Rx>44 46</Rx>
		</Measure>
		<Measure>
			<Tx>40 54</Tx>
			<Rx>41 42</Rx>
			<Rx>43 44</Rx>
			<Rx>45 46</Rx>
			<Rx>46 47</Rx>
			<Rx>47 48</Rx>
			<Rx>48 49</Rx>
			<Rx>50 51</Rx>
			<Rx>52 53</Rx>
		</Measure>
		<Measure>
			<Tx>27 55</Tx>
			<Rx>35 37</Rx>
			<Rx>37 39</Rx>
			<Rx>43 45</Rx>
			<Rx>45 47</Rx>
		</Measure>
		<Measure>
			<Tx>29 43</Tx>
			<Rx>30 31</Rx>
			<Rx>32 33</Rx>
			<Rx>34 35</Rx>
			<Rx>35 36</Rx>
			<Rx>36 37</Rx>
			<Rx>37 38</Rx>
			<Rx>39 40</Rx>
			<Rx>41 42</Rx>
		</Measure>
		<Measure>
			<Tx>20 48</Tx>
			<Rx>28 30</Rx>
			<Rx>30 32</Rx>
			<Rx>36 38</Rx>
			<Rx>38 40</Rx>
		</Measure>
		<Measure>
			<Tx>30 44</Tx>
			<Rx>31 32</Rx>
			<Rx>33 34</Rx>
			<Rx>35 36</Rx>
			<Rx>36 37</Rx>
			<Rx>37 38</Rx>
			<Rx>38 39</Rx>
			<Rx>40 41</Rx>
			<Rx>42 43</Rx>
		</Measure>
		<Measure>
			<Tx>22 64</Tx>
			<Rx>25 28</Rx>
			<Rx>34 37</Rx>
			<Rx>37 40</Rx>
			<Rx>40 43</Rx>
			<Rx>43 46</Rx>
			<Rx>46 49</Rx>
			<Rx>49 52</Rx>
			<Rx>58 61</Rx>
		</Measure>
		<Measure>
			<Tx>17 31</Tx>
			<Rx>18 19</Rx>
			<Rx>20 21</Rx>
			<Rx>23 24</Rx>
			<Rx>24 25</Rx>
			<Rx>25 26</Rx>
			<Rx>27 28</Rx>
			<Rx>29 30</Rx>
		</Measure>
		<Measure>
			<Tx>31 45</Tx>
			<Rx>32 33</Rx>
			<Rx>34 35</Rx>
			<Rx>36 37</Rx>
			<Rx>37 38</Rx>
			<Rx>38 39</Rx>
			<Rx>39 40</Rx>
			<Rx>41 42</Rx>
			<Rx>43 44</Rx>
		</Measure>
		<Measure>
			<Tx>47 61</Tx>
			<Rx>48 49</Rx>
			<Rx>50 51</Rx>
			<Rx>52 53</Rx>
			<Rx>53 54</Rx>
			<Rx>54 55</Rx>
			<Rx>55 56</Rx>
			<Rx>57 58</Rx>
			<Rx>59 60</Rx>
		</Measure>
		<Measure>
			<Tx>18 32</Tx>
			<Rx>19 20</Rx>
			<Rx>21 22</Rx>
			<Rx>23 24</Rx>
			<Rx>24 25</Rx>
			<Rx>25 26</Rx>
			<Rx>26 27</Rx>
			<Rx>28 29</Rx>
			<Rx>30 31</Rx>
		</Measure>
		<Measure>
			<Tx>32 46</Tx>
			<Rx>33 34</Rx>
			<Rx>35 36</Rx>
			<Rx>37 38</Rx>
			<Rx>38 39</Rx>
			<Rx>39 40</Rx>
			<Rx>40 41</Rx>
			<Rx>42 43</Rx>
			<Rx>44 45</Rx>
		</Measure>
		<Measure>
			<Tx>19 47</Tx>
			<Rx>27 29</Rx>
			<Rx>29 31</Rx>
			<Rx>35 37</Rx>
			<Rx>37 39</Rx>
		</Measure>
		<Measure>
			<Tx>19 33</Tx>
			<Rx>20 21</Rx>
			<Rx>22 23</Rx>
			<Rx>24 25</Rx>
			<Rx>25 26</Rx>
			<Rx>26 27</Rx>
			<Rx>27 28</Rx>
			<Rx>29 30</Rx>
			<Rx>31 32</Rx>
		</Measure>
		<Measure>
			<Tx>33 47</Tx>
			<Rx>34 35</Rx>
			<Rx>36 37</Rx>
			<Rx>38 39</Rx>
			<Rx>39 40</Rx>
			<Rx>40 41</Rx>
			<Rx>41 42</Rx>
			<Rx>43 44</Rx>
			<Rx>45 46</Rx>
		</Measure>
		<Measure>
			<Tx>48 62</Tx>
			<Rx>49 50</Rx>
			<Rx>51 52</Rx>
			<Rx>53 54</Rx>
			<Rx>54 55</Rx>
			<Rx>55 56</Rx>
			<Rx>56 57</Rx>
			<Rx>58 59</Rx>
			<Rx>60 61</Rx>
		</Measure>
		<Measure>
			<Tx>20 34</Tx>
			<Rx>21 22</Rx>
			<Rx>23 24</Rx>
			<Rx>25 26</Rx>
			<Rx>26 27</Rx>
			<Rx>27 28</Rx>
			<Rx>28 29</Rx>
			<Rx>30 31</Rx>
			<Rx>32 33</Rx>
		</Measure>
		<Measure>
			<Tx>34 48</Tx>
			<Rx>35 36</Rx>
			<Rx>37 38</Rx>
			<Rx>39 40</Rx>
			<Rx>40 41</Rx>
			<Rx>41 42</Rx>
			<Rx>42 43</Rx>
			<Rx>44 45</Rx>
			<Rx>46 47</Rx>
		</Measure>
		<Measure>
			<Tx>49 63</Tx>
			<Rx>50 51</Rx>
			<Rx>52 53</Rx>
			<Rx>54 55</Rx>
			<Rx>55 56</Rx>
			<Rx>56 57</Rx>
			<Rx>57 58</Rx>
			<Rx>59 60</Rx>
			<Rx>61 62</Rx>
		</Measure>
		<Measure>
			<Tx>35 49</Tx>
			<Rx>36 37</Rx>
			<Rx>38 39</Rx>
			<Rx>40 41</Rx>
			<Rx>41 42</Rx>
			<Rx>42 43</Rx>
			<Rx>43 44</Rx>
			<Rx>45 46</Rx>
			<Rx>47 48</Rx>
		</Measure>
		<Measure>
			<Tx>21 35</Tx>
			<Rx>22 23</Rx>
			<Rx>24 25</Rx>
			<Rx>26 27</Rx>
			<Rx>27 28</Rx>
			<Rx>28 29</Rx>
			<Rx>29 30</Rx>
			<Rx>31 32</Rx>
			<Rx>33 34</Rx>
		</Measure>
		<Measure>
			<Tx>18 46</Tx>
			<Rx>26 28</Rx>
			<Rx>28 30</Rx>
			<Rx>34 36</Rx>
			<Rx>36 38</Rx>
		</Measure>
		<Measure>
			<Tx>22 36</Tx>
			<Rx>23 24</Rx>
			<Rx>25 26</Rx>
			<Rx>27 28</Rx>
			<Rx>28 29</Rx>
			<Rx>29 30</Rx>
			<Rx>30 31</Rx>
			<Rx>32 33</Rx>
			<Rx>34 35</Rx>
		</Measure>
		<Measure>
			<Tx>50 64</Tx>
			<Rx>51 52</Rx>
			<Rx>53 54</Rx>
			<Rx>55 56</Rx>
			<Rx>56 57</Rx>
			<Rx>57 58</Rx>
			<Rx>58 59</Rx>
			<Rx>60 61</Rx>
			<Rx>62 63</Rx>
		</Measure>
		<Measure>
			<Tx>17 45</Tx>
			<Rx>25 27</Rx>
			<Rx>27 29</Rx>
			<Rx>33 35</Rx>
			<Rx>35 37</Rx>
		</Measure>
		<Measure>
			<Tx>23 37</Tx>
			<Rx>24 25</Rx>
			<Rx>26 27</Rx>
			<Rx>28 29</Rx>
			<Rx>29 30</Rx>
			<Rx>30 31</Rx>
			<Rx>31 32</Rx>
			<Rx>33 34</Rx>
			<Rx>35 36</Rx>
		</Measure>
		<Measure>
			<Tx>21 63</Tx>
			<Rx>24 27</Rx>
			<Rx>33 36</Rx>
			<Rx>36 39</Rx>
			<Rx>39 42</Rx>
			<Rx>42 45</Rx>
			<Rx>45 48</Rx>
			<Rx>48 51</Rx>
			<Rx>57 60</Rx>
		</Measure>
		<Measure>
			<Tx>24 38</Tx>
			<Rx>25 26</Rx>
			<Rx>27 28</Rx>
			<Rx>29 30</Rx>
			<Rx>30 31</Rx>
			<Rx>31 32</Rx>
			<Rx>32 33</Rx>
			<Rx>34 35</Rx>
			<Rx>36 37</Rx>
		</Measure>
		<Measure>
			<Tx>45 59</Tx>
			<Rx>46 47</Rx>
			<Rx>48 49</Rx>
			<Rx>50 51</Rx>
			<Rx>51 52</Rx>
			<Rx>52 53</Rx>
			<Rx>53 54</Rx>
			<Rx>55 56</Rx>
			<Rx>57 58</Rx>
		</Measure>
		<Measure>
			<Tx>25 39</Tx>
			<Rx>26 27</Rx>
			<Rx>28 29</Rx>
			<Rx>30 31</Rx>
			<Rx>31 32</Rx>
			<Rx>32 33</Rx>
			<Rx>33 34</Rx>
			<Rx>35 36</Rx>
			<Rx>37 38</Rx>
		</Measure>
		<Measure>
			<Tx>28 56</Tx>
			<Rx>36 38</Rx>
			<Rx>38 40</Rx>
			<Rx>44 46</Rx>
			<Rx>46 48</Rx>
		</Measure>
		<Measure>
			<Tx>26 40</Tx>
			<Rx>27 28</Rx>
			<Rx>29 30</Rx>
			<Rx>31 32</Rx>
			<Rx>32 33</Rx>
			<Rx>33 34</Rx>
			<Rx>34 35</Rx>
			<Rx>36 37</Rx>
			<Rx>38 39</Rx>
		</Measure>
		<Measure>
			<Tx>41 55</Tx>
			<Rx>42 43</Rx>
			<Rx>44 45</Rx>
			<Rx>46 47</Rx>
			<Rx>47 48</Rx>
			<Rx>48 49</Rx>
			<Rx>49 50</Rx>
			<Rx>51 52</Rx>
			<Rx>53 54</Rx>
		</Measure>
		<Measure>
			<Tx>27 41</Tx>
			<Rx>28 29</Rx>
			<Rx>30 31</Rx>
			<Rx>32 33</Rx>
			<Rx>33 34</Rx>
			<Rx>34 35</Rx>
			<Rx>35 36</Rx>
			<Rx>37 38</Rx>
			<Rx>39 40</Rx>
		</Measure>
		<Measure>
			<Tx>44 58</Tx>
			<Rx>45 46</Rx>
			<Rx>47 48</Rx>
			<Rx>49 50</Rx>
			<Rx>50 51</Rx>
			<Rx>51 52</Rx>
			<Rx>52 53</Rx>
			<Rx>54 55</Rx>
			<Rx>56 57</Rx>
		</Measure>
		<Measure>
			<Tx>28 42</Tx>
			<Rx>29 30</Rx>
			<Rx>31 32</Rx>
			<Rx>33 34</Rx>
			<Rx>34 35</Rx>
			<Rx>35 36</Rx>
			<Rx>36 37</Rx>
			<Rx>38 39</Rx>
			<Rx>40 41</Rx>
		</Measure>
		<Measure>
			<Tx>42 56</Tx>
			<Rx>43 44</Rx>
			<Rx>45 46</Rx>
			<Rx>47 48</Rx>
			<Rx>48 49</Rx>
			<Rx>49 50</Rx>
			<Rx>50 51</Rx>
			<Rx>52 53</Rx>
			<Rx>54 55</Rx>
		</Measure>
	</Sequence>
</Protocol>