<?xml version="1.0" encoding="UTF-8" ?>
<Spread>
<Name> 4X16 </Name>
<Description> Spread consisting of 4 x 16 take-out cables (no electrodes overlapping). </Description>

<CreateStation>
  <Name> 4 cables no move </Name>
  <X> 0 </X>
</CreateStation>

<CreateStation>
  <Name> 1 cable forward </Name>
  <X> 16 </X>
</CreateStation>

<CreateStation>
  <Name> 1 cable backwards </Name>
  <X> -16 </X>
</CreateStation>

<Rollalong>  // Kept for compatibility with older versions of Terrameter LS instrument software
<X> 16 </X>
<Y> 0 </Y>
</Rollalong>

<Cable>
<Name> 1 </Name>
<Electrode>
<Id> 1 </Id>
<X> 0 </X>
<Name> 1-1 </Name>
<SwitchAddress> 17 </SwitchAddress>
</Electrode>

<Electrode>
<Id> 2 </Id>
<X> 1 </X>
<Name> 1-2 </Name>
<SwitchAddress> 18 </SwitchAddress>
</Electrode>

<Electrode>
<Id> 3 </Id>
<X> 2 </X>
<Name> 1-3 </Name>
<SwitchAddress> 19 </SwitchAddress>
</Electrode>

<Electrode>
<Id> 4 </Id>
<X> 3 </X>
<Name> 1-4 </Name>
<SwitchAddress> 20 </SwitchAddress>
</Electrode>

<Electrode>
<Id> 5 </Id>
<X> 4 </X>
<Name> 1-5 </Name>
<SwitchAddress> 21 </SwitchAddress>
</Electrode>

<Electrode>
<Id> 6 </Id>
<X> 5 </X>
<Name> 1-6 </Name>
<SwitchAddress> 22 </SwitchAddress>
</Electrode>

<Electrode>
<Id> 7 </Id>
<X> 6 </X>
<Name> 1-7 </Name>
<SwitchAddress> 23 </SwitchAddress>
</Electrode>

<Electrode>
<Id> 8 </Id>
<X> 7 </X>
<Name> 1-8 </Name>
<SwitchAddress> 24 </SwitchAddress>
</Electrode>

<Electrode>
<Id> 9 </Id>
<X> 8 </X>
<Name> 1-9 </Name>
<SwitchAddress> 25 </SwitchAddress>
</Electrode>

<Electrode>
<Id> 10 </Id>
<X> 9 </X>
<Name> 1-10 </Name>
<SwitchAddress> 26 </SwitchAddress>
</Electrode>

<Electrode>
<Id> 11 </Id>
<X> 10 </X>
<Name> 1-11 </Name>
<SwitchAddress> 27 </SwitchAddress>
</Electrode>

<Electrode>
<Id> 12 </Id>
<X> 11 </X>
<Name> 1-12 </Name>
<SwitchAddress> 28 </SwitchAddress>
</Electrode>

<Electrode>
<Id> 13 </Id>
<X> 12 </X>
<Name> 1-13 </Name>
<SwitchAddress> 29 </SwitchAddress>
</Electrode>

<Electrode>
<Id> 14 </Id>
<X> 13 </X>
<Name> 1-14 </Name>
<SwitchAddress> 30 </SwitchAddress>
</Electrode>

<Electrode>
<Id> 15 </Id>
<X> 14 </X>
<Name> 1-15 </Name>
<SwitchAddress> 31 </SwitchAddress>
</Electrode>

<Electrode>
<Id> 16 </Id>
<X> 15 </X>
<Name> 1-16 </Name>
<SwitchAddress> 32 </SwitchAddress>
</Electrode>

</Cable>
<Cable>
<Name> 2 </Name>
<Electrode>
<Id> 17 </Id>
<X> 16 </X>
<Name> 2-1 </Name>
<SwitchAddress> 1 </SwitchAddress>
</Electrode>

<Electrode>
<Id> 18 </Id>
<X> 17 </X>
<Name> 2-2 </Name>
<SwitchAddress> 2 </SwitchAddress>
</Electrode>

<Electrode>
<Id> 19 </Id>
<X> 18 </X>
<Name> 2-3 </Name>
<SwitchAddress> 3 </SwitchAddress>
</Electrode>

<Electrode>
<Id> 20 </Id>
<X> 19 </X>
<Name> 2-4 </Name>
<SwitchAddress> 4 </SwitchAddress>
</Electrode>

<Electrode>
<Id> 21 </Id>
<X> 20 </X>
<Name> 2-5 </Name>
<SwitchAddress> 5 </SwitchAddress>
</Electrode>

<Electrode>
<Id> 22 </Id>
<X> 21 </X>
<Name> 2-6 </Name>
<SwitchAddress> 6 </SwitchAddress>
</Electrode>

<Electrode>
<Id> 23 </Id>
<X> 22 </X>
<Name> 2-7 </Name>
<SwitchAddress> 7 </SwitchAddress>
</Electrode>

<Electrode>
<Id> 24 </Id>
<X> 23 </X>
<Name> 2-8 </Name>
<SwitchAddress> 8 </SwitchAddress>
</Electrode>

<Electrode>
<Id> 25 </Id>
<X> 24 </X>
<Name> 2-9 </Name>
<SwitchAddress> 9 </SwitchAddress>
</Electrode>

<Electrode>
<Id> 26 </Id>
<X> 25 </X>
<Name> 2-10 </Name>
<SwitchAddress> 10 </SwitchAddress>
</Electrode>

<Electrode>
<Id> 27 </Id>
<X> 26 </X>
<Name> 2-11 </Name>
<SwitchAddress> 11 </SwitchAddress>
</Electrode>

<Electrode>
<Id> 28 </Id>
<X> 27 </X>
<Name> 2-12 </Name>
<SwitchAddress> 12 </SwitchAddress>
</Electrode>

<Electrode>
<Id> 29 </Id>
<X> 28 </X>
<Name> 2-13 </Name>
<SwitchAddress> 13 </SwitchAddress>
</Electrode>

<Electrode>
<Id> 30 </Id>
<X> 29 </X>
<Name> 2-14 </Name>
<SwitchAddress> 14 </SwitchAddress>
</Electrode>

<Electrode>
<Id> 31 </Id>
<X> 30 </X>
<Name> 2-15 </Name>
<SwitchAddress> 15 </SwitchAddress>
</Electrode>

<Electrode>
<Id> 32 </Id>
<X> 31 </X>
<Name> 2-16 </Name>
<SwitchAddress> 16 </SwitchAddress>
</Electrode>

</Cable>
<Cable>
<Name> 3 </Name>
<Electrode>
<Id> 33 </Id>
<X> 32 </X>
<Name> 3-1 </Name>
<SwitchAddress> 33 </SwitchAddress>
</Electrode>

<Electrode>
<Id> 34 </Id>
<X> 33 </X>
<Name> 3-2 </Name>
<SwitchAddress> 34 </SwitchAddress>
</Electrode>

<Electrode>
<Id> 35 </Id>
<X> 34 </X>
<Name> 3-3 </Name>
<SwitchAddress> 35 </SwitchAddress>
</Electrode>

<Electrode>
<Id> 36 </Id>
<X> 35 </X>
<Name> 3-4 </Name>
<SwitchAddress> 36 </SwitchAddress>
</Electrode>

<Electrode>
<Id> 37 </Id>
<X> 36 </X>
<Name> 3-5 </Name>
<SwitchAddress> 37 </SwitchAddress>
</Electrode>

<Electrode>
<Id> 38 </Id>
<X> 37 </X>
<Name> 3-6 </Name>
<SwitchAddress> 38 </SwitchAddress>
</Electrode>

<Electrode>
<Id> 39 </Id>
<X> 38 </X>
<Name> 3-7 </Name>
<SwitchAddress> 39 </SwitchAddress>
</Electrode>

<Electrode>
<Id> 40 </Id>
<X> 39 </X>
<Name> 3-8 </Name>
<SwitchAddress> 40 </SwitchAddress>
</Electrode>

<Electrode>
<Id> 41 </Id>
<X> 40 </X>
<Name> 3-9 </Name>
<SwitchAddress> 41 </SwitchAddress>
</Electrode>

<Electrode>
<Id> 42 </Id>
<X> 41 </X>
<Name> 3-10 </Name>
<SwitchAddress> 42 </SwitchAddress>
</Electrode>

<Electrode>
<Id> 43 </Id>
<X> 42 </X>
<Name> 3-11 </Name>
<SwitchAddress> 43 </SwitchAddress>
</Electrode>

<Electrode>
<Id> 44 </Id>
<X> 43 </X>
<Name> 3-12 </Name>
<SwitchAddress> 44 </SwitchAddress>
</Electrode>

<Electrode>
<Id> 45 </Id>
<X> 44 </X>
<Name> 3-13 </Name>
<SwitchAddress> 45 </SwitchAddress>
</Electrode>

<Electrode>
<Id> 46 </Id>
<X> 45 </X>
<Name> 3-14 </Name>
<SwitchAddress> 46 </SwitchAddress>
</Electrode>

<Electrode>
<Id> 47 </Id>
<X> 46 </X>
<Name> 3-15 </Name>
<SwitchAddress> 47 </SwitchAddress>
</Electrode>

<Electrode>
<Id> 48 </Id>
<X> 47 </X>
<Name> 3-16 </Name>
<SwitchAddress> 48 </SwitchAddress>
</Electrode>

</Cable>
<Cable>
<Name> 4 </Name>
<Electrode>
<Id> 49 </Id>
<X> 48 </X>
<Name> 4-1 </Name>
<SwitchAddress> 49 </SwitchAddress>
</Electrode>

<Electrode>
<Id> 50 </Id>
<X> 49 </X>
<Name> 4-2 </Name>
<SwitchAddress> 50 </SwitchAddress>
</Electrode>

<Electrode>
<Id> 51 </Id>
<X> 50 </X>
<Name> 4-3 </Name>
<SwitchAddress> 51 </SwitchAddress>
</Electrode>

<Electrode>
<Id> 52 </Id>
<X> 51 </X>
<Name> 4-4 </Name>
<SwitchAddress> 52 </SwitchAddress>
</Electrode>

<Electrode>
<Id> 53 </Id>
<X> 52 </X>
<Name> 4-5 </Name>
<SwitchAddress> 53 </SwitchAddress>
</Electrode>

<Electrode>
<Id> 54 </Id>
<X> 53 </X>
<Name> 4-6 </Name>
<SwitchAddress> 54 </SwitchAddress>
</Electrode>

<Electrode>
<Id> 55 </Id>
<X> 54 </X>
<Name> 4-7 </Name>
<SwitchAddress> 55 </SwitchAddress>
</Electrode>

<Electrode>
<Id> 56 </Id>
<X> 55 </X>
<Name> 4-8 </Name>
<SwitchAddress> 56 </SwitchAddress>
</Electrode>

<Electrode>
<Id> 57 </Id>
<X> 56 </X>
<Name> 4-9 </Name>
<SwitchAddress> 57 </SwitchAddress>
</Electrode>

<Electrode>
<Id> 58 </Id>
<X> 57 </X>
<Name> 4-10 </Name>
<SwitchAddress> 58 </SwitchAddress>
</Electrode>

<Electrode>
<Id> 59 </Id>
<X> 58 </X>
<Name> 4-11 </Name>
<SwitchAddress> 59 </SwitchAddress>
</Electrode>

<Electrode>
<Id> 60 </Id>
<X> 59 </X>
<Name> 4-12 </Name>
<SwitchAddress> 60 </SwitchAddress>
</Electrode>

<Electrode>
<Id> 61 </Id>
<X> 60 </X>
<Name> 4-13 </Name>
<SwitchAddress> 61 </SwitchAddress>
</Electrode>

<Electrode>
<Id> 62 </Id>
<X> 61 </X>
<Name> 4-14 </Name>
<SwitchAddress> 62 </SwitchAddress>
</Electrode>

<Electrode>
<Id> 63 </Id>
<X> 62 </X>
<Name> 4-15 </Name>
<SwitchAddress> 63 </SwitchAddress>
</Electrode>

<Electrode>
<Id> 64 </Id>
<X> 63 </X>
<Name> 4-16 </Name>
<SwitchAddress> 64 </SwitchAddress>
</Electrode>

</Cable>
</Spread>
