<?xml version="1.0" encoding="UTF-8" ?>
<Protocol>
<Name> DipoleDipole </Name>
<Description> Dipole-dipole measuring on spread with 64 electrodes </Description>
<Arraycode> 3 </Arraycode>
<SpreadFile> 4X16.xml </SpreadFile>
<SpreadFile> 2X32increasing.xml </SpreadFile>
<SpreadFile> 2X32mirrored.xml </SpreadFile>

<Sequence>

<Measure>
<Tx> 64 58 </Tx>
<Rx>
46 52
</Rx>
<Rx>
40 46
</Rx>
<Rx>
34 40
</Rx>
<Rx>
28 34
</Rx>
<Rx>
22 28
</Rx>
<Rx>
16 22
</Rx>
<Rx>
10 16
</Rx>
<Rx>
4 10
</Rx>
</Measure>

<Measure>
<Tx> 64 59 </Tx>
<Rx>
49 54
</Rx>
<Rx>
44 49
</Rx>
<Rx>
39 44
</Rx>
<Rx>
34 39
</Rx>
<Rx>
29 34
</Rx>
<Rx>
24 29
</Rx>
<Rx>
19 24
</Rx>
<Rx>
14 19
</Rx>
</Measure>

<Measure>
<Tx> 64 60 </Tx>
<Rx>
52 56
</Rx>
<Rx>
48 52
</Rx>
<Rx>
44 48
</Rx>
<Rx>
40 44
</Rx>
<Rx>
36 40
</Rx>
<Rx>
32 36
</Rx>
<Rx>
28 32
</Rx>
<Rx>
24 28
</Rx>
</Measure>

<Measure>
<Tx> 64 61 </Tx>
<Rx>
55 58
</Rx>
<Rx>
52 55
</Rx>
<Rx>
49 52
</Rx>
<Rx>
46 49
</Rx>
<Rx>
43 46
</Rx>
<Rx>
40 43
</Rx>
<Rx>
37 40
</Rx>
<Rx>
34 37
</Rx>
</Measure>

<Measure>
<Tx> 64 62 </Tx>
<Rx>
58 60
</Rx>
<Rx>
56 58
</Rx>
<Rx>
54 56
</Rx>
<Rx>
52 54
</Rx>
<Rx>
50 52
</Rx>
<Rx>
48 50
</Rx>
<Rx>
46 48
</Rx>
<Rx>
44 46
</Rx>
</Measure>

<Measure>
<Tx> 64 63 </Tx>
<Rx>
61 62
</Rx>
<Rx>
60 61
</Rx>
<Rx>
59 60
</Rx>
<Rx>
58 59
</Rx>
<Rx>
57 58
</Rx>
<Rx>
56 57
</Rx>
<Rx>
55 56
</Rx>
<Rx>
54 55
</Rx>
</Measure>

<Measure>
<Tx> 63 57 </Tx>
<Rx>
45 51
</Rx>
<Rx>
39 45
</Rx>
<Rx>
33 39
</Rx>
<Rx>
27 33
</Rx>
<Rx>
21 27
</Rx>
<Rx>
15 21
</Rx>
<Rx>
9 15
</Rx>
<Rx>
3 9
</Rx>
</Measure>

<Measure>
<Tx> 63 58 </Tx>
<Rx>
48 53
</Rx>
<Rx>
43 48
</Rx>
<Rx>
38 43
</Rx>
<Rx>
33 38
</Rx>
<Rx>
28 33
</Rx>
<Rx>
23 28
</Rx>
<Rx>
18 23
</Rx>
<Rx>
13 18
</Rx>
</Measure>

<Measure>
<Tx> 63 59 </Tx>
<Rx>
51 55
</Rx>
<Rx>
47 51
</Rx>
<Rx>
43 47
</Rx>
<Rx>
39 43
</Rx>
<Rx>
35 39
</Rx>
<Rx>
31 35
</Rx>
<Rx>
27 31
</Rx>
<Rx>
23 27
</Rx>
</Measure>

<Measure>
<Tx> 63 60 </Tx>
<Rx>
54 57
</Rx>
<Rx>
51 54
</Rx>
<Rx>
48 51
</Rx>
<Rx>
45 48
</Rx>
<Rx>
42 45
</Rx>
<Rx>
39 42
</Rx>
<Rx>
36 39
</Rx>
<Rx>
33 36
</Rx>
</Measure>

<Measure>
<Tx> 63 61 </Tx>
<Rx>
57 59
</Rx>
<Rx>
55 57
</Rx>
<Rx>
53 55
</Rx>
<Rx>
51 53
</Rx>
<Rx>
49 51
</Rx>
<Rx>
47 49
</Rx>
<Rx>
45 47
</Rx>
<Rx>
43 45
</Rx>
</Measure>

<Measure>
<Tx> 63 62 </Tx>
<Rx>
60 61
</Rx>
<Rx>
59 60
</Rx>
<Rx>
58 59
</Rx>
<Rx>
57 58
</Rx>
<Rx>
56 57
</Rx>
<Rx>
55 56
</Rx>
<Rx>
54 55
</Rx>
<Rx>
53 54
</Rx>
</Measure>

<Measure>
<Tx> 62 56 </Tx>
<Rx>
44 50
</Rx>
<Rx>
38 44
</Rx>
<Rx>
32 38
</Rx>
<Rx>
26 32
</Rx>
<Rx>
20 26
</Rx>
<Rx>
14 20
</Rx>
<Rx>
8 14
</Rx>
<Rx>
2 8
</Rx>
</Measure>

<Measure>
<Tx> 62 57 </Tx>
<Rx>
47 52
</Rx>
<Rx>
42 47
</Rx>
<Rx>
37 42
</Rx>
<Rx>
32 37
</Rx>
<Rx>
27 32
</Rx>
<Rx>
22 27
</Rx>
<Rx>
17 22
</Rx>
<Rx>
12 17
</Rx>
</Measure>

<Measure>
<Tx> 62 58 </Tx>
<Rx>
50 54
</Rx>
<Rx>
46 50
</Rx>
<Rx>
42 46
</Rx>
<Rx>
38 42
</Rx>
<Rx>
34 38
</Rx>
<Rx>
30 34
</Rx>
<Rx>
26 30
</Rx>
<Rx>
22 26
</Rx>
</Measure>

<Measure>
<Tx> 62 59 </Tx>
<Rx>
53 56
</Rx>
<Rx>
50 53
</Rx>
<Rx>
47 50
</Rx>
<Rx>
44 47
</Rx>
<Rx>
41 44
</Rx>
<Rx>
38 41
</Rx>
<Rx>
35 38
</Rx>
<Rx>
32 35
</Rx>
</Measure>

<Measure>
<Tx> 62 60 </Tx>
<Rx>
56 58
</Rx>
<Rx>
54 56
</Rx>
<Rx>
52 54
</Rx>
<Rx>
50 52
</Rx>
<Rx>
48 50
</Rx>
<Rx>
46 48
</Rx>
<Rx>
44 46
</Rx>
<Rx>
42 44
</Rx>
</Measure>

<Measure>
<Tx> 62 61 </Tx>
<Rx>
59 60
</Rx>
<Rx>
58 59
</Rx>
<Rx>
57 58
</Rx>
<Rx>
56 57
</Rx>
<Rx>
55 56
</Rx>
<Rx>
54 55
</Rx>
<Rx>
53 54
</Rx>
<Rx>
52 53
</Rx>
</Measure>

<Measure>
<Tx> 61 55 </Tx>
<Rx>
43 49
</Rx>
<Rx>
37 43
</Rx>
<Rx>
31 37
</Rx>
<Rx>
25 31
</Rx>
<Rx>
19 25
</Rx>
<Rx>
13 19
</Rx>
<Rx>
7 13
</Rx>
<Rx>
1 7
</Rx>
</Measure>

<Measure>
<Tx> 61 56 </Tx>
<Rx>
46 51
</Rx>
<Rx>
41 46
</Rx>
<Rx>
36 41
</Rx>
<Rx>
31 36
</Rx>
<Rx>
26 31
</Rx>
<Rx>
21 26
</Rx>
<Rx>
16 21
</Rx>
<Rx>
11 16
</Rx>
</Measure>

<Measure>
<Tx> 61 57 </Tx>
<Rx>
49 53
</Rx>
<Rx>
45 49
</Rx>
<Rx>
41 45
</Rx>
<Rx>
37 41
</Rx>
<Rx>
33 37
</Rx>
<Rx>
29 33
</Rx>
<Rx>
25 29
</Rx>
<Rx>
21 25
</Rx>
</Measure>

<Measure>
<Tx> 61 58 </Tx>
<Rx>
52 55
</Rx>
<Rx>
49 52
</Rx>
<Rx>
46 49
</Rx>
<Rx>
43 46
</Rx>
<Rx>
40 43
</Rx>
<Rx>
37 40
</Rx>
<Rx>
34 37
</Rx>
<Rx>
31 34
</Rx>
</Measure>

<Measure>
<Tx> 61 59 </Tx>
<Rx>
55 57
</Rx>
<Rx>
53 55
</Rx>
<Rx>
51 53
</Rx>
<Rx>
49 51
</Rx>
<Rx>
47 49
</Rx>
<Rx>
45 47
</Rx>
<Rx>
43 45
</Rx>
<Rx>
41 43
</Rx>
</Measure>

<Measure>
<Tx> 61 60 </Tx>
<Rx>
58 59
</Rx>
<Rx>
57 58
</Rx>
<Rx>
56 57
</Rx>
<Rx>
55 56
</Rx>
<Rx>
54 55
</Rx>
<Rx>
53 54
</Rx>
<Rx>
52 53
</Rx>
<Rx>
51 52
</Rx>
</Measure>

<Measure>
<Tx> 60 54 </Tx>
<Rx>
42 48
</Rx>
<Rx>
36 42
</Rx>
<Rx>
30 36
</Rx>
<Rx>
24 30
</Rx>
<Rx>
18 24
</Rx>
<Rx>
12 18
</Rx>
<Rx>
6 12
</Rx>
</Measure>

<Measure>
<Tx> 60 55 </Tx>
<Rx>
45 50
</Rx>
<Rx>
40 45
</Rx>
<Rx>
35 40
</Rx>
<Rx>
30 35
</Rx>
<Rx>
25 30
</Rx>
<Rx>
20 25
</Rx>
<Rx>
15 20
</Rx>
<Rx>
10 15
</Rx>
</Measure>

<Measure>
<Tx> 60 56 </Tx>
<Rx>
48 52
</Rx>
<Rx>
44 48
</Rx>
<Rx>
40 44
</Rx>
<Rx>
36 40
</Rx>
<Rx>
32 36
</Rx>
<Rx>
28 32
</Rx>
<Rx>
24 28
</Rx>
<Rx>
20 24
</Rx>
</Measure>

<Measure>
<Tx> 60 57 </Tx>
<Rx>
51 54
</Rx>
<Rx>
48 51
</Rx>
<Rx>
45 48
</Rx>
<Rx>
42 45
</Rx>
<Rx>
39 42
</Rx>
<Rx>
36 39
</Rx>
<Rx>
33 36
</Rx>
<Rx>
30 33
</Rx>
</Measure>

<Measure>
<Tx> 60 58 </Tx>
<Rx>
54 56
</Rx>
<Rx>
52 54
</Rx>
<Rx>
50 52
</Rx>
<Rx>
48 50
</Rx>
<Rx>
46 48
</Rx>
<Rx>
44 46
</Rx>
<Rx>
42 44
</Rx>
<Rx>
40 42
</Rx>
</Measure>

<Measure>
<Tx> 60 59 </Tx>
<Rx>
57 58
</Rx>
<Rx>
56 57
</Rx>
<Rx>
55 56
</Rx>
<Rx>
54 55
</Rx>
<Rx>
53 54
</Rx>
<Rx>
52 53
</Rx>
<Rx>
51 52
</Rx>
<Rx>
50 51
</Rx>
</Measure>

<Measure>
<Tx> 59 53 </Tx>
<Rx>
41 47
</Rx>
<Rx>
35 41
</Rx>
<Rx>
29 35
</Rx>
<Rx>
23 29
</Rx>
<Rx>
17 23
</Rx>
<Rx>
11 17
</Rx>
<Rx>
5 11
</Rx>
</Measure>

<Measure>
<Tx> 59 54 </Tx>
<Rx>
44 49
</Rx>
<Rx>
39 44
</Rx>
<Rx>
34 39
</Rx>
<Rx>
29 34
</Rx>
<Rx>
24 29
</Rx>
<Rx>
19 24
</Rx>
<Rx>
14 19
</Rx>
<Rx>
9 14
</Rx>
</Measure>

<Measure>
<Tx> 59 55 </Tx>
<Rx>
47 51
</Rx>
<Rx>
43 47
</Rx>
<Rx>
39 43
</Rx>
<Rx>
35 39
</Rx>
<Rx>
31 35
</Rx>
<Rx>
27 31
</Rx>
<Rx>
23 27
</Rx>
<Rx>
19 23
</Rx>
</Measure>

<Measure>
<Tx> 59 56 </Tx>
<Rx>
50 53
</Rx>
<Rx>
47 50
</Rx>
<Rx>
44 47
</Rx>
<Rx>
41 44
</Rx>
<Rx>
38 41
</Rx>
<Rx>
35 38
</Rx>
<Rx>
32 35
</Rx>
<Rx>
29 32
</Rx>
</Measure>

<Measure>
<Tx> 59 57 </Tx>
<Rx>
53 55
</Rx>
<Rx>
51 53
</Rx>
<Rx>
49 51
</Rx>
<Rx>
47 49
</Rx>
<Rx>
45 47
</Rx>
<Rx>
43 45
</Rx>
<Rx>
41 43
</Rx>
<Rx>
39 41
</Rx>
</Measure>

<Measure>
<Tx> 59 58 </Tx>
<Rx>
56 57
</Rx>
<Rx>
55 56
</Rx>
<Rx>
54 55
</Rx>
<Rx>
53 54
</Rx>
<Rx>
52 53
</Rx>
<Rx>
51 52
</Rx>
<Rx>
50 51
</Rx>
<Rx>
49 50
</Rx>
</Measure>

<Measure>
<Tx> 58 52 </Tx>
<Rx>
40 46
</Rx>
<Rx>
34 40
</Rx>
<Rx>
28 34
</Rx>
<Rx>
22 28
</Rx>
<Rx>
16 22
</Rx>
<Rx>
10 16
</Rx>
<Rx>
4 10
</Rx>
</Measure>

<Measure>
<Tx> 58 53 </Tx>
<Rx>
43 48
</Rx>
<Rx>
38 43
</Rx>
<Rx>
33 38
</Rx>
<Rx>
28 33
</Rx>
<Rx>
23 28
</Rx>
<Rx>
18 23
</Rx>
<Rx>
13 18
</Rx>
<Rx>
8 13
</Rx>
</Measure>

<Measure>
<Tx> 58 54 </Tx>
<Rx>
46 50
</Rx>
<Rx>
42 46
</Rx>
<Rx>
38 42
</Rx>
<Rx>
34 38
</Rx>
<Rx>
30 34
</Rx>
<Rx>
26 30
</Rx>
<Rx>
22 26
</Rx>
<Rx>
18 22
</Rx>
</Measure>

<Measure>
<Tx> 58 55 </Tx>
<Rx>
49 52
</Rx>
<Rx>
46 49
</Rx>
<Rx>
43 46
</Rx>
<Rx>
40 43
</Rx>
<Rx>
37 40
</Rx>
<Rx>
34 37
</Rx>
<Rx>
31 34
</Rx>
<Rx>
28 31
</Rx>
</Measure>

<Measure>
<Tx> 58 56 </Tx>
<Rx>
52 54
</Rx>
<Rx>
50 52
</Rx>
<Rx>
48 50
</Rx>
<Rx>
46 48
</Rx>
<Rx>
44 46
</Rx>
<Rx>
42 44
</Rx>
<Rx>
40 42
</Rx>
<Rx>
38 40
</Rx>
</Measure>

<Measure>
<Tx> 58 57 </Tx>
<Rx>
55 56
</Rx>
<Rx>
54 55
</Rx>
<Rx>
53 54
</Rx>
<Rx>
52 53
</Rx>
<Rx>
51 52
</Rx>
<Rx>
50 51
</Rx>
<Rx>
49 50
</Rx>
<Rx>
48 49
</Rx>
</Measure>

<Measure>
<Tx> 57 51 </Tx>
<Rx>
39 45
</Rx>
<Rx>
33 39
</Rx>
<Rx>
27 33
</Rx>
<Rx>
21 27
</Rx>
<Rx>
15 21
</Rx>
<Rx>
9 15
</Rx>
<Rx>
3 9
</Rx>
</Measure>

<Measure>
<Tx> 57 52 </Tx>
<Rx>
42 47
</Rx>
<Rx>
37 42
</Rx>
<Rx>
32 37
</Rx>
<Rx>
27 32
</Rx>
<Rx>
22 27
</Rx>
<Rx>
17 22
</Rx>
<Rx>
12 17
</Rx>
<Rx>
7 12
</Rx>
</Measure>

<Measure>
<Tx> 57 53 </Tx>
<Rx>
45 49
</Rx>
<Rx>
41 45
</Rx>
<Rx>
37 41
</Rx>
<Rx>
33 37
</Rx>
<Rx>
29 33
</Rx>
<Rx>
25 29
</Rx>
<Rx>
21 25
</Rx>
<Rx>
17 21
</Rx>
</Measure>

<Measure>
<Tx> 57 54 </Tx>
<Rx>
48 51
</Rx>
<Rx>
45 48
</Rx>
<Rx>
42 45
</Rx>
<Rx>
39 42
</Rx>
<Rx>
36 39
</Rx>
<Rx>
33 36
</Rx>
<Rx>
30 33
</Rx>
<Rx>
27 30
</Rx>
</Measure>

<Measure>
<Tx> 57 55 </Tx>
<Rx>
51 53
</Rx>
<Rx>
49 51
</Rx>
<Rx>
47 49
</Rx>
<Rx>
45 47
</Rx>
<Rx>
43 45
</Rx>
<Rx>
41 43
</Rx>
<Rx>
39 41
</Rx>
<Rx>
37 39
</Rx>
</Measure>

<Measure>
<Tx> 57 56 </Tx>
<Rx>
54 55
</Rx>
<Rx>
53 54
</Rx>
<Rx>
52 53
</Rx>
<Rx>
51 52
</Rx>
<Rx>
50 51
</Rx>
<Rx>
49 50
</Rx>
<Rx>
48 49
</Rx>
<Rx>
47 48
</Rx>
</Measure>

<Measure>
<Tx> 56 50 </Tx>
<Rx>
38 44
</Rx>
<Rx>
32 38
</Rx>
<Rx>
26 32
</Rx>
<Rx>
20 26
</Rx>
<Rx>
14 20
</Rx>
<Rx>
8 14
</Rx>
<Rx>
2 8
</Rx>
</Measure>

<Measure>
<Tx> 56 51 </Tx>
<Rx>
41 46
</Rx>
<Rx>
36 41
</Rx>
<Rx>
31 36
</Rx>
<Rx>
26 31
</Rx>
<Rx>
21 26
</Rx>
<Rx>
16 21
</Rx>
<Rx>
11 16
</Rx>
<Rx>
6 11
</Rx>
</Measure>

<Measure>
<Tx> 56 52 </Tx>
<Rx>
44 48
</Rx>
<Rx>
40 44
</Rx>
<Rx>
36 40
</Rx>
<Rx>
32 36
</Rx>
<Rx>
28 32
</Rx>
<Rx>
24 28
</Rx>
<Rx>
20 24
</Rx>
<Rx>
16 20
</Rx>
</Measure>

<Measure>
<Tx> 56 53 </Tx>
<Rx>
47 50
</Rx>
<Rx>
44 47
</Rx>
<Rx>
41 44
</Rx>
<Rx>
38 41
</Rx>
<Rx>
35 38
</Rx>
<Rx>
32 35
</Rx>
<Rx>
29 32
</Rx>
<Rx>
26 29
</Rx>
</Measure>

<Measure>
<Tx> 56 54 </Tx>
<Rx>
50 52
</Rx>
<Rx>
48 50
</Rx>
<Rx>
46 48
</Rx>
<Rx>
44 46
</Rx>
<Rx>
42 44
</Rx>
<Rx>
40 42
</Rx>
<Rx>
38 40
</Rx>
<Rx>
36 38
</Rx>
</Measure>

<Measure>
<Tx> 56 55 </Tx>
<Rx>
53 54
</Rx>
<Rx>
52 53
</Rx>
<Rx>
51 52
</Rx>
<Rx>
50 51
</Rx>
<Rx>
49 50
</Rx>
<Rx>
48 49
</Rx>
<Rx>
47 48
</Rx>
<Rx>
46 47
</Rx>
</Measure>

<Measure>
<Tx> 55 49 </Tx>
<Rx>
37 43
</Rx>
<Rx>
31 37
</Rx>
<Rx>
25 31
</Rx>
<Rx>
19 25
</Rx>
<Rx>
13 19
</Rx>
<Rx>
7 13
</Rx>
<Rx>
1 7
</Rx>
</Measure>

<Measure>
<Tx> 55 50 </Tx>
<Rx>
40 45
</Rx>
<Rx>
35 40
</Rx>
<Rx>
30 35
</Rx>
<Rx>
25 30
</Rx>
<Rx>
20 25
</Rx>
<Rx>
15 20
</Rx>
<Rx>
10 15
</Rx>
<Rx>
5 10
</Rx>
</Measure>

<Measure>
<Tx> 55 51 </Tx>
<Rx>
43 47
</Rx>
<Rx>
39 43
</Rx>
<Rx>
35 39
</Rx>
<Rx>
31 35
</Rx>
<Rx>
27 31
</Rx>
<Rx>
23 27
</Rx>
<Rx>
19 23
</Rx>
<Rx>
15 19
</Rx>
</Measure>

<Measure>
<Tx> 55 52 </Tx>
<Rx>
46 49
</Rx>
<Rx>
43 46
</Rx>
<Rx>
40 43
</Rx>
<Rx>
37 40
</Rx>
<Rx>
34 37
</Rx>
<Rx>
31 34
</Rx>
<Rx>
28 31
</Rx>
<Rx>
25 28
</Rx>
</Measure>

<Measure>
<Tx> 55 53 </Tx>
<Rx>
49 51
</Rx>
<Rx>
47 49
</Rx>
<Rx>
45 47
</Rx>
<Rx>
43 45
</Rx>
<Rx>
41 43
</Rx>
<Rx>
39 41
</Rx>
<Rx>
37 39
</Rx>
<Rx>
35 37
</Rx>
</Measure>

<Measure>
<Tx> 55 54 </Tx>
<Rx>
52 53
</Rx>
<Rx>
51 52
</Rx>
<Rx>
50 51
</Rx>
<Rx>
49 50
</Rx>
<Rx>
48 49
</Rx>
<Rx>
47 48
</Rx>
<Rx>
46 47
</Rx>
<Rx>
45 46
</Rx>
</Measure>

<Measure>
<Tx> 54 48 </Tx>
<Rx>
36 42
</Rx>
<Rx>
30 36
</Rx>
<Rx>
24 30
</Rx>
<Rx>
18 24
</Rx>
<Rx>
12 18
</Rx>
<Rx>
6 12
</Rx>
</Measure>

<Measure>
<Tx> 54 49 </Tx>
<Rx>
39 44
</Rx>
<Rx>
34 39
</Rx>
<Rx>
29 34
</Rx>
<Rx>
24 29
</Rx>
<Rx>
19 24
</Rx>
<Rx>
14 19
</Rx>
<Rx>
9 14
</Rx>
<Rx>
4 9
</Rx>
</Measure>

<Measure>
<Tx> 54 50 </Tx>
<Rx>
42 46
</Rx>
<Rx>
38 42
</Rx>
<Rx>
34 38
</Rx>
<Rx>
30 34
</Rx>
<Rx>
26 30
</Rx>
<Rx>
22 26
</Rx>
<Rx>
18 22
</Rx>
<Rx>
14 18
</Rx>
</Measure>

<Measure>
<Tx> 54 51 </Tx>
<Rx>
45 48
</Rx>
<Rx>
42 45
</Rx>
<Rx>
39 42
</Rx>
<Rx>
36 39
</Rx>
<Rx>
33 36
</Rx>
<Rx>
30 33
</Rx>
<Rx>
27 30
</Rx>
<Rx>
24 27
</Rx>
</Measure>

<Measure>
<Tx> 54 52 </Tx>
<Rx>
48 50
</Rx>
<Rx>
46 48
</Rx>
<Rx>
44 46
</Rx>
<Rx>
42 44
</Rx>
<Rx>
40 42
</Rx>
<Rx>
38 40
</Rx>
<Rx>
36 38
</Rx>
<Rx>
34 36
</Rx>
</Measure>

<Measure>
<Tx> 54 53 </Tx>
<Rx>
51 52
</Rx>
<Rx>
50 51
</Rx>
<Rx>
49 50
</Rx>
<Rx>
48 49
</Rx>
<Rx>
47 48
</Rx>
<Rx>
46 47
</Rx>
<Rx>
45 46
</Rx>
<Rx>
44 45
</Rx>
</Measure>

<Measure>
<Tx> 53 47 </Tx>
<Rx>
35 41
</Rx>
<Rx>
29 35
</Rx>
<Rx>
23 29
</Rx>
<Rx>
17 23
</Rx>
<Rx>
11 17
</Rx>
<Rx>
5 11
</Rx>
</Measure>

<Measure>
<Tx> 53 48 </Tx>
<Rx>
38 43
</Rx>
<Rx>
33 38
</Rx>
<Rx>
28 33
</Rx>
<Rx>
23 28
</Rx>
<Rx>
18 23
</Rx>
<Rx>
13 18
</Rx>
<Rx>
8 13
</Rx>
<Rx>
3 8
</Rx>
</Measure>

<Measure>
<Tx> 53 49 </Tx>
<Rx>
41 45
</Rx>
<Rx>
37 41
</Rx>
<Rx>
33 37
</Rx>
<Rx>
29 33
</Rx>
<Rx>
25 29
</Rx>
<Rx>
21 25
</Rx>
<Rx>
17 21
</Rx>
<Rx>
13 17
</Rx>
</Measure>

<Measure>
<Tx> 53 50 </Tx>
<Rx>
44 47
</Rx>
<Rx>
41 44
</Rx>
<Rx>
38 41
</Rx>
<Rx>
35 38
</Rx>
<Rx>
32 35
</Rx>
<Rx>
29 32
</Rx>
<Rx>
26 29
</Rx>
<Rx>
23 26
</Rx>
</Measure>

<Measure>
<Tx> 53 51 </Tx>
<Rx>
47 49
</Rx>
<Rx>
45 47
</Rx>
<Rx>
43 45
</Rx>
<Rx>
41 43
</Rx>
<Rx>
39 41
</Rx>
<Rx>
37 39
</Rx>
<Rx>
35 37
</Rx>
<Rx>
33 35
</Rx>
</Measure>

<Measure>
<Tx> 53 52 </Tx>
<Rx>
50 51
</Rx>
<Rx>
49 50
</Rx>
<Rx>
48 49
</Rx>
<Rx>
47 48
</Rx>
<Rx>
46 47
</Rx>
<Rx>
45 46
</Rx>
<Rx>
44 45
</Rx>
<Rx>
43 44
</Rx>
</Measure>

<Measure>
<Tx> 52 46 </Tx>
<Rx>
34 40
</Rx>
<Rx>
28 34
</Rx>
<Rx>
22 28
</Rx>
<Rx>
16 22
</Rx>
<Rx>
10 16
</Rx>
<Rx>
4 10
</Rx>
</Measure>

<Measure>
<Tx> 52 47 </Tx>
<Rx>
37 42
</Rx>
<Rx>
32 37
</Rx>
<Rx>
27 32
</Rx>
<Rx>
22 27
</Rx>
<Rx>
17 22
</Rx>
<Rx>
12 17
</Rx>
<Rx>
7 12
</Rx>
<Rx>
2 7
</Rx>
</Measure>

<Measure>
<Tx> 52 48 </Tx>
<Rx>
40 44
</Rx>
<Rx>
36 40
</Rx>
<Rx>
32 36
</Rx>
<Rx>
28 32
</Rx>
<Rx>
24 28
</Rx>
<Rx>
20 24
</Rx>
<Rx>
16 20
</Rx>
<Rx>
12 16
</Rx>
</Measure>

<Measure>
<Tx> 52 49 </Tx>
<Rx>
43 46
</Rx>
<Rx>
40 43
</Rx>
<Rx>
37 40
</Rx>
<Rx>
34 37
</Rx>
<Rx>
31 34
</Rx>
<Rx>
28 31
</Rx>
<Rx>
25 28
</Rx>
<Rx>
22 25
</Rx>
</Measure>

<Measure>
<Tx> 52 50 </Tx>
<Rx>
46 48
</Rx>
<Rx>
44 46
</Rx>
<Rx>
42 44
</Rx>
<Rx>
40 42
</Rx>
<Rx>
38 40
</Rx>
<Rx>
36 38
</Rx>
<Rx>
34 36
</Rx>
<Rx>
32 34
</Rx>
</Measure>

<Measure>
<Tx> 52 51 </Tx>
<Rx>
49 50
</Rx>
<Rx>
48 49
</Rx>
<Rx>
47 48
</Rx>
<Rx>
46 47
</Rx>
<Rx>
45 46
</Rx>
<Rx>
44 45
</Rx>
<Rx>
43 44
</Rx>
<Rx>
42 43
</Rx>
</Measure>

<Measure>
<Tx> 51 45 </Tx>
<Rx>
33 39
</Rx>
<Rx>
27 33
</Rx>
<Rx>
21 27
</Rx>
<Rx>
15 21
</Rx>
<Rx>
9 15
</Rx>
<Rx>
3 9
</Rx>
</Measure>

<Measure>
<Tx> 51 46 </Tx>
<Rx>
36 41
</Rx>
<Rx>
31 36
</Rx>
<Rx>
26 31
</Rx>
<Rx>
21 26
</Rx>
<Rx>
16 21
</Rx>
<Rx>
11 16
</Rx>
<Rx>
6 11
</Rx>
<Rx>
1 6
</Rx>
</Measure>

<Measure>
<Tx> 51 47 </Tx>
<Rx>
39 43
</Rx>
<Rx>
35 39
</Rx>
<Rx>
31 35
</Rx>
<Rx>
27 31
</Rx>
<Rx>
23 27
</Rx>
<Rx>
19 23
</Rx>
<Rx>
15 19
</Rx>
<Rx>
11 15
</Rx>
</Measure>

<Measure>
<Tx> 51 48 </Tx>
<Rx>
42 45
</Rx>
<Rx>
39 42
</Rx>
<Rx>
36 39
</Rx>
<Rx>
33 36
</Rx>
<Rx>
30 33
</Rx>
<Rx>
27 30
</Rx>
<Rx>
24 27
</Rx>
<Rx>
21 24
</Rx>
</Measure>

<Measure>
<Tx> 51 49 </Tx>
<Rx>
45 47
</Rx>
<Rx>
43 45
</Rx>
<Rx>
41 43
</Rx>
<Rx>
39 41
</Rx>
<Rx>
37 39
</Rx>
<Rx>
35 37
</Rx>
<Rx>
33 35
</Rx>
<Rx>
31 33
</Rx>
</Measure>

<Measure>
<Tx> 51 50 </Tx>
<Rx>
48 49
</Rx>
<Rx>
47 48
</Rx>
<Rx>
46 47
</Rx>
<Rx>
45 46
</Rx>
<Rx>
44 45
</Rx>
<Rx>
43 44
</Rx>
<Rx>
42 43
</Rx>
<Rx>
41 42
</Rx>
</Measure>

<Measure>
<Tx> 50 44 </Tx>
<Rx>
32 38
</Rx>
<Rx>
26 32
</Rx>
<Rx>
20 26
</Rx>
<Rx>
14 20
</Rx>
<Rx>
8 14
</Rx>
<Rx>
2 8
</Rx>
</Measure>

<Measure>
<Tx> 50 45 </Tx>
<Rx>
35 40
</Rx>
<Rx>
30 35
</Rx>
<Rx>
25 30
</Rx>
<Rx>
20 25
</Rx>
<Rx>
15 20
</Rx>
<Rx>
10 15
</Rx>
<Rx>
5 10
</Rx>
</Measure>

<Measure>
<Tx> 50 46 </Tx>
<Rx>
38 42
</Rx>
<Rx>
34 38
</Rx>
<Rx>
30 34
</Rx>
<Rx>
26 30
</Rx>
<Rx>
22 26
</Rx>
<Rx>
18 22
</Rx>
<Rx>
14 18
</Rx>
<Rx>
10 14
</Rx>
</Measure>

<Measure>
<Tx> 50 47 </Tx>
<Rx>
41 44
</Rx>
<Rx>
38 41
</Rx>
<Rx>
35 38
</Rx>
<Rx>
32 35
</Rx>
<Rx>
29 32
</Rx>
<Rx>
26 29
</Rx>
<Rx>
23 26
</Rx>
<Rx>
20 23
</Rx>
</Measure>

<Measure>
<Tx> 50 48 </Tx>
<Rx>
44 46
</Rx>
<Rx>
42 44
</Rx>
<Rx>
40 42
</Rx>
<Rx>
38 40
</Rx>
<Rx>
36 38
</Rx>
<Rx>
34 36
</Rx>
<Rx>
32 34
</Rx>
<Rx>
30 32
</Rx>
</Measure>

<Measure>
<Tx> 50 49 </Tx>
<Rx>
47 48
</Rx>
<Rx>
46 47
</Rx>
<Rx>
45 46
</Rx>
<Rx>
44 45
</Rx>
<Rx>
43 44
</Rx>
<Rx>
42 43
</Rx>
<Rx>
41 42
</Rx>
<Rx>
40 41
</Rx>
</Measure>

<Measure>
<Tx> 49 43 </Tx>
<Rx>
31 37
</Rx>
<Rx>
25 31
</Rx>
<Rx>
19 25
</Rx>
<Rx>
13 19
</Rx>
<Rx>
7 13
</Rx>
<Rx>
1 7
</Rx>
</Measure>

<Measure>
<Tx> 49 44 </Tx>
<Rx>
34 39
</Rx>
<Rx>
29 34
</Rx>
<Rx>
24 29
</Rx>
<Rx>
19 24
</Rx>
<Rx>
14 19
</Rx>
<Rx>
9 14
</Rx>
<Rx>
4 9
</Rx>
</Measure>

<Measure>
<Tx> 49 45 </Tx>
<Rx>
37 41
</Rx>
<Rx>
33 37
</Rx>
<Rx>
29 33
</Rx>
<Rx>
25 29
</Rx>
<Rx>
21 25
</Rx>
<Rx>
17 21
</Rx>
<Rx>
13 17
</Rx>
<Rx>
9 13
</Rx>
</Measure>

<Measure>
<Tx> 49 46 </Tx>
<Rx>
40 43
</Rx>
<Rx>
37 40
</Rx>
<Rx>
34 37
</Rx>
<Rx>
31 34
</Rx>
<Rx>
28 31
</Rx>
<Rx>
25 28
</Rx>
<Rx>
22 25
</Rx>
<Rx>
19 22
</Rx>
</Measure>

<Measure>
<Tx> 49 47 </Tx>
<Rx>
43 45
</Rx>
<Rx>
41 43
</Rx>
<Rx>
39 41
</Rx>
<Rx>
37 39
</Rx>
<Rx>
35 37
</Rx>
<Rx>
33 35
</Rx>
<Rx>
31 33
</Rx>
<Rx>
29 31
</Rx>
</Measure>

<Measure>
<Tx> 49 48 </Tx>
<Rx>
46 47
</Rx>
<Rx>
45 46
</Rx>
<Rx>
44 45
</Rx>
<Rx>
43 44
</Rx>
<Rx>
42 43
</Rx>
<Rx>
41 42
</Rx>
<Rx>
40 41
</Rx>
<Rx>
39 40
</Rx>
</Measure>

<Measure>
<Tx> 48 42 </Tx>
<Rx>
30 36
</Rx>
<Rx>
24 30
</Rx>
<Rx>
18 24
</Rx>
<Rx>
12 18
</Rx>
<Rx>
6 12
</Rx>
</Measure>

<Measure>
<Tx> 48 43 </Tx>
<Rx>
33 38
</Rx>
<Rx>
28 33
</Rx>
<Rx>
23 28
</Rx>
<Rx>
18 23
</Rx>
<Rx>
13 18
</Rx>
<Rx>
8 13
</Rx>
<Rx>
3 8
</Rx>
</Measure>

<Measure>
<Tx> 48 44 </Tx>
<Rx>
36 40
</Rx>
<Rx>
32 36
</Rx>
<Rx>
28 32
</Rx>
<Rx>
24 28
</Rx>
<Rx>
20 24
</Rx>
<Rx>
16 20
</Rx>
<Rx>
12 16
</Rx>
<Rx>
8 12
</Rx>
</Measure>

<Measure>
<Tx> 48 45 </Tx>
<Rx>
39 42
</Rx>
<Rx>
36 39
</Rx>
<Rx>
33 36
</Rx>
<Rx>
30 33
</Rx>
<Rx>
27 30
</Rx>
<Rx>
24 27
</Rx>
<Rx>
21 24
</Rx>
<Rx>
18 21
</Rx>
</Measure>

<Measure>
<Tx> 48 46 </Tx>
<Rx>
42 44
</Rx>
<Rx>
40 42
</Rx>
<Rx>
38 40
</Rx>
<Rx>
36 38
</Rx>
<Rx>
34 36
</Rx>
<Rx>
32 34
</Rx>
<Rx>
30 32
</Rx>
<Rx>
28 30
</Rx>
</Measure>

<Measure>
<Tx> 48 47 </Tx>
<Rx>
45 46
</Rx>
<Rx>
44 45
</Rx>
<Rx>
43 44
</Rx>
<Rx>
42 43
</Rx>
<Rx>
41 42
</Rx>
<Rx>
40 41
</Rx>
<Rx>
39 40
</Rx>
<Rx>
38 39
</Rx>
</Measure>

<Measure>
<Tx> 47 41 </Tx>
<Rx>
29 35
</Rx>
<Rx>
23 29
</Rx>
<Rx>
17 23
</Rx>
<Rx>
11 17
</Rx>
<Rx>
5 11
</Rx>
</Measure>

<Measure>
<Tx> 47 42 </Tx>
<Rx>
32 37
</Rx>
<Rx>
27 32
</Rx>
<Rx>
22 27
</Rx>
<Rx>
17 22
</Rx>
<Rx>
12 17
</Rx>
<Rx>
7 12
</Rx>
<Rx>
2 7
</Rx>
</Measure>

<Measure>
<Tx> 47 43 </Tx>
<Rx>
35 39
</Rx>
<Rx>
31 35
</Rx>
<Rx>
27 31
</Rx>
<Rx>
23 27
</Rx>
<Rx>
19 23
</Rx>
<Rx>
15 19
</Rx>
<Rx>
11 15
</Rx>
<Rx>
7 11
</Rx>
</Measure>

<Measure>
<Tx> 47 44 </Tx>
<Rx>
38 41
</Rx>
<Rx>
35 38
</Rx>
<Rx>
32 35
</Rx>
<Rx>
29 32
</Rx>
<Rx>
26 29
</Rx>
<Rx>
23 26
</Rx>
<Rx>
20 23
</Rx>
<Rx>
17 20
</Rx>
</Measure>

<Measure>
<Tx> 47 45 </Tx>
<Rx>
41 43
</Rx>
<Rx>
39 41
</Rx>
<Rx>
37 39
</Rx>
<Rx>
35 37
</Rx>
<Rx>
33 35
</Rx>
<Rx>
31 33
</Rx>
<Rx>
29 31
</Rx>
<Rx>
27 29
</Rx>
</Measure>

<Measure>
<Tx> 47 46 </Tx>
<Rx>
44 45
</Rx>
<Rx>
43 44
</Rx>
<Rx>
42 43
</Rx>
<Rx>
41 42
</Rx>
<Rx>
40 41
</Rx>
<Rx>
39 40
</Rx>
<Rx>
38 39
</Rx>
<Rx>
37 38
</Rx>
</Measure>

<Measure>
<Tx> 46 40 </Tx>
<Rx>
28 34
</Rx>
<Rx>
22 28
</Rx>
<Rx>
16 22
</Rx>
<Rx>
10 16
</Rx>
<Rx>
4 10
</Rx>
</Measure>

<Measure>
<Tx> 46 41 </Tx>
<Rx>
31 36
</Rx>
<Rx>
26 31
</Rx>
<Rx>
21 26
</Rx>
<Rx>
16 21
</Rx>
<Rx>
11 16
</Rx>
<Rx>
6 11
</Rx>
<Rx>
1 6
</Rx>
</Measure>

<Measure>
<Tx> 46 42 </Tx>
<Rx>
34 38
</Rx>
<Rx>
30 34
</Rx>
<Rx>
26 30
</Rx>
<Rx>
22 26
</Rx>
<Rx>
18 22
</Rx>
<Rx>
14 18
</Rx>
<Rx>
10 14
</Rx>
<Rx>
6 10
</Rx>
</Measure>

<Measure>
<Tx> 46 43 </Tx>
<Rx>
37 40
</Rx>
<Rx>
34 37
</Rx>
<Rx>
31 34
</Rx>
<Rx>
28 31
</Rx>
<Rx>
25 28
</Rx>
<Rx>
22 25
</Rx>
<Rx>
19 22
</Rx>
<Rx>
16 19
</Rx>
</Measure>

<Measure>
<Tx> 46 44 </Tx>
<Rx>
40 42
</Rx>
<Rx>
38 40
</Rx>
<Rx>
36 38
</Rx>
<Rx>
34 36
</Rx>
<Rx>
32 34
</Rx>
<Rx>
30 32
</Rx>
<Rx>
28 30
</Rx>
<Rx>
26 28
</Rx>
</Measure>

<Measure>
<Tx> 46 45 </Tx>
<Rx>
43 44
</Rx>
<Rx>
42 43
</Rx>
<Rx>
41 42
</Rx>
<Rx>
40 41
</Rx>
<Rx>
39 40
</Rx>
<Rx>
38 39
</Rx>
<Rx>
37 38
</Rx>
<Rx>
36 37
</Rx>
</Measure>

<Measure>
<Tx> 45 39 </Tx>
<Rx>
27 33
</Rx>
<Rx>
21 27
</Rx>
<Rx>
15 21
</Rx>
<Rx>
9 15
</Rx>
<Rx>
3 9
</Rx>
</Measure>

<Measure>
<Tx> 45 40 </Tx>
<Rx>
30 35
</Rx>
<Rx>
25 30
</Rx>
<Rx>
20 25
</Rx>
<Rx>
15 20
</Rx>
<Rx>
10 15
</Rx>
<Rx>
5 10
</Rx>
</Measure>

<Measure>
<Tx> 45 41 </Tx>
<Rx>
33 37
</Rx>
<Rx>
29 33
</Rx>
<Rx>
25 29
</Rx>
<Rx>
21 25
</Rx>
<Rx>
17 21
</Rx>
<Rx>
13 17
</Rx>
<Rx>
9 13
</Rx>
<Rx>
5 9
</Rx>
</Measure>

<Measure>
<Tx> 45 42 </Tx>
<Rx>
36 39
</Rx>
<Rx>
33 36
</Rx>
<Rx>
30 33
</Rx>
<Rx>
27 30
</Rx>
<Rx>
24 27
</Rx>
<Rx>
21 24
</Rx>
<Rx>
18 21
</Rx>
<Rx>
15 18
</Rx>
</Measure>

<Measure>
<Tx> 45 43 </Tx>
<Rx>
39 41
</Rx>
<Rx>
37 39
</Rx>
<Rx>
35 37
</Rx>
<Rx>
33 35
</Rx>
<Rx>
31 33
</Rx>
<Rx>
29 31
</Rx>
<Rx>
27 29
</Rx>
<Rx>
25 27
</Rx>
</Measure>

<Measure>
<Tx> 45 44 </Tx>
<Rx>
42 43
</Rx>
<Rx>
41 42
</Rx>
<Rx>
40 41
</Rx>
<Rx>
39 40
</Rx>
<Rx>
38 39
</Rx>
<Rx>
37 38
</Rx>
<Rx>
36 37
</Rx>
<Rx>
35 36
</Rx>
</Measure>

<Measure>
<Tx> 44 38 </Tx>
<Rx>
26 32
</Rx>
<Rx>
20 26
</Rx>
<Rx>
14 20
</Rx>
<Rx>
8 14
</Rx>
<Rx>
2 8
</Rx>
</Measure>

<Measure>
<Tx> 44 39 </Tx>
<Rx>
29 34
</Rx>
<Rx>
24 29
</Rx>
<Rx>
19 24
</Rx>
<Rx>
14 19
</Rx>
<Rx>
9 14
</Rx>
<Rx>
4 9
</Rx>
</Measure>

<Measure>
<Tx> 44 40 </Tx>
<Rx>
32 36
</Rx>
<Rx>
28 32
</Rx>
<Rx>
24 28
</Rx>
<Rx>
20 24
</Rx>
<Rx>
16 20
</Rx>
<Rx>
12 16
</Rx>
<Rx>
8 12
</Rx>
<Rx>
4 8
</Rx>
</Measure>

<Measure>
<Tx> 44 41 </Tx>
<Rx>
35 38
</Rx>
<Rx>
32 35
</Rx>
<Rx>
29 32
</Rx>
<Rx>
26 29
</Rx>
<Rx>
23 26
</Rx>
<Rx>
20 23
</Rx>
<Rx>
17 20
</Rx>
<Rx>
14 17
</Rx>
</Measure>

<Measure>
<Tx> 44 42 </Tx>
<Rx>
38 40
</Rx>
<Rx>
36 38
</Rx>
<Rx>
34 36
</Rx>
<Rx>
32 34
</Rx>
<Rx>
30 32
</Rx>
<Rx>
28 30
</Rx>
<Rx>
26 28
</Rx>
<Rx>
24 26
</Rx>
</Measure>

<Measure>
<Tx> 44 43 </Tx>
<Rx>
41 42
</Rx>
<Rx>
40 41
</Rx>
<Rx>
39 40
</Rx>
<Rx>
38 39
</Rx>
<Rx>
37 38
</Rx>
<Rx>
36 37
</Rx>
<Rx>
35 36
</Rx>
<Rx>
34 35
</Rx>
</Measure>

<Measure>
<Tx> 43 37 </Tx>
<Rx>
25 31
</Rx>
<Rx>
19 25
</Rx>
<Rx>
13 19
</Rx>
<Rx>
7 13
</Rx>
<Rx>
1 7
</Rx>
</Measure>

<Measure>
<Tx> 43 38 </Tx>
<Rx>
28 33
</Rx>
<Rx>
23 28
</Rx>
<Rx>
18 23
</Rx>
<Rx>
13 18
</Rx>
<Rx>
8 13
</Rx>
<Rx>
3 8
</Rx>
</Measure>

<Measure>
<Tx> 43 39 </Tx>
<Rx>
31 35
</Rx>
<Rx>
27 31
</Rx>
<Rx>
23 27
</Rx>
<Rx>
19 23
</Rx>
<Rx>
15 19
</Rx>
<Rx>
11 15
</Rx>
<Rx>
7 11
</Rx>
<Rx>
3 7
</Rx>
</Measure>

<Measure>
<Tx> 43 40 </Tx>
<Rx>
34 37
</Rx>
<Rx>
31 34
</Rx>
<Rx>
28 31
</Rx>
<Rx>
25 28
</Rx>
<Rx>
22 25
</Rx>
<Rx>
19 22
</Rx>
<Rx>
16 19
</Rx>
<Rx>
13 16
</Rx>
</Measure>

<Measure>
<Tx> 43 41 </Tx>
<Rx>
37 39
</Rx>
<Rx>
35 37
</Rx>
<Rx>
33 35
</Rx>
<Rx>
31 33
</Rx>
<Rx>
29 31
</Rx>
<Rx>
27 29
</Rx>
<Rx>
25 27
</Rx>
<Rx>
23 25
</Rx>
</Measure>

<Measure>
<Tx> 43 42 </Tx>
<Rx>
40 41
</Rx>
<Rx>
39 40
</Rx>
<Rx>
38 39
</Rx>
<Rx>
37 38
</Rx>
<Rx>
36 37
</Rx>
<Rx>
35 36
</Rx>
<Rx>
34 35
</Rx>
<Rx>
33 34
</Rx>
</Measure>

<Measure>
<Tx> 42 36 </Tx>
<Rx>
24 30
</Rx>
<Rx>
18 24
</Rx>
<Rx>
12 18
</Rx>
<Rx>
6 12
</Rx>
</Measure>

<Measure>
<Tx> 42 37 </Tx>
<Rx>
27 32
</Rx>
<Rx>
22 27
</Rx>
<Rx>
17 22
</Rx>
<Rx>
12 17
</Rx>
<Rx>
7 12
</Rx>
<Rx>
2 7
</Rx>
</Measure>

<Measure>
<Tx> 42 38 </Tx>
<Rx>
30 34
</Rx>
<Rx>
26 30
</Rx>
<Rx>
22 26
</Rx>
<Rx>
18 22
</Rx>
<Rx>
14 18
</Rx>
<Rx>
10 14
</Rx>
<Rx>
6 10
</Rx>
<Rx>
2 6
</Rx>
</Measure>

<Measure>
<Tx> 42 39 </Tx>
<Rx>
33 36
</Rx>
<Rx>
30 33
</Rx>
<Rx>
27 30
</Rx>
<Rx>
24 27
</Rx>
<Rx>
21 24
</Rx>
<Rx>
18 21
</Rx>
<Rx>
15 18
</Rx>
<Rx>
12 15
</Rx>
</Measure>

<Measure>
<Tx> 42 40 </Tx>
<Rx>
36 38
</Rx>
<Rx>
34 36
</Rx>
<Rx>
32 34
</Rx>
<Rx>
30 32
</Rx>
<Rx>
28 30
</Rx>
<Rx>
26 28
</Rx>
<Rx>
24 26
</Rx>
<Rx>
22 24
</Rx>
</Measure>

<Measure>
<Tx> 42 41 </Tx>
<Rx>
39 40
</Rx>
<Rx>
38 39
</Rx>
<Rx>
37 38
</Rx>
<Rx>
36 37
</Rx>
<Rx>
35 36
</Rx>
<Rx>
34 35
</Rx>
<Rx>
33 34
</Rx>
<Rx>
32 33
</Rx>
</Measure>

<Measure>
<Tx> 41 35 </Tx>
<Rx>
23 29
</Rx>
<Rx>
17 23
</Rx>
<Rx>
11 17
</Rx>
<Rx>
5 11
</Rx>
</Measure>

<Measure>
<Tx> 41 36 </Tx>
<Rx>
26 31
</Rx>
<Rx>
21 26
</Rx>
<Rx>
16 21
</Rx>
<Rx>
11 16
</Rx>
<Rx>
6 11
</Rx>
<Rx>
1 6
</Rx>
</Measure>

<Measure>
<Tx> 41 37 </Tx>
<Rx>
29 33
</Rx>
<Rx>
25 29
</Rx>
<Rx>
21 25
</Rx>
<Rx>
17 21
</Rx>
<Rx>
13 17
</Rx>
<Rx>
9 13
</Rx>
<Rx>
5 9
</Rx>
<Rx>
1 5
</Rx>
</Measure>

<Measure>
<Tx> 41 38 </Tx>
<Rx>
32 35
</Rx>
<Rx>
29 32
</Rx>
<Rx>
26 29
</Rx>
<Rx>
23 26
</Rx>
<Rx>
20 23
</Rx>
<Rx>
17 20
</Rx>
<Rx>
14 17
</Rx>
<Rx>
11 14
</Rx>
</Measure>

<Measure>
<Tx> 41 39 </Tx>
<Rx>
35 37
</Rx>
<Rx>
33 35
</Rx>
<Rx>
31 33
</Rx>
<Rx>
29 31
</Rx>
<Rx>
27 29
</Rx>
<Rx>
25 27
</Rx>
<Rx>
23 25
</Rx>
<Rx>
21 23
</Rx>
</Measure>

<Measure>
<Tx> 41 40 </Tx>
<Rx>
38 39
</Rx>
<Rx>
37 38
</Rx>
<Rx>
36 37
</Rx>
<Rx>
35 36
</Rx>
<Rx>
34 35
</Rx>
<Rx>
33 34
</Rx>
<Rx>
32 33
</Rx>
<Rx>
31 32
</Rx>
</Measure>

<Measure>
<Tx> 40 34 </Tx>
<Rx>
22 28
</Rx>
<Rx>
16 22
</Rx>
<Rx>
10 16
</Rx>
<Rx>
4 10
</Rx>
</Measure>

<Measure>
<Tx> 40 35 </Tx>
<Rx>
25 30
</Rx>
<Rx>
20 25
</Rx>
<Rx>
15 20
</Rx>
<Rx>
10 15
</Rx>
<Rx>
5 10
</Rx>
</Measure>

<Measure>
<Tx> 40 36 </Tx>
<Rx>
28 32
</Rx>
<Rx>
24 28
</Rx>
<Rx>
20 24
</Rx>
<Rx>
16 20
</Rx>
<Rx>
12 16
</Rx>
<Rx>
8 12
</Rx>
<Rx>
4 8
</Rx>
</Measure>

<Measure>
<Tx> 40 37 </Tx>
<Rx>
31 34
</Rx>
<Rx>
28 31
</Rx>
<Rx>
25 28
</Rx>
<Rx>
22 25
</Rx>
<Rx>
19 22
</Rx>
<Rx>
16 19
</Rx>
<Rx>
13 16
</Rx>
<Rx>
10 13
</Rx>
</Measure>

<Measure>
<Tx> 40 38 </Tx>
<Rx>
34 36
</Rx>
<Rx>
32 34
</Rx>
<Rx>
30 32
</Rx>
<Rx>
28 30
</Rx>
<Rx>
26 28
</Rx>
<Rx>
24 26
</Rx>
<Rx>
22 24
</Rx>
<Rx>
20 22
</Rx>
</Measure>

<Measure>
<Tx> 40 39 </Tx>
<Rx>
37 38
</Rx>
<Rx>
36 37
</Rx>
<Rx>
35 36
</Rx>
<Rx>
34 35
</Rx>
<Rx>
33 34
</Rx>
<Rx>
32 33
</Rx>
<Rx>
31 32
</Rx>
<Rx>
30 31
</Rx>
</Measure>

<Measure>
<Tx> 39 33 </Tx>
<Rx>
21 27
</Rx>
<Rx>
15 21
</Rx>
<Rx>
9 15
</Rx>
<Rx>
3 9
</Rx>
</Measure>

<Measure>
<Tx> 39 34 </Tx>
<Rx>
24 29
</Rx>
<Rx>
19 24
</Rx>
<Rx>
14 19
</Rx>
<Rx>
9 14
</Rx>
<Rx>
4 9
</Rx>
</Measure>

<Measure>
<Tx> 39 35 </Tx>
<Rx>
27 31
</Rx>
<Rx>
23 27
</Rx>
<Rx>
19 23
</Rx>
<Rx>
15 19
</Rx>
<Rx>
11 15
</Rx>
<Rx>
7 11
</Rx>
<Rx>
3 7
</Rx>
</Measure>

<Measure>
<Tx> 39 36 </Tx>
<Rx>
30 33
</Rx>
<Rx>
27 30
</Rx>
<Rx>
24 27
</Rx>
<Rx>
21 24
</Rx>
<Rx>
18 21
</Rx>
<Rx>
15 18
</Rx>
<Rx>
12 15
</Rx>
<Rx>
9 12
</Rx>
</Measure>

<Measure>
<Tx> 39 37 </Tx>
<Rx>
33 35
</Rx>
<Rx>
31 33
</Rx>
<Rx>
29 31
</Rx>
<Rx>
27 29
</Rx>
<Rx>
25 27
</Rx>
<Rx>
23 25
</Rx>
<Rx>
21 23
</Rx>
<Rx>
19 21
</Rx>
</Measure>

<Measure>
<Tx> 39 38 </Tx>
<Rx>
36 37
</Rx>
<Rx>
35 36
</Rx>
<Rx>
34 35
</Rx>
<Rx>
33 34
</Rx>
<Rx>
32 33
</Rx>
<Rx>
31 32
</Rx>
<Rx>
30 31
</Rx>
<Rx>
29 30
</Rx>
</Measure>

<Measure>
<Tx> 38 32 </Tx>
<Rx>
20 26
</Rx>
<Rx>
14 20
</Rx>
<Rx>
8 14
</Rx>
<Rx>
2 8
</Rx>
</Measure>

<Measure>
<Tx> 38 33 </Tx>
<Rx>
23 28
</Rx>
<Rx>
18 23
</Rx>
<Rx>
13 18
</Rx>
<Rx>
8 13
</Rx>
<Rx>
3 8
</Rx>
</Measure>

<Measure>
<Tx> 38 34 </Tx>
<Rx>
26 30
</Rx>
<Rx>
22 26
</Rx>
<Rx>
18 22
</Rx>
<Rx>
14 18
</Rx>
<Rx>
10 14
</Rx>
<Rx>
6 10
</Rx>
<Rx>
2 6
</Rx>
</Measure>

<Measure>
<Tx> 38 35 </Tx>
<Rx>
29 32
</Rx>
<Rx>
26 29
</Rx>
<Rx>
23 26
</Rx>
<Rx>
20 23
</Rx>
<Rx>
17 20
</Rx>
<Rx>
14 17
</Rx>
<Rx>
11 14
</Rx>
<Rx>
8 11
</Rx>
</Measure>

<Measure>
<Tx> 38 36 </Tx>
<Rx>
32 34
</Rx>
<Rx>
30 32
</Rx>
<Rx>
28 30
</Rx>
<Rx>
26 28
</Rx>
<Rx>
24 26
</Rx>
<Rx>
22 24
</Rx>
<Rx>
20 22
</Rx>
<Rx>
18 20
</Rx>
</Measure>

<Measure>
<Tx> 38 37 </Tx>
<Rx>
35 36
</Rx>
<Rx>
34 35
</Rx>
<Rx>
33 34
</Rx>
<Rx>
32 33
</Rx>
<Rx>
31 32
</Rx>
<Rx>
30 31
</Rx>
<Rx>
29 30
</Rx>
<Rx>
28 29
</Rx>
</Measure>

<Measure>
<Tx> 37 31 </Tx>
<Rx>
19 25
</Rx>
<Rx>
13 19
</Rx>
<Rx>
7 13
</Rx>
<Rx>
1 7
</Rx>
</Measure>

<Measure>
<Tx> 37 32 </Tx>
<Rx>
22 27
</Rx>
<Rx>
17 22
</Rx>
<Rx>
12 17
</Rx>
<Rx>
7 12
</Rx>
<Rx>
2 7
</Rx>
</Measure>

<Measure>
<Tx> 37 33 </Tx>
<Rx>
25 29
</Rx>
<Rx>
21 25
</Rx>
<Rx>
17 21
</Rx>
<Rx>
13 17
</Rx>
<Rx>
9 13
</Rx>
<Rx>
5 9
</Rx>
<Rx>
1 5
</Rx>
</Measure>

<Measure>
<Tx> 37 34 </Tx>
<Rx>
28 31
</Rx>
<Rx>
25 28
</Rx>
<Rx>
22 25
</Rx>
<Rx>
19 22
</Rx>
<Rx>
16 19
</Rx>
<Rx>
13 16
</Rx>
<Rx>
10 13
</Rx>
<Rx>
7 10
</Rx>
</Measure>

<Measure>
<Tx> 37 35 </Tx>
<Rx>
31 33
</Rx>
<Rx>
29 31
</Rx>
<Rx>
27 29
</Rx>
<Rx>
25 27
</Rx>
<Rx>
23 25
</Rx>
<Rx>
21 23
</Rx>
<Rx>
19 21
</Rx>
<Rx>
17 19
</Rx>
</Measure>

<Measure>
<Tx> 37 36 </Tx>
<Rx>
34 35
</Rx>
<Rx>
33 34
</Rx>
<Rx>
32 33
</Rx>
<Rx>
31 32
</Rx>
<Rx>
30 31
</Rx>
<Rx>
29 30
</Rx>
<Rx>
28 29
</Rx>
<Rx>
27 28
</Rx>
</Measure>

<Measure>
<Tx> 36 30 </Tx>
<Rx>
18 24
</Rx>
<Rx>
12 18
</Rx>
<Rx>
6 12
</Rx>
</Measure>

<Measure>
<Tx> 36 31 </Tx>
<Rx>
21 26
</Rx>
<Rx>
16 21
</Rx>
<Rx>
11 16
</Rx>
<Rx>
6 11
</Rx>
<Rx>
1 6
</Rx>
</Measure>

<Measure>
<Tx> 36 32 </Tx>
<Rx>
24 28
</Rx>
<Rx>
20 24
</Rx>
<Rx>
16 20
</Rx>
<Rx>
12 16
</Rx>
<Rx>
8 12
</Rx>
<Rx>
4 8
</Rx>
</Measure>

<Measure>
<Tx> 36 33 </Tx>
<Rx>
27 30
</Rx>
<Rx>
24 27
</Rx>
<Rx>
21 24
</Rx>
<Rx>
18 21
</Rx>
<Rx>
15 18
</Rx>
<Rx>
12 15
</Rx>
<Rx>
9 12
</Rx>
<Rx>
6 9
</Rx>
</Measure>

<Measure>
<Tx> 36 34 </Tx>
<Rx>
30 32
</Rx>
<Rx>
28 30
</Rx>
<Rx>
26 28
</Rx>
<Rx>
24 26
</Rx>
<Rx>
22 24
</Rx>
<Rx>
20 22
</Rx>
<Rx>
18 20
</Rx>
<Rx>
16 18
</Rx>
</Measure>

<Measure>
<Tx> 36 35 </Tx>
<Rx>
33 34
</Rx>
<Rx>
32 33
</Rx>
<Rx>
31 32
</Rx>
<Rx>
30 31
</Rx>
<Rx>
29 30
</Rx>
<Rx>
28 29
</Rx>
<Rx>
27 28
</Rx>
<Rx>
26 27
</Rx>
</Measure>

<Measure>
<Tx> 35 29 </Tx>
<Rx>
17 23
</Rx>
<Rx>
11 17
</Rx>
<Rx>
5 11
</Rx>
</Measure>

<Measure>
<Tx> 35 30 </Tx>
<Rx>
20 25
</Rx>
<Rx>
15 20
</Rx>
<Rx>
10 15
</Rx>
<Rx>
5 10
</Rx>
</Measure>

<Measure>
<Tx> 35 31 </Tx>
<Rx>
23 27
</Rx>
<Rx>
19 23
</Rx>
<Rx>
15 19
</Rx>
<Rx>
11 15
</Rx>
<Rx>
7 11
</Rx>
<Rx>
3 7
</Rx>
</Measure>

<Measure>
<Tx> 35 32 </Tx>
<Rx>
26 29
</Rx>
<Rx>
23 26
</Rx>
<Rx>
20 23
</Rx>
<Rx>
17 20
</Rx>
<Rx>
14 17
</Rx>
<Rx>
11 14
</Rx>
<Rx>
8 11
</Rx>
<Rx>
5 8
</Rx>
</Measure>

<Measure>
<Tx> 35 33 </Tx>
<Rx>
29 31
</Rx>
<Rx>
27 29
</Rx>
<Rx>
25 27
</Rx>
<Rx>
23 25
</Rx>
<Rx>
21 23
</Rx>
<Rx>
19 21
</Rx>
<Rx>
17 19
</Rx>
<Rx>
15 17
</Rx>
</Measure>

<Measure>
<Tx> 35 34 </Tx>
<Rx>
32 33
</Rx>
<Rx>
31 32
</Rx>
<Rx>
30 31
</Rx>
<Rx>
29 30
</Rx>
<Rx>
28 29
</Rx>
<Rx>
27 28
</Rx>
<Rx>
26 27
</Rx>
<Rx>
25 26
</Rx>
</Measure>

<Measure>
<Tx> 34 28 </Tx>
<Rx>
16 22
</Rx>
<Rx>
10 16
</Rx>
<Rx>
4 10
</Rx>
</Measure>

<Measure>
<Tx> 34 29 </Tx>
<Rx>
19 24
</Rx>
<Rx>
14 19
</Rx>
<Rx>
9 14
</Rx>
<Rx>
4 9
</Rx>
</Measure>

<Measure>
<Tx> 34 30 </Tx>
<Rx>
22 26
</Rx>
<Rx>
18 22
</Rx>
<Rx>
14 18
</Rx>
<Rx>
10 14
</Rx>
<Rx>
6 10
</Rx>
<Rx>
2 6
</Rx>
</Measure>

<Measure>
<Tx> 34 31 </Tx>
<Rx>
25 28
</Rx>
<Rx>
22 25
</Rx>
<Rx>
19 22
</Rx>
<Rx>
16 19
</Rx>
<Rx>
13 16
</Rx>
<Rx>
10 13
</Rx>
<Rx>
7 10
</Rx>
<Rx>
4 7
</Rx>
</Measure>

<Measure>
<Tx> 34 32 </Tx>
<Rx>
28 30
</Rx>
<Rx>
26 28
</Rx>
<Rx>
24 26
</Rx>
<Rx>
22 24
</Rx>
<Rx>
20 22
</Rx>
<Rx>
18 20
</Rx>
<Rx>
16 18
</Rx>
<Rx>
14 16
</Rx>
</Measure>

<Measure>
<Tx> 34 33 </Tx>
<Rx>
31 32
</Rx>
<Rx>
30 31
</Rx>
<Rx>
29 30
</Rx>
<Rx>
28 29
</Rx>
<Rx>
27 28
</Rx>
<Rx>
26 27
</Rx>
<Rx>
25 26
</Rx>
<Rx>
24 25
</Rx>
</Measure>

<Measure>
<Tx> 33 27 </Tx>
<Rx>
15 21
</Rx>
<Rx>
9 15
</Rx>
<Rx>
3 9
</Rx>
</Measure>

<Measure>
<Tx> 33 28 </Tx>
<Rx>
18 23
</Rx>
<Rx>
13 18
</Rx>
<Rx>
8 13
</Rx>
<Rx>
3 8
</Rx>
</Measure>

<Measure>
<Tx> 33 29 </Tx>
<Rx>
21 25
</Rx>
<Rx>
17 21
</Rx>
<Rx>
13 17
</Rx>
<Rx>
9 13
</Rx>
<Rx>
5 9
</Rx>
<Rx>
1 5
</Rx>
</Measure>

<Measure>
<Tx> 33 30 </Tx>
<Rx>
24 27
</Rx>
<Rx>
21 24
</Rx>
<Rx>
18 21
</Rx>
<Rx>
15 18
</Rx>
<Rx>
12 15
</Rx>
<Rx>
9 12
</Rx>
<Rx>
6 9
</Rx>
<Rx>
3 6
</Rx>
</Measure>

<Measure>
<Tx> 33 31 </Tx>
<Rx>
27 29
</Rx>
<Rx>
25 27
</Rx>
<Rx>
23 25
</Rx>
<Rx>
21 23
</Rx>
<Rx>
19 21
</Rx>
<Rx>
17 19
</Rx>
<Rx>
15 17
</Rx>
<Rx>
13 15
</Rx>
</Measure>

<Measure>
<Tx> 33 32 </Tx>
<Rx>
30 31
</Rx>
<Rx>
29 30
</Rx>
<Rx>
28 29
</Rx>
<Rx>
27 28
</Rx>
<Rx>
26 27
</Rx>
<Rx>
25 26
</Rx>
<Rx>
24 25
</Rx>
<Rx>
23 24
</Rx>
</Measure>

<Measure>
<Tx> 32 26 </Tx>
<Rx>
14 20
</Rx>
<Rx>
8 14
</Rx>
<Rx>
2 8
</Rx>
</Measure>

<Measure>
<Tx> 32 27 </Tx>
<Rx>
17 22
</Rx>
<Rx>
12 17
</Rx>
<Rx>
7 12
</Rx>
<Rx>
2 7
</Rx>
</Measure>

<Measure>
<Tx> 32 28 </Tx>
<Rx>
20 24
</Rx>
<Rx>
16 20
</Rx>
<Rx>
12 16
</Rx>
<Rx>
8 12
</Rx>
<Rx>
4 8
</Rx>
</Measure>

<Measure>
<Tx> 32 29 </Tx>
<Rx>
23 26
</Rx>
<Rx>
20 23
</Rx>
<Rx>
17 20
</Rx>
<Rx>
14 17
</Rx>
<Rx>
11 14
</Rx>
<Rx>
8 11
</Rx>
<Rx>
5 8
</Rx>
<Rx>
2 5
</Rx>
</Measure>

<Measure>
<Tx> 32 30 </Tx>
<Rx>
26 28
</Rx>
<Rx>
24 26
</Rx>
<Rx>
22 24
</Rx>
<Rx>
20 22
</Rx>
<Rx>
18 20
</Rx>
<Rx>
16 18
</Rx>
<Rx>
14 16
</Rx>
<Rx>
12 14
</Rx>
</Measure>

<Measure>
<Tx> 32 31 </Tx>
<Rx>
29 30
</Rx>
<Rx>
28 29
</Rx>
<Rx>
27 28
</Rx>
<Rx>
26 27
</Rx>
<Rx>
25 26
</Rx>
<Rx>
24 25
</Rx>
<Rx>
23 24
</Rx>
<Rx>
22 23
</Rx>
</Measure>

<Measure>
<Tx> 31 25 </Tx>
<Rx>
13 19
</Rx>
<Rx>
7 13
</Rx>
<Rx>
1 7
</Rx>
</Measure>

<Measure>
<Tx> 31 26 </Tx>
<Rx>
16 21
</Rx>
<Rx>
11 16
</Rx>
<Rx>
6 11
</Rx>
<Rx>
1 6
</Rx>
</Measure>

<Measure>
<Tx> 31 27 </Tx>
<Rx>
19 23
</Rx>
<Rx>
15 19
</Rx>
<Rx>
11 15
</Rx>
<Rx>
7 11
</Rx>
<Rx>
3 7
</Rx>
</Measure>

<Measure>
<Tx> 31 28 </Tx>
<Rx>
22 25
</Rx>
<Rx>
19 22
</Rx>
<Rx>
16 19
</Rx>
<Rx>
13 16
</Rx>
<Rx>
10 13
</Rx>
<Rx>
7 10
</Rx>
<Rx>
4 7
</Rx>
<Rx>
1 4
</Rx>
</Measure>

<Measure>
<Tx> 31 29 </Tx>
<Rx>
25 27
</Rx>
<Rx>
23 25
</Rx>
<Rx>
21 23
</Rx>
<Rx>
19 21
</Rx>
<Rx>
17 19
</Rx>
<Rx>
15 17
</Rx>
<Rx>
13 15
</Rx>
<Rx>
11 13
</Rx>
</Measure>

<Measure>
<Tx> 31 30 </Tx>
<Rx>
28 29
</Rx>
<Rx>
27 28
</Rx>
<Rx>
26 27
</Rx>
<Rx>
25 26
</Rx>
<Rx>
24 25
</Rx>
<Rx>
23 24
</Rx>
<Rx>
22 23
</Rx>
<Rx>
21 22
</Rx>
</Measure>

<Measure>
<Tx> 30 24 </Tx>
<Rx>
12 18
</Rx>
<Rx>
6 12
</Rx>
</Measure>

<Measure>
<Tx> 30 25 </Tx>
<Rx>
15 20
</Rx>
<Rx>
10 15
</Rx>
<Rx>
5 10
</Rx>
</Measure>

<Measure>
<Tx> 30 26 </Tx>
<Rx>
18 22
</Rx>
<Rx>
14 18
</Rx>
<Rx>
10 14
</Rx>
<Rx>
6 10
</Rx>
<Rx>
2 6
</Rx>
</Measure>

<Measure>
<Tx> 30 27 </Tx>
<Rx>
21 24
</Rx>
<Rx>
18 21
</Rx>
<Rx>
15 18
</Rx>
<Rx>
12 15
</Rx>
<Rx>
9 12
</Rx>
<Rx>
6 9
</Rx>
<Rx>
3 6
</Rx>
</Measure>

<Measure>
<Tx> 30 28 </Tx>
<Rx>
24 26
</Rx>
<Rx>
22 24
</Rx>
<Rx>
20 22
</Rx>
<Rx>
18 20
</Rx>
<Rx>
16 18
</Rx>
<Rx>
14 16
</Rx>
<Rx>
12 14
</Rx>
<Rx>
10 12
</Rx>
</Measure>

<Measure>
<Tx> 30 29 </Tx>
<Rx>
27 28
</Rx>
<Rx>
26 27
</Rx>
<Rx>
25 26
</Rx>
<Rx>
24 25
</Rx>
<Rx>
23 24
</Rx>
<Rx>
22 23
</Rx>
<Rx>
21 22
</Rx>
<Rx>
20 21
</Rx>
</Measure>

<Measure>
<Tx> 29 23 </Tx>
<Rx>
11 17
</Rx>
<Rx>
5 11
</Rx>
</Measure>

<Measure>
<Tx> 29 24 </Tx>
<Rx>
14 19
</Rx>
<Rx>
9 14
</Rx>
<Rx>
4 9
</Rx>
</Measure>

<Measure>
<Tx> 29 25 </Tx>
<Rx>
17 21
</Rx>
<Rx>
13 17
</Rx>
<Rx>
9 13
</Rx>
<Rx>
5 9
</Rx>
<Rx>
1 5
</Rx>
</Measure>

<Measure>
<Tx> 29 26 </Tx>
<Rx>
20 23
</Rx>
<Rx>
17 20
</Rx>
<Rx>
14 17
</Rx>
<Rx>
11 14
</Rx>
<Rx>
8 11
</Rx>
<Rx>
5 8
</Rx>
<Rx>
2 5
</Rx>
</Measure>

<Measure>
<Tx> 29 27 </Tx>
<Rx>
23 25
</Rx>
<Rx>
21 23
</Rx>
<Rx>
19 21
</Rx>
<Rx>
17 19
</Rx>
<Rx>
15 17
</Rx>
<Rx>
13 15
</Rx>
<Rx>
11 13
</Rx>
<Rx>
9 11
</Rx>
</Measure>

<Measure>
<Tx> 29 28 </Tx>
<Rx>
26 27
</Rx>
<Rx>
25 26
</Rx>
<Rx>
24 25
</Rx>
<Rx>
23 24
</Rx>
<Rx>
22 23
</Rx>
<Rx>
21 22
</Rx>
<Rx>
20 21
</Rx>
<Rx>
19 20
</Rx>
</Measure>

<Measure>
<Tx> 28 22 </Tx>
<Rx>
10 16
</Rx>
<Rx>
4 10
</Rx>
</Measure>

<Measure>
<Tx> 28 23 </Tx>
<Rx>
13 18
</Rx>
<Rx>
8 13
</Rx>
<Rx>
3 8
</Rx>
</Measure>

<Measure>
<Tx> 28 24 </Tx>
<Rx>
16 20
</Rx>
<Rx>
12 16
</Rx>
<Rx>
8 12
</Rx>
<Rx>
4 8
</Rx>
</Measure>

<Measure>
<Tx> 28 25 </Tx>
<Rx>
19 22
</Rx>
<Rx>
16 19
</Rx>
<Rx>
13 16
</Rx>
<Rx>
10 13
</Rx>
<Rx>
7 10
</Rx>
<Rx>
4 7
</Rx>
<Rx>
1 4
</Rx>
</Measure>

<Measure>
<Tx> 28 26 </Tx>
<Rx>
22 24
</Rx>
<Rx>
20 22
</Rx>
<Rx>
18 20
</Rx>
<Rx>
16 18
</Rx>
<Rx>
14 16
</Rx>
<Rx>
12 14
</Rx>
<Rx>
10 12
</Rx>
<Rx>
8 10
</Rx>
</Measure>

<Measure>
<Tx> 28 27 </Tx>
<Rx>
25 26
</Rx>
<Rx>
24 25
</Rx>
<Rx>
23 24
</Rx>
<Rx>
22 23
</Rx>
<Rx>
21 22
</Rx>
<Rx>
20 21
</Rx>
<Rx>
19 20
</Rx>
<Rx>
18 19
</Rx>
</Measure>

<Measure>
<Tx> 27 21 </Tx>
<Rx>
9 15
</Rx>
<Rx>
3 9
</Rx>
</Measure>

<Measure>
<Tx> 27 22 </Tx>
<Rx>
12 17
</Rx>
<Rx>
7 12
</Rx>
<Rx>
2 7
</Rx>
</Measure>

<Measure>
<Tx> 27 23 </Tx>
<Rx>
15 19
</Rx>
<Rx>
11 15
</Rx>
<Rx>
7 11
</Rx>
<Rx>
3 7
</Rx>
</Measure>

<Measure>
<Tx> 27 24 </Tx>
<Rx>
18 21
</Rx>
<Rx>
15 18
</Rx>
<Rx>
12 15
</Rx>
<Rx>
9 12
</Rx>
<Rx>
6 9
</Rx>
<Rx>
3 6
</Rx>
</Measure>

<Measure>
<Tx> 27 25 </Tx>
<Rx>
21 23
</Rx>
<Rx>
19 21
</Rx>
<Rx>
17 19
</Rx>
<Rx>
15 17
</Rx>
<Rx>
13 15
</Rx>
<Rx>
11 13
</Rx>
<Rx>
9 11
</Rx>
<Rx>
7 9
</Rx>
</Measure>

<Measure>
<Tx> 27 26 </Tx>
<Rx>
24 25
</Rx>
<Rx>
23 24
</Rx>
<Rx>
22 23
</Rx>
<Rx>
21 22
</Rx>
<Rx>
20 21
</Rx>
<Rx>
19 20
</Rx>
<Rx>
18 19
</Rx>
<Rx>
17 18
</Rx>
</Measure>

<Measure>
<Tx> 26 20 </Tx>
<Rx>
8 14
</Rx>
<Rx>
2 8
</Rx>
</Measure>

<Measure>
<Tx> 26 21 </Tx>
<Rx>
11 16
</Rx>
<Rx>
6 11
</Rx>
<Rx>
1 6
</Rx>
</Measure>

<Measure>
<Tx> 26 22 </Tx>
<Rx>
14 18
</Rx>
<Rx>
10 14
</Rx>
<Rx>
6 10
</Rx>
<Rx>
2 6
</Rx>
</Measure>

<Measure>
<Tx> 26 23 </Tx>
<Rx>
17 20
</Rx>
<Rx>
14 17
</Rx>
<Rx>
11 14
</Rx>
<Rx>
8 11
</Rx>
<Rx>
5 8
</Rx>
<Rx>
2 5
</Rx>
</Measure>

<Measure>
<Tx> 26 24 </Tx>
<Rx>
20 22
</Rx>
<Rx>
18 20
</Rx>
<Rx>
16 18
</Rx>
<Rx>
14 16
</Rx>
<Rx>
12 14
</Rx>
<Rx>
10 12
</Rx>
<Rx>
8 10
</Rx>
<Rx>
6 8
</Rx>
</Measure>

<Measure>
<Tx> 26 25 </Tx>
<Rx>
23 24
</Rx>
<Rx>
22 23
</Rx>
<Rx>
21 22
</Rx>
<Rx>
20 21
</Rx>
<Rx>
19 20
</Rx>
<Rx>
18 19
</Rx>
<Rx>
17 18
</Rx>
<Rx>
16 17
</Rx>
</Measure>

<Measure>
<Tx> 25 19 </Tx>
<Rx>
7 13
</Rx>
<Rx>
1 7
</Rx>
</Measure>

<Measure>
<Tx> 25 20 </Tx>
<Rx>
10 15
</Rx>
<Rx>
5 10
</Rx>
</Measure>

<Measure>
<Tx> 25 21 </Tx>
<Rx>
13 17
</Rx>
<Rx>
9 13
</Rx>
<Rx>
5 9
</Rx>
<Rx>
1 5
</Rx>
</Measure>

<Measure>
<Tx> 25 22 </Tx>
<Rx>
16 19
</Rx>
<Rx>
13 16
</Rx>
<Rx>
10 13
</Rx>
<Rx>
7 10
</Rx>
<Rx>
4 7
</Rx>
<Rx>
1 4
</Rx>
</Measure>

<Measure>
<Tx> 25 23 </Tx>
<Rx>
19 21
</Rx>
<Rx>
17 19
</Rx>
<Rx>
15 17
</Rx>
<Rx>
13 15
</Rx>
<Rx>
11 13
</Rx>
<Rx>
9 11
</Rx>
<Rx>
7 9
</Rx>
<Rx>
5 7
</Rx>
</Measure>

<Measure>
<Tx> 25 24 </Tx>
<Rx>
22 23
</Rx>
<Rx>
21 22
</Rx>
<Rx>
20 21
</Rx>
<Rx>
19 20
</Rx>
<Rx>
18 19
</Rx>
<Rx>
17 18
</Rx>
<Rx>
16 17
</Rx>
<Rx>
15 16
</Rx>
</Measure>

<Measure>
<Tx> 24 18 </Tx>
<Rx>
6 12
</Rx>
</Measure>

<Measure>
<Tx> 24 19 </Tx>
<Rx>
9 14
</Rx>
<Rx>
4 9
</Rx>
</Measure>

<Measure>
<Tx> 24 20 </Tx>
<Rx>
12 16
</Rx>
<Rx>
8 12
</Rx>
<Rx>
4 8
</Rx>
</Measure>

<Measure>
<Tx> 24 21 </Tx>
<Rx>
15 18
</Rx>
<Rx>
12 15
</Rx>
<Rx>
9 12
</Rx>
<Rx>
6 9
</Rx>
<Rx>
3 6
</Rx>
</Measure>

<Measure>
<Tx> 24 22 </Tx>
<Rx>
18 20
</Rx>
<Rx>
16 18
</Rx>
<Rx>
14 16
</Rx>
<Rx>
12 14
</Rx>
<Rx>
10 12
</Rx>
<Rx>
8 10
</Rx>
<Rx>
6 8
</Rx>
<Rx>
4 6
</Rx>
</Measure>

<Measure>
<Tx> 24 23 </Tx>
<Rx>
21 22
</Rx>
<Rx>
20 21
</Rx>
<Rx>
19 20
</Rx>
<Rx>
18 19
</Rx>
<Rx>
17 18
</Rx>
<Rx>
16 17
</Rx>
<Rx>
15 16
</Rx>
<Rx>
14 15
</Rx>
</Measure>

<Measure>
<Tx> 23 17 </Tx>
<Rx>
5 11
</Rx>
</Measure>

<Measure>
<Tx> 23 18 </Tx>
<Rx>
8 13
</Rx>
<Rx>
3 8
</Rx>
</Measure>

<Measure>
<Tx> 23 19 </Tx>
<Rx>
11 15
</Rx>
<Rx>
7 11
</Rx>
<Rx>
3 7
</Rx>
</Measure>

<Measure>
<Tx> 23 20 </Tx>
<Rx>
14 17
</Rx>
<Rx>
11 14
</Rx>
<Rx>
8 11
</Rx>
<Rx>
5 8
</Rx>
<Rx>
2 5
</Rx>
</Measure>

<Measure>
<Tx> 23 21 </Tx>
<Rx>
17 19
</Rx>
<Rx>
15 17
</Rx>
<Rx>
13 15
</Rx>
<Rx>
11 13
</Rx>
<Rx>
9 11
</Rx>
<Rx>
7 9
</Rx>
<Rx>
5 7
</Rx>
<Rx>
3 5
</Rx>
</Measure>

<Measure>
<Tx> 23 22 </Tx>
<Rx>
20 21
</Rx>
<Rx>
19 20
</Rx>
<Rx>
18 19
</Rx>
<Rx>
17 18
</Rx>
<Rx>
16 17
</Rx>
<Rx>
15 16
</Rx>
<Rx>
14 15
</Rx>
<Rx>
13 14
</Rx>
</Measure>

<Measure>
<Tx> 22 16 </Tx>
<Rx>
4 10
</Rx>
</Measure>

<Measure>
<Tx> 22 17 </Tx>
<Rx>
7 12
</Rx>
<Rx>
2 7
</Rx>
</Measure>

<Measure>
<Tx> 22 18 </Tx>
<Rx>
10 14
</Rx>
<Rx>
6 10
</Rx>
<Rx>
2 6
</Rx>
</Measure>

<Measure>
<Tx> 22 19 </Tx>
<Rx>
13 16
</Rx>
<Rx>
10 13
</Rx>
<Rx>
7 10
</Rx>
<Rx>
4 7
</Rx>
<Rx>
1 4
</Rx>
</Measure>

<Measure>
<Tx> 22 20 </Tx>
<Rx>
16 18
</Rx>
<Rx>
14 16
</Rx>
<Rx>
12 14
</Rx>
<Rx>
10 12
</Rx>
<Rx>
8 10
</Rx>
<Rx>
6 8
</Rx>
<Rx>
4 6
</Rx>
<Rx>
2 4
</Rx>
</Measure>

<Measure>
<Tx> 22 21 </Tx>
<Rx>
19 20
</Rx>
<Rx>
18 19
</Rx>
<Rx>
17 18
</Rx>
<Rx>
16 17
</Rx>
<Rx>
15 16
</Rx>
<Rx>
14 15
</Rx>
<Rx>
13 14
</Rx>
<Rx>
12 13
</Rx>
</Measure>

<Measure>
<Tx> 21 15 </Tx>
<Rx>
3 9
</Rx>
</Measure>

<Measure>
<Tx> 21 16 </Tx>
<Rx>
6 11
</Rx>
<Rx>
1 6
</Rx>
</Measure>

<Measure>
<Tx> 21 17 </Tx>
<Rx>
9 13
</Rx>
<Rx>
5 9
</Rx>
<Rx>
1 5
</Rx>
</Measure>

<Measure>
<Tx> 21 18 </Tx>
<Rx>
12 15
</Rx>
<Rx>
9 12
</Rx>
<Rx>
6 9
</Rx>
<Rx>
3 6
</Rx>
</Measure>

<Measure>
<Tx> 21 19 </Tx>
<Rx>
15 17
</Rx>
<Rx>
13 15
</Rx>
<Rx>
11 13
</Rx>
<Rx>
9 11
</Rx>
<Rx>
7 9
</Rx>
<Rx>
5 7
</Rx>
<Rx>
3 5
</Rx>
<Rx>
1 3
</Rx>
</Measure>

<Measure>
<Tx> 21 20 </Tx>
<Rx>
18 19
</Rx>
<Rx>
17 18
</Rx>
<Rx>
16 17
</Rx>
<Rx>
15 16
</Rx>
<Rx>
14 15
</Rx>
<Rx>
13 14
</Rx>
<Rx>
12 13
</Rx>
<Rx>
11 12
</Rx>
</Measure>

<Measure>
<Tx> 20 14 </Tx>
<Rx>
2 8
</Rx>
</Measure>

<Measure>
<Tx> 20 15 </Tx>
<Rx>
5 10
</Rx>
</Measure>

<Measure>
<Tx> 20 16 </Tx>
<Rx>
8 12
</Rx>
<Rx>
4 8
</Rx>
</Measure>

<Measure>
<Tx> 20 17 </Tx>
<Rx>
11 14
</Rx>
<Rx>
8 11
</Rx>
<Rx>
5 8
</Rx>
<Rx>
2 5
</Rx>
</Measure>

<Measure>
<Tx> 20 18 </Tx>
<Rx>
14 16
</Rx>
<Rx>
12 14
</Rx>
<Rx>
10 12
</Rx>
<Rx>
8 10
</Rx>
<Rx>
6 8
</Rx>
<Rx>
4 6
</Rx>
<Rx>
2 4
</Rx>
</Measure>

<Measure>
<Tx> 20 19 </Tx>
<Rx>
17 18
</Rx>
<Rx>
16 17
</Rx>
<Rx>
15 16
</Rx>
<Rx>
14 15
</Rx>
<Rx>
13 14
</Rx>
<Rx>
12 13
</Rx>
<Rx>
11 12
</Rx>
<Rx>
10 11
</Rx>
</Measure>

<Measure>
<Tx> 19 13 </Tx>
<Rx>
1 7
</Rx>
</Measure>

<Measure>
<Tx> 19 14 </Tx>
<Rx>
4 9
</Rx>
</Measure>

<Measure>
<Tx> 19 15 </Tx>
<Rx>
7 11
</Rx>
<Rx>
3 7
</Rx>
</Measure>

<Measure>
<Tx> 19 16 </Tx>
<Rx>
10 13
</Rx>
<Rx>
7 10
</Rx>
<Rx>
4 7
</Rx>
<Rx>
1 4
</Rx>
</Measure>

<Measure>
<Tx> 19 17 </Tx>
<Rx>
13 15
</Rx>
<Rx>
11 13
</Rx>
<Rx>
9 11
</Rx>
<Rx>
7 9
</Rx>
<Rx>
5 7
</Rx>
<Rx>
3 5
</Rx>
<Rx>
1 3
</Rx>
</Measure>

<Measure>
<Tx> 19 18 </Tx>
<Rx>
16 17
</Rx>
<Rx>
15 16
</Rx>
<Rx>
14 15
</Rx>
<Rx>
13 14
</Rx>
<Rx>
12 13
</Rx>
<Rx>
11 12
</Rx>
<Rx>
10 11
</Rx>
<Rx>
9 10
</Rx>
</Measure>

<Measure>
<Tx> 18 13 </Tx>
<Rx>
3 8
</Rx>
</Measure>

<Measure>
<Tx> 18 14 </Tx>
<Rx>
6 10
</Rx>
<Rx>
2 6
</Rx>
</Measure>

<Measure>
<Tx> 18 15 </Tx>
<Rx>
9 12
</Rx>
<Rx>
6 9
</Rx>
<Rx>
3 6
</Rx>
</Measure>

<Measure>
<Tx> 18 16 </Tx>
<Rx>
12 14
</Rx>
<Rx>
10 12
</Rx>
<Rx>
8 10
</Rx>
<Rx>
6 8
</Rx>
<Rx>
4 6
</Rx>
<Rx>
2 4
</Rx>
</Measure>

<Measure>
<Tx> 18 17 </Tx>
<Rx>
15 16
</Rx>
<Rx>
14 15
</Rx>
<Rx>
13 14
</Rx>
<Rx>
12 13
</Rx>
<Rx>
11 12
</Rx>
<Rx>
10 11
</Rx>
<Rx>
9 10
</Rx>
<Rx>
8 9
</Rx>
</Measure>

<Measure>
<Tx> 17 12 </Tx>
<Rx>
2 7
</Rx>
</Measure>

<Measure>
<Tx> 17 13 </Tx>
<Rx>
5 9
</Rx>
<Rx>
1 5
</Rx>
</Measure>

<Measure>
<Tx> 17 14 </Tx>
<Rx>
8 11
</Rx>
<Rx>
5 8
</Rx>
<Rx>
2 5
</Rx>
</Measure>

<Measure>
<Tx> 17 15 </Tx>
<Rx>
11 13
</Rx>
<Rx>
9 11
</Rx>
<Rx>
7 9
</Rx>
<Rx>
5 7
</Rx>
<Rx>
3 5
</Rx>
<Rx>
1 3
</Rx>
</Measure>

<Measure>
<Tx> 17 16 </Tx>
<Rx>
14 15
</Rx>
<Rx>
13 14
</Rx>
<Rx>
12 13
</Rx>
<Rx>
11 12
</Rx>
<Rx>
10 11
</Rx>
<Rx>
9 10
</Rx>
<Rx>
8 9
</Rx>
<Rx>
7 8
</Rx>
</Measure>

<Measure>
<Tx> 16 11 </Tx>
<Rx>
1 6
</Rx>
</Measure>

<Measure>
<Tx> 16 12 </Tx>
<Rx>
4 8
</Rx>
</Measure>

<Measure>
<Tx> 16 13 </Tx>
<Rx>
7 10
</Rx>
<Rx>
4 7
</Rx>
<Rx>
1 4
</Rx>
</Measure>

<Measure>
<Tx> 16 14 </Tx>
<Rx>
10 12
</Rx>
<Rx>
8 10
</Rx>
<Rx>
6 8
</Rx>
<Rx>
4 6
</Rx>
<Rx>
2 4
</Rx>
</Measure>

<Measure>
<Tx> 16 15 </Tx>
<Rx>
13 14
</Rx>
<Rx>
12 13
</Rx>
<Rx>
11 12
</Rx>
<Rx>
10 11
</Rx>
<Rx>
9 10
</Rx>
<Rx>
8 9
</Rx>
<Rx>
7 8
</Rx>
<Rx>
6 7
</Rx>
</Measure>

<Measure>
<Tx> 15 11 </Tx>
<Rx>
3 7
</Rx>
</Measure>

<Measure>
<Tx> 15 12 </Tx>
<Rx>
6 9
</Rx>
<Rx>
3 6
</Rx>
</Measure>

<Measure>
<Tx> 15 13 </Tx>
<Rx>
9 11
</Rx>
<Rx>
7 9
</Rx>
<Rx>
5 7
</Rx>
<Rx>
3 5
</Rx>
<Rx>
1 3
</Rx>
</Measure>

<Measure>
<Tx> 15 14 </Tx>
<Rx>
12 13
</Rx>
<Rx>
11 12
</Rx>
<Rx>
10 11
</Rx>
<Rx>
9 10
</Rx>
<Rx>
8 9
</Rx>
<Rx>
7 8
</Rx>
<Rx>
6 7
</Rx>
<Rx>
5 6
</Rx>
</Measure>

<Measure>
<Tx> 14 10 </Tx>
<Rx>
2 6
</Rx>
</Measure>

<Measure>
<Tx> 14 11 </Tx>
<Rx>
5 8
</Rx>
<Rx>
2 5
</Rx>
</Measure>

<Measure>
<Tx> 14 12 </Tx>
<Rx>
8 10
</Rx>
<Rx>
6 8
</Rx>
<Rx>
4 6
</Rx>
<Rx>
2 4
</Rx>
</Measure>

<Measure>
<Tx> 14 13 </Tx>
<Rx>
11 12
</Rx>
<Rx>
10 11
</Rx>
<Rx>
9 10
</Rx>
<Rx>
8 9
</Rx>
<Rx>
7 8
</Rx>
<Rx>
6 7
</Rx>
<Rx>
5 6
</Rx>
<Rx>
4 5
</Rx>
</Measure>

<Measure>
<Tx> 13 9 </Tx>
<Rx>
1 5
</Rx>
</Measure>

<Measure>
<Tx> 13 10 </Tx>
<Rx>
4 7
</Rx>
<Rx>
1 4
</Rx>
</Measure>

<Measure>
<Tx> 13 11 </Tx>
<Rx>
7 9
</Rx>
<Rx>
5 7
</Rx>
<Rx>
3 5
</Rx>
<Rx>
1 3
</Rx>
</Measure>

<Measure>
<Tx> 13 12 </Tx>
<Rx>
10 11
</Rx>
<Rx>
9 10
</Rx>
<Rx>
8 9
</Rx>
<Rx>
7 8
</Rx>
<Rx>
6 7
</Rx>
<Rx>
5 6
</Rx>
<Rx>
4 5
</Rx>
<Rx>
3 4
</Rx>
</Measure>

<Measure>
<Tx> 12 9 </Tx>
<Rx>
3 6
</Rx>
</Measure>

<Measure>
<Tx> 12 10 </Tx>
<Rx>
6 8
</Rx>
<Rx>
4 6
</Rx>
<Rx>
2 4
</Rx>
</Measure>

<Measure>
<Tx> 12 11 </Tx>
<Rx>
9 10
</Rx>
<Rx>
8 9
</Rx>
<Rx>
7 8
</Rx>
<Rx>
6 7
</Rx>
<Rx>
5 6
</Rx>
<Rx>
4 5
</Rx>
<Rx>
3 4
</Rx>
<Rx>
2 3
</Rx>
</Measure>

<Measure>
<Tx> 11 8 </Tx>
<Rx>
2 5
</Rx>
</Measure>

<Measure>
<Tx> 11 9 </Tx>
<Rx>
5 7
</Rx>
<Rx>
3 5
</Rx>
<Rx>
1 3
</Rx>
</Measure>

<Measure>
<Tx> 11 10 </Tx>
<Rx>
8 9
</Rx>
<Rx>
7 8
</Rx>
<Rx>
6 7
</Rx>
<Rx>
5 6
</Rx>
<Rx>
4 5
</Rx>
<Rx>
3 4
</Rx>
<Rx>
2 3
</Rx>
<Rx>
1 2
</Rx>
</Measure>

<Measure>
<Tx> 10 7 </Tx>
<Rx>
1 4
</Rx>
</Measure>

<Measure>
<Tx> 10 8 </Tx>
<Rx>
4 6
</Rx>
<Rx>
2 4
</Rx>
</Measure>

<Measure>
<Tx> 10 9 </Tx>
<Rx>
7 8
</Rx>
<Rx>
6 7
</Rx>
<Rx>
5 6
</Rx>
<Rx>
4 5
</Rx>
<Rx>
3 4
</Rx>
<Rx>
2 3
</Rx>
<Rx>
1 2
</Rx>
</Measure>

<Measure>
<Tx> 9 7 </Tx>
<Rx>
3 5
</Rx>
<Rx>
1 3
</Rx>
</Measure>

<Measure>
<Tx> 9 8 </Tx>
<Rx>
6 7
</Rx>
<Rx>
5 6
</Rx>
<Rx>
4 5
</Rx>
<Rx>
3 4
</Rx>
<Rx>
2 3
</Rx>
<Rx>
1 2
</Rx>
</Measure>

<Measure>
<Tx> 8 6 </Tx>
<Rx>
2 4
</Rx>
</Measure>

<Measure>
<Tx> 8 7 </Tx>
<Rx>
5 6
</Rx>
<Rx>
4 5
</Rx>
<Rx>
3 4
</Rx>
<Rx>
2 3
</Rx>
<Rx>
1 2
</Rx>
</Measure>

<Measure>
<Tx> 7 5 </Tx>
<Rx>
1 3
</Rx>
</Measure>

<Measure>
<Tx> 7 6 </Tx>
<Rx>
4 5
</Rx>
<Rx>
3 4
</Rx>
<Rx>
2 3
</Rx>
<Rx>
1 2
</Rx>
</Measure>

<Measure>
<Tx> 6 5 </Tx>
<Rx>
3 4
</Rx>
<Rx>
2 3
</Rx>
<Rx>
1 2
</Rx>
</Measure>

<Measure>
<Tx> 5 4 </Tx>
<Rx>
2 3
</Rx>
<Rx>
1 2
</Rx>
</Measure>

<Measure>
<Tx> 4 3 </Tx>
<Rx>
1 2
</Rx>
</Measure>

</Sequence>
</Protocol>
