<?xml version="1.0" encoding="UTF-8" ?>
<Protocol>
<Name>Reciprocal_R_Schlumberger64</Name>
<Description>Individual reciprocal measurements generated from Schlumberger64.xml - One reciprocal per Tx-Rx pair</Description>
<SpreadFile>4x16.xml</SpreadFile>
<Arraycode>11</Arraycode>
<Sequence>
<Measure>
    <Tx>26 31</Tx>
    <Rx>1 56</Rx>
</Measure>
<Measure>
    <Tx>27 32</Tx>
    <Rx>2 57</Rx>
</Measure>
<Measure>
    <Tx>28 33</Tx>
    <Rx>3 58</Rx>
</Measure>
<Measure>
    <Tx>29 34</Tx>
    <Rx>4 59</Rx>
</Measure>
<Measure>
    <Tx>30 35</Tx>
    <Rx>5 60</Rx>
</Measure>
<Measure>
    <Tx>31 36</Tx>
    <Rx>6 61</Rx>
</Measure>
<Measure>
    <Tx>32 37</Tx>
    <Rx>7 62</Rx>
</Measure>
<Measure>
    <Tx>33 38</Tx>
    <Rx>8 63</Rx>
</Measure>
<Measure>
    <Tx>34 39</Tx>
    <Rx>9 64</Rx>
</Measure>
<Measure>
    <Tx>21 26</Tx>
    <Rx>1 46</Rx>
</Measure>
<Measure>
    <Tx>22 27</Tx>
    <Rx>2 47</Rx>
</Measure>
<Measure>
    <Tx>23 28</Tx>
    <Rx>3 48</Rx>
</Measure>
<Measure>
    <Tx>24 29</Tx>
    <Rx>4 49</Rx>
</Measure>
<Measure>
    <Tx>25 30</Tx>
    <Rx>5 50</Rx>
</Measure>
<Measure>
    <Tx>26 31</Tx>
    <Rx>6 51</Rx>
</Measure>
<Measure>
    <Tx>27 32</Tx>
    <Rx>7 52</Rx>
</Measure>
<Measure>
    <Tx>28 33</Tx>
    <Rx>8 53</Rx>
</Measure>
<Measure>
    <Tx>29 34</Tx>
    <Rx>9 54</Rx>
</Measure>
<Measure>
    <Tx>30 35</Tx>
    <Rx>10 55</Rx>
</Measure>
<Measure>
    <Tx>31 36</Tx>
    <Rx>11 56</Rx>
</Measure>
<Measure>
    <Tx>32 37</Tx>
    <Rx>12 57</Rx>
</Measure>
<Measure>
    <Tx>33 38</Tx>
    <Rx>13 58</Rx>
</Measure>
<Measure>
    <Tx>34 39</Tx>
    <Rx>14 59</Rx>
</Measure>
<Measure>
    <Tx>35 40</Tx>
    <Rx>15 60</Rx>
</Measure>
<Measure>
    <Tx>36 41</Tx>
    <Rx>16 61</Rx>
</Measure>
<Measure>
    <Tx>37 42</Tx>
    <Rx>17 62</Rx>
</Measure>
<Measure>
    <Tx>38 43</Tx>
    <Rx>18 63</Rx>
</Measure>
<Measure>
    <Tx>39 44</Tx>
    <Rx>19 64</Rx>
</Measure>
<Measure>
    <Tx>16 21</Tx>
    <Rx>1 36</Rx>
</Measure>
<Measure>
    <Tx>17 22</Tx>
    <Rx>2 37</Rx>
</Measure>
<Measure>
    <Tx>18 23</Tx>
    <Rx>3 38</Rx>
</Measure>
<Measure>
    <Tx>19 24</Tx>
    <Rx>4 39</Rx>
</Measure>
<Measure>
    <Tx>20 25</Tx>
    <Rx>5 40</Rx>
</Measure>
<Measure>
    <Tx>21 26</Tx>
    <Rx>6 41</Rx>
</Measure>
<Measure>
    <Tx>22 27</Tx>
    <Rx>7 42</Rx>
</Measure>
<Measure>
    <Tx>23 28</Tx>
    <Rx>8 43</Rx>
</Measure>
<Measure>
    <Tx>24 29</Tx>
    <Rx>9 44</Rx>
</Measure>
<Measure>
    <Tx>25 30</Tx>
    <Rx>10 45</Rx>
</Measure>
<Measure>
    <Tx>26 31</Tx>
    <Rx>11 46</Rx>
</Measure>
<Measure>
    <Tx>27 32</Tx>
    <Rx>12 47</Rx>
</Measure>
<Measure>
    <Tx>28 33</Tx>
    <Rx>13 48</Rx>
</Measure>
<Measure>
    <Tx>29 34</Tx>
    <Rx>14 49</Rx>
</Measure>
<Measure>
    <Tx>30 35</Tx>
    <Rx>15 50</Rx>
</Measure>
<Measure>
    <Tx>31 36</Tx>
    <Rx>16 51</Rx>
</Measure>
<Measure>
    <Tx>32 37</Tx>
    <Rx>17 52</Rx>
</Measure>
<Measure>
    <Tx>33 38</Tx>
    <Rx>18 53</Rx>
</Measure>
<Measure>
    <Tx>34 39</Tx>
    <Rx>19 54</Rx>
</Measure>
<Measure>
    <Tx>35 40</Tx>
    <Rx>20 55</Rx>
</Measure>
<Measure>
    <Tx>36 41</Tx>
    <Rx>21 56</Rx>
</Measure>
<Measure>
    <Tx>37 42</Tx>
    <Rx>22 57</Rx>
</Measure>
<Measure>
    <Tx>38 43</Tx>
    <Rx>23 58</Rx>
</Measure>
<Measure>
    <Tx>39 44</Tx>
    <Rx>24 59</Rx>
</Measure>
<Measure>
    <Tx>40 45</Tx>
    <Rx>25 60</Rx>
</Measure>
<Measure>
    <Tx>41 46</Tx>
    <Rx>26 61</Rx>
</Measure>
<Measure>
    <Tx>42 47</Tx>
    <Rx>27 62</Rx>
</Measure>
<Measure>
    <Tx>43 48</Tx>
    <Rx>28 63</Rx>
</Measure>
<Measure>
    <Tx>44 49</Tx>
    <Rx>29 64</Rx>
</Measure>
<Measure>
    <Tx>11 16</Tx>
    <Rx>1 26</Rx>
</Measure>
<Measure>
    <Tx>12 17</Tx>
    <Rx>2 27</Rx>
</Measure>
<Measure>
    <Tx>13 18</Tx>
    <Rx>3 28</Rx>
</Measure>
<Measure>
    <Tx>14 19</Tx>
    <Rx>4 29</Rx>
</Measure>
<Measure>
    <Tx>15 20</Tx>
    <Rx>5 30</Rx>
</Measure>
<Measure>
    <Tx>16 21</Tx>
    <Rx>6 31</Rx>
</Measure>
<Measure>
    <Tx>17 22</Tx>
    <Rx>7 32</Rx>
</Measure>
<Measure>
    <Tx>18 23</Tx>
    <Rx>8 33</Rx>
</Measure>
<Measure>
    <Tx>19 24</Tx>
    <Rx>9 34</Rx>
</Measure>
<Measure>
    <Tx>20 25</Tx>
    <Rx>10 35</Rx>
</Measure>
<Measure>
    <Tx>21 26</Tx>
    <Rx>11 36</Rx>
</Measure>
<Measure>
    <Tx>22 27</Tx>
    <Rx>12 37</Rx>
</Measure>
<Measure>
    <Tx>23 28</Tx>
    <Rx>13 38</Rx>
</Measure>
<Measure>
    <Tx>24 29</Tx>
    <Rx>14 39</Rx>
</Measure>
<Measure>
    <Tx>25 30</Tx>
    <Rx>15 40</Rx>
</Measure>
<Measure>
    <Tx>26 31</Tx>
    <Rx>16 41</Rx>
</Measure>
<Measure>
    <Tx>27 32</Tx>
    <Rx>17 42</Rx>
</Measure>
<Measure>
    <Tx>28 33</Tx>
    <Rx>18 43</Rx>
</Measure>
<Measure>
    <Tx>29 34</Tx>
    <Rx>19 44</Rx>
</Measure>
<Measure>
    <Tx>30 35</Tx>
    <Rx>20 45</Rx>
</Measure>
<Measure>
    <Tx>31 36</Tx>
    <Rx>21 46</Rx>
</Measure>
<Measure>
    <Tx>32 37</Tx>
    <Rx>22 47</Rx>
</Measure>
<Measure>
    <Tx>33 38</Tx>
    <Rx>23 48</Rx>
</Measure>
<Measure>
    <Tx>34 39</Tx>
    <Rx>24 49</Rx>
</Measure>
<Measure>
    <Tx>35 40</Tx>
    <Rx>25 50</Rx>
</Measure>
<Measure>
    <Tx>36 41</Tx>
    <Rx>26 51</Rx>
</Measure>
<Measure>
    <Tx>37 42</Tx>
    <Rx>27 52</Rx>
</Measure>
<Measure>
    <Tx>38 43</Tx>
    <Rx>28 53</Rx>
</Measure>
<Measure>
    <Tx>39 44</Tx>
    <Rx>29 54</Rx>
</Measure>
<Measure>
    <Tx>40 45</Tx>
    <Rx>30 55</Rx>
</Measure>
<Measure>
    <Tx>41 46</Tx>
    <Rx>31 56</Rx>
</Measure>
<Measure>
    <Tx>42 47</Tx>
    <Rx>32 57</Rx>
</Measure>
<Measure>
    <Tx>43 48</Tx>
    <Rx>33 58</Rx>
</Measure>
<Measure>
    <Tx>44 49</Tx>
    <Rx>34 59</Rx>
</Measure>
<Measure>
    <Tx>45 50</Tx>
    <Rx>35 60</Rx>
</Measure>
<Measure>
    <Tx>46 51</Tx>
    <Rx>36 61</Rx>
</Measure>
<Measure>
    <Tx>47 52</Tx>
    <Rx>37 62</Rx>
</Measure>
<Measure>
    <Tx>48 53</Tx>
    <Rx>38 63</Rx>
</Measure>
<Measure>
    <Tx>49 54</Tx>
    <Rx>39 64</Rx>
</Measure>
<Measure>
    <Tx>6 11</Tx>
    <Rx>1 16</Rx>
</Measure>
<Measure>
    <Tx>7 12</Tx>
    <Rx>2 17</Rx>
</Measure>
<Measure>
    <Tx>8 13</Tx>
    <Rx>3 18</Rx>
</Measure>
<Measure>
    <Tx>9 14</Tx>
    <Rx>4 19</Rx>
</Measure>
<Measure>
    <Tx>10 15</Tx>
    <Rx>5 20</Rx>
</Measure>
<Measure>
    <Tx>11 16</Tx>
    <Rx>6 21</Rx>
</Measure>
<Measure>
    <Tx>12 17</Tx>
    <Rx>7 22</Rx>
</Measure>
<Measure>
    <Tx>13 18</Tx>
    <Rx>8 23</Rx>
</Measure>
<Measure>
    <Tx>14 19</Tx>
    <Rx>9 24</Rx>
</Measure>
<Measure>
    <Tx>15 20</Tx>
    <Rx>10 25</Rx>
</Measure>
<Measure>
    <Tx>16 21</Tx>
    <Rx>11 26</Rx>
</Measure>
<Measure>
    <Tx>17 22</Tx>
    <Rx>12 27</Rx>
</Measure>
<Measure>
    <Tx>18 23</Tx>
    <Rx>13 28</Rx>
</Measure>
<Measure>
    <Tx>19 24</Tx>
    <Rx>14 29</Rx>
</Measure>
<Measure>
    <Tx>20 25</Tx>
    <Rx>15 30</Rx>
</Measure>
<Measure>
    <Tx>21 26</Tx>
    <Rx>16 31</Rx>
</Measure>
<Measure>
    <Tx>22 27</Tx>
    <Rx>17 32</Rx>
</Measure>
<Measure>
    <Tx>23 28</Tx>
    <Rx>18 33</Rx>
</Measure>
<Measure>
    <Tx>24 29</Tx>
    <Rx>19 34</Rx>
</Measure>
<Measure>
    <Tx>25 30</Tx>
    <Rx>20 35</Rx>
</Measure>
<Measure>
    <Tx>26 31</Tx>
    <Rx>21 36</Rx>
</Measure>
<Measure>
    <Tx>27 32</Tx>
    <Rx>22 37</Rx>
</Measure>
<Measure>
    <Tx>28 33</Tx>
    <Rx>23 38</Rx>
</Measure>
<Measure>
    <Tx>29 34</Tx>
    <Rx>24 39</Rx>
</Measure>
<Measure>
    <Tx>30 35</Tx>
    <Rx>25 40</Rx>
</Measure>
<Measure>
    <Tx>31 36</Tx>
    <Rx>26 41</Rx>
</Measure>
<Measure>
    <Tx>32 37</Tx>
    <Rx>27 42</Rx>
</Measure>
<Measure>
    <Tx>33 38</Tx>
    <Rx>28 43</Rx>
</Measure>
<Measure>
    <Tx>34 39</Tx>
    <Rx>29 44</Rx>
</Measure>
<Measure>
    <Tx>35 40</Tx>
    <Rx>30 45</Rx>
</Measure>
<Measure>
    <Tx>36 41</Tx>
    <Rx>31 46</Rx>
</Measure>
<Measure>
    <Tx>37 42</Tx>
    <Rx>32 47</Rx>
</Measure>
<Measure>
    <Tx>38 43</Tx>
    <Rx>33 48</Rx>
</Measure>
<Measure>
    <Tx>39 44</Tx>
    <Rx>34 49</Rx>
</Measure>
<Measure>
    <Tx>40 45</Tx>
    <Rx>35 50</Rx>
</Measure>
<Measure>
    <Tx>41 46</Tx>
    <Rx>36 51</Rx>
</Measure>
<Measure>
    <Tx>42 47</Tx>
    <Rx>37 52</Rx>
</Measure>
<Measure>
    <Tx>43 48</Tx>
    <Rx>38 53</Rx>
</Measure>
<Measure>
    <Tx>44 49</Tx>
    <Rx>39 54</Rx>
</Measure>
<Measure>
    <Tx>45 50</Tx>
    <Rx>40 55</Rx>
</Measure>
<Measure>
    <Tx>46 51</Tx>
    <Rx>41 56</Rx>
</Measure>
<Measure>
    <Tx>47 52</Tx>
    <Rx>42 57</Rx>
</Measure>
<Measure>
    <Tx>48 53</Tx>
    <Rx>43 58</Rx>
</Measure>
<Measure>
    <Tx>49 54</Tx>
    <Rx>44 59</Rx>
</Measure>
<Measure>
    <Tx>50 55</Tx>
    <Rx>45 60</Rx>
</Measure>
<Measure>
    <Tx>51 56</Tx>
    <Rx>46 61</Rx>
</Measure>
<Measure>
    <Tx>52 57</Tx>
    <Rx>47 62</Rx>
</Measure>
<Measure>
    <Tx>53 58</Tx>
    <Rx>48 63</Rx>
</Measure>
<Measure>
    <Tx>54 59</Tx>
    <Rx>49 64</Rx>
</Measure>
<Measure>
    <Tx>29 33</Tx>
    <Rx>1 61</Rx>
</Measure>
<Measure>
    <Tx>30 34</Tx>
    <Rx>2 62</Rx>
</Measure>
<Measure>
    <Tx>31 35</Tx>
    <Rx>3 63</Rx>
</Measure>
<Measure>
    <Tx>32 36</Tx>
    <Rx>4 64</Rx>
</Measure>
<Measure>
    <Tx>25 29</Tx>
    <Rx>1 53</Rx>
</Measure>
<Measure>
    <Tx>26 30</Tx>
    <Rx>2 54</Rx>
</Measure>
<Measure>
    <Tx>27 31</Tx>
    <Rx>3 55</Rx>
</Measure>
<Measure>
    <Tx>28 32</Tx>
    <Rx>4 56</Rx>
</Measure>
<Measure>
    <Tx>29 33</Tx>
    <Rx>5 57</Rx>
</Measure>
<Measure>
    <Tx>30 34</Tx>
    <Rx>6 58</Rx>
</Measure>
<Measure>
    <Tx>31 35</Tx>
    <Rx>7 59</Rx>
</Measure>
<Measure>
    <Tx>32 36</Tx>
    <Rx>8 60</Rx>
</Measure>
<Measure>
    <Tx>33 37</Tx>
    <Rx>9 61</Rx>
</Measure>
<Measure>
    <Tx>34 38</Tx>
    <Rx>10 62</Rx>
</Measure>
<Measure>
    <Tx>35 39</Tx>
    <Rx>11 63</Rx>
</Measure>
<Measure>
    <Tx>36 40</Tx>
    <Rx>12 64</Rx>
</Measure>
<Measure>
    <Tx>21 25</Tx>
    <Rx>1 45</Rx>
</Measure>
<Measure>
    <Tx>22 26</Tx>
    <Rx>2 46</Rx>
</Measure>
<Measure>
    <Tx>23 27</Tx>
    <Rx>3 47</Rx>
</Measure>
<Measure>
    <Tx>24 28</Tx>
    <Rx>4 48</Rx>
</Measure>
<Measure>
    <Tx>25 29</Tx>
    <Rx>5 49</Rx>
</Measure>
<Measure>
    <Tx>26 30</Tx>
    <Rx>6 50</Rx>
</Measure>
<Measure>
    <Tx>27 31</Tx>
    <Rx>7 51</Rx>
</Measure>
<Measure>
    <Tx>28 32</Tx>
    <Rx>8 52</Rx>
</Measure>
<Measure>
    <Tx>29 33</Tx>
    <Rx>9 53</Rx>
</Measure>
<Measure>
    <Tx>30 34</Tx>
    <Rx>10 54</Rx>
</Measure>
<Measure>
    <Tx>31 35</Tx>
    <Rx>11 55</Rx>
</Measure>
<Measure>
    <Tx>32 36</Tx>
    <Rx>12 56</Rx>
</Measure>
<Measure>
    <Tx>33 37</Tx>
    <Rx>13 57</Rx>
</Measure>
<Measure>
    <Tx>34 38</Tx>
    <Rx>14 58</Rx>
</Measure>
<Measure>
    <Tx>35 39</Tx>
    <Rx>15 59</Rx>
</Measure>
<Measure>
    <Tx>36 40</Tx>
    <Rx>16 60</Rx>
</Measure>
<Measure>
    <Tx>37 41</Tx>
    <Rx>17 61</Rx>
</Measure>
<Measure>
    <Tx>38 42</Tx>
    <Rx>18 62</Rx>
</Measure>
<Measure>
    <Tx>39 43</Tx>
    <Rx>19 63</Rx>
</Measure>
<Measure>
    <Tx>40 44</Tx>
    <Rx>20 64</Rx>
</Measure>
<Measure>
    <Tx>17 21</Tx>
    <Rx>1 37</Rx>
</Measure>
<Measure>
    <Tx>18 22</Tx>
    <Rx>2 38</Rx>
</Measure>
<Measure>
    <Tx>19 23</Tx>
    <Rx>3 39</Rx>
</Measure>
<Measure>
    <Tx>20 24</Tx>
    <Rx>4 40</Rx>
</Measure>
<Measure>
    <Tx>21 25</Tx>
    <Rx>5 41</Rx>
</Measure>
<Measure>
    <Tx>22 26</Tx>
    <Rx>6 42</Rx>
</Measure>
<Measure>
    <Tx>23 27</Tx>
    <Rx>7 43</Rx>
</Measure>
<Measure>
    <Tx>24 28</Tx>
    <Rx>8 44</Rx>
</Measure>
<Measure>
    <Tx>25 29</Tx>
    <Rx>9 45</Rx>
</Measure>
<Measure>
    <Tx>26 30</Tx>
    <Rx>10 46</Rx>
</Measure>
<Measure>
    <Tx>27 31</Tx>
    <Rx>11 47</Rx>
</Measure>
<Measure>
    <Tx>28 32</Tx>
    <Rx>12 48</Rx>
</Measure>
<Measure>
    <Tx>29 33</Tx>
    <Rx>13 49</Rx>
</Measure>
<Measure>
    <Tx>30 34</Tx>
    <Rx>14 50</Rx>
</Measure>
<Measure>
    <Tx>31 35</Tx>
    <Rx>15 51</Rx>
</Measure>
<Measure>
    <Tx>32 36</Tx>
    <Rx>16 52</Rx>
</Measure>
<Measure>
    <Tx>33 37</Tx>
    <Rx>17 53</Rx>
</Measure>
<Measure>
    <Tx>34 38</Tx>
    <Rx>18 54</Rx>
</Measure>
<Measure>
    <Tx>35 39</Tx>
    <Rx>19 55</Rx>
</Measure>
<Measure>
    <Tx>36 40</Tx>
    <Rx>20 56</Rx>
</Measure>
<Measure>
    <Tx>37 41</Tx>
    <Rx>21 57</Rx>
</Measure>
<Measure>
    <Tx>38 42</Tx>
    <Rx>22 58</Rx>
</Measure>
<Measure>
    <Tx>39 43</Tx>
    <Rx>23 59</Rx>
</Measure>
<Measure>
    <Tx>40 44</Tx>
    <Rx>24 60</Rx>
</Measure>
<Measure>
    <Tx>41 45</Tx>
    <Rx>25 61</Rx>
</Measure>
<Measure>
    <Tx>42 46</Tx>
    <Rx>26 62</Rx>
</Measure>
<Measure>
    <Tx>43 47</Tx>
    <Rx>27 63</Rx>
</Measure>
<Measure>
    <Tx>44 48</Tx>
    <Rx>28 64</Rx>
</Measure>
<Measure>
    <Tx>13 17</Tx>
    <Rx>1 29</Rx>
</Measure>
<Measure>
    <Tx>14 18</Tx>
    <Rx>2 30</Rx>
</Measure>
<Measure>
    <Tx>15 19</Tx>
    <Rx>3 31</Rx>
</Measure>
<Measure>
    <Tx>16 20</Tx>
    <Rx>4 32</Rx>
</Measure>
<Measure>
    <Tx>17 21</Tx>
    <Rx>5 33</Rx>
</Measure>
<Measure>
    <Tx>18 22</Tx>
    <Rx>6 34</Rx>
</Measure>
<Measure>
    <Tx>19 23</Tx>
    <Rx>7 35</Rx>
</Measure>
<Measure>
    <Tx>20 24</Tx>
    <Rx>8 36</Rx>
</Measure>
<Measure>
    <Tx>21 25</Tx>
    <Rx>9 37</Rx>
</Measure>
<Measure>
    <Tx>22 26</Tx>
    <Rx>10 38</Rx>
</Measure>
<Measure>
    <Tx>23 27</Tx>
    <Rx>11 39</Rx>
</Measure>
<Measure>
    <Tx>24 28</Tx>
    <Rx>12 40</Rx>
</Measure>
<Measure>
    <Tx>25 29</Tx>
    <Rx>13 41</Rx>
</Measure>
<Measure>
    <Tx>26 30</Tx>
    <Rx>14 42</Rx>
</Measure>
<Measure>
    <Tx>27 31</Tx>
    <Rx>15 43</Rx>
</Measure>
<Measure>
    <Tx>28 32</Tx>
    <Rx>16 44</Rx>
</Measure>
<Measure>
    <Tx>29 33</Tx>
    <Rx>17 45</Rx>
</Measure>
<Measure>
    <Tx>30 34</Tx>
    <Rx>18 46</Rx>
</Measure>
<Measure>
    <Tx>31 35</Tx>
    <Rx>19 47</Rx>
</Measure>
<Measure>
    <Tx>32 36</Tx>
    <Rx>20 48</Rx>
</Measure>
<Measure>
    <Tx>33 37</Tx>
    <Rx>21 49</Rx>
</Measure>
<Measure>
    <Tx>34 38</Tx>
    <Rx>22 50</Rx>
</Measure>
<Measure>
    <Tx>35 39</Tx>
    <Rx>23 51</Rx>
</Measure>
<Measure>
    <Tx>36 40</Tx>
    <Rx>24 52</Rx>
</Measure>
<Measure>
    <Tx>37 41</Tx>
    <Rx>25 53</Rx>
</Measure>
<Measure>
    <Tx>38 42</Tx>
    <Rx>26 54</Rx>
</Measure>
<Measure>
    <Tx>39 43</Tx>
    <Rx>27 55</Rx>
</Measure>
<Measure>
    <Tx>40 44</Tx>
    <Rx>28 56</Rx>
</Measure>
<Measure>
    <Tx>41 45</Tx>
    <Rx>29 57</Rx>
</Measure>
<Measure>
    <Tx>42 46</Tx>
    <Rx>30 58</Rx>
</Measure>
<Measure>
    <Tx>43 47</Tx>
    <Rx>31 59</Rx>
</Measure>
<Measure>
    <Tx>44 48</Tx>
    <Rx>32 60</Rx>
</Measure>
<Measure>
    <Tx>45 49</Tx>
    <Rx>33 61</Rx>
</Measure>
<Measure>
    <Tx>46 50</Tx>
    <Rx>34 62</Rx>
</Measure>
<Measure>
    <Tx>47 51</Tx>
    <Rx>35 63</Rx>
</Measure>
<Measure>
    <Tx>48 52</Tx>
    <Rx>36 64</Rx>
</Measure>
<Measure>
    <Tx>9 13</Tx>
    <Rx>1 21</Rx>
</Measure>
<Measure>
    <Tx>10 14</Tx>
    <Rx>2 22</Rx>
</Measure>
<Measure>
    <Tx>11 15</Tx>
    <Rx>3 23</Rx>
</Measure>
<Measure>
    <Tx>12 16</Tx>
    <Rx>4 24</Rx>
</Measure>
<Measure>
    <Tx>13 17</Tx>
    <Rx>5 25</Rx>
</Measure>
<Measure>
    <Tx>14 18</Tx>
    <Rx>6 26</Rx>
</Measure>
<Measure>
    <Tx>15 19</Tx>
    <Rx>7 27</Rx>
</Measure>
<Measure>
    <Tx>16 20</Tx>
    <Rx>8 28</Rx>
</Measure>
<Measure>
    <Tx>17 21</Tx>
    <Rx>9 29</Rx>
</Measure>
<Measure>
    <Tx>18 22</Tx>
    <Rx>10 30</Rx>
</Measure>
<Measure>
    <Tx>19 23</Tx>
    <Rx>11 31</Rx>
</Measure>
<Measure>
    <Tx>20 24</Tx>
    <Rx>12 32</Rx>
</Measure>
<Measure>
    <Tx>21 25</Tx>
    <Rx>13 33</Rx>
</Measure>
<Measure>
    <Tx>22 26</Tx>
    <Rx>14 34</Rx>
</Measure>
<Measure>
    <Tx>23 27</Tx>
    <Rx>15 35</Rx>
</Measure>
<Measure>
    <Tx>24 28</Tx>
    <Rx>16 36</Rx>
</Measure>
<Measure>
    <Tx>25 29</Tx>
    <Rx>17 37</Rx>
</Measure>
<Measure>
    <Tx>26 30</Tx>
    <Rx>18 38</Rx>
</Measure>
<Measure>
    <Tx>27 31</Tx>
    <Rx>19 39</Rx>
</Measure>
<Measure>
    <Tx>28 32</Tx>
    <Rx>20 40</Rx>
</Measure>
<Measure>
    <Tx>29 33</Tx>
    <Rx>21 41</Rx>
</Measure>
<Measure>
    <Tx>30 34</Tx>
    <Rx>22 42</Rx>
</Measure>
<Measure>
    <Tx>31 35</Tx>
    <Rx>23 43</Rx>
</Measure>
<Measure>
    <Tx>32 36</Tx>
    <Rx>24 44</Rx>
</Measure>
<Measure>
    <Tx>33 37</Tx>
    <Rx>25 45</Rx>
</Measure>
<Measure>
    <Tx>34 38</Tx>
    <Rx>26 46</Rx>
</Measure>
<Measure>
    <Tx>35 39</Tx>
    <Rx>27 47</Rx>
</Measure>
<Measure>
    <Tx>36 40</Tx>
    <Rx>28 48</Rx>
</Measure>
<Measure>
    <Tx>37 41</Tx>
    <Rx>29 49</Rx>
</Measure>
<Measure>
    <Tx>38 42</Tx>
    <Rx>30 50</Rx>
</Measure>
<Measure>
    <Tx>39 43</Tx>
    <Rx>31 51</Rx>
</Measure>
<Measure>
    <Tx>40 44</Tx>
    <Rx>32 52</Rx>
</Measure>
<Measure>
    <Tx>41 45</Tx>
    <Rx>33 53</Rx>
</Measure>
<Measure>
    <Tx>42 46</Tx>
    <Rx>34 54</Rx>
</Measure>
<Measure>
    <Tx>43 47</Tx>
    <Rx>35 55</Rx>
</Measure>
<Measure>
    <Tx>44 48</Tx>
    <Rx>36 56</Rx>
</Measure>
<Measure>
    <Tx>45 49</Tx>
    <Rx>37 57</Rx>
</Measure>
<Measure>
    <Tx>46 50</Tx>
    <Rx>38 58</Rx>
</Measure>
<Measure>
    <Tx>47 51</Tx>
    <Rx>39 59</Rx>
</Measure>
<Measure>
    <Tx>48 52</Tx>
    <Rx>40 60</Rx>
</Measure>
<Measure>
    <Tx>49 53</Tx>
    <Rx>41 61</Rx>
</Measure>
<Measure>
    <Tx>50 54</Tx>
    <Rx>42 62</Rx>
</Measure>
<Measure>
    <Tx>51 55</Tx>
    <Rx>43 63</Rx>
</Measure>
<Measure>
    <Tx>52 56</Tx>
    <Rx>44 64</Rx>
</Measure>
<Measure>
    <Tx>5 9</Tx>
    <Rx>1 13</Rx>
</Measure>
<Measure>
    <Tx>6 10</Tx>
    <Rx>2 14</Rx>
</Measure>
<Measure>
    <Tx>7 11</Tx>
    <Rx>3 15</Rx>
</Measure>
<Measure>
    <Tx>8 12</Tx>
    <Rx>4 16</Rx>
</Measure>
<Measure>
    <Tx>9 13</Tx>
    <Rx>5 17</Rx>
</Measure>
<Measure>
    <Tx>10 14</Tx>
    <Rx>6 18</Rx>
</Measure>
<Measure>
    <Tx>11 15</Tx>
    <Rx>7 19</Rx>
</Measure>
<Measure>
    <Tx>12 16</Tx>
    <Rx>8 20</Rx>
</Measure>
<Measure>
    <Tx>13 17</Tx>
    <Rx>9 21</Rx>
</Measure>
<Measure>
    <Tx>14 18</Tx>
    <Rx>10 22</Rx>
</Measure>
<Measure>
    <Tx>15 19</Tx>
    <Rx>11 23</Rx>
</Measure>
<Measure>
    <Tx>16 20</Tx>
    <Rx>12 24</Rx>
</Measure>
<Measure>
    <Tx>17 21</Tx>
    <Rx>13 25</Rx>
</Measure>
<Measure>
    <Tx>18 22</Tx>
    <Rx>14 26</Rx>
</Measure>
<Measure>
    <Tx>19 23</Tx>
    <Rx>15 27</Rx>
</Measure>
<Measure>
    <Tx>20 24</Tx>
    <Rx>16 28</Rx>
</Measure>
<Measure>
    <Tx>21 25</Tx>
    <Rx>17 29</Rx>
</Measure>
<Measure>
    <Tx>22 26</Tx>
    <Rx>18 30</Rx>
</Measure>
<Measure>
    <Tx>23 27</Tx>
    <Rx>19 31</Rx>
</Measure>
<Measure>
    <Tx>24 28</Tx>
    <Rx>20 32</Rx>
</Measure>
<Measure>
    <Tx>25 29</Tx>
    <Rx>21 33</Rx>
</Measure>
<Measure>
    <Tx>26 30</Tx>
    <Rx>22 34</Rx>
</Measure>
<Measure>
    <Tx>27 31</Tx>
    <Rx>23 35</Rx>
</Measure>
<Measure>
    <Tx>28 32</Tx>
    <Rx>24 36</Rx>
</Measure>
<Measure>
    <Tx>29 33</Tx>
    <Rx>25 37</Rx>
</Measure>
<Measure>
    <Tx>30 34</Tx>
    <Rx>26 38</Rx>
</Measure>
<Measure>
    <Tx>31 35</Tx>
    <Rx>27 39</Rx>
</Measure>
<Measure>
    <Tx>32 36</Tx>
    <Rx>28 40</Rx>
</Measure>
<Measure>
    <Tx>33 37</Tx>
    <Rx>29 41</Rx>
</Measure>
<Measure>
    <Tx>34 38</Tx>
    <Rx>30 42</Rx>
</Measure>
<Measure>
    <Tx>35 39</Tx>
    <Rx>31 43</Rx>
</Measure>
<Measure>
    <Tx>36 40</Tx>
    <Rx>32 44</Rx>
</Measure>
<Measure>
    <Tx>37 41</Tx>
    <Rx>33 45</Rx>
</Measure>
<Measure>
    <Tx>38 42</Tx>
    <Rx>34 46</Rx>
</Measure>
<Measure>
    <Tx>39 43</Tx>
    <Rx>35 47</Rx>
</Measure>
<Measure>
    <Tx>40 44</Tx>
    <Rx>36 48</Rx>
</Measure>
<Measure>
    <Tx>41 45</Tx>
    <Rx>37 49</Rx>
</Measure>
<Measure>
    <Tx>42 46</Tx>
    <Rx>38 50</Rx>
</Measure>
<Measure>
    <Tx>43 47</Tx>
    <Rx>39 51</Rx>
</Measure>
<Measure>
    <Tx>44 48</Tx>
    <Rx>40 52</Rx>
</Measure>
<Measure>
    <Tx>45 49</Tx>
    <Rx>41 53</Rx>
</Measure>
<Measure>
    <Tx>46 50</Tx>
    <Rx>42 54</Rx>
</Measure>
<Measure>
    <Tx>47 51</Tx>
    <Rx>43 55</Rx>
</Measure>
<Measure>
    <Tx>48 52</Tx>
    <Rx>44 56</Rx>
</Measure>
<Measure>
    <Tx>49 53</Tx>
    <Rx>45 57</Rx>
</Measure>
<Measure>
    <Tx>50 54</Tx>
    <Rx>46 58</Rx>
</Measure>
<Measure>
    <Tx>51 55</Tx>
    <Rx>47 59</Rx>
</Measure>
<Measure>
    <Tx>52 56</Tx>
    <Rx>48 60</Rx>
</Measure>
<Measure>
    <Tx>53 57</Tx>
    <Rx>49 61</Rx>
</Measure>
<Measure>
    <Tx>54 58</Tx>
    <Rx>50 62</Rx>
</Measure>
<Measure>
    <Tx>55 59</Tx>
    <Rx>51 63</Rx>
</Measure>
<Measure>
    <Tx>56 60</Tx>
    <Rx>52 64</Rx>
</Measure>
<Measure>
    <Tx>22 25</Tx>
    <Rx>1 46</Rx>
</Measure>
<Measure>
    <Tx>23 26</Tx>
    <Rx>2 47</Rx>
</Measure>
<Measure>
    <Tx>24 27</Tx>
    <Rx>3 48</Rx>
</Measure>
<Measure>
    <Tx>25 28</Tx>
    <Rx>4 49</Rx>
</Measure>
<Measure>
    <Tx>26 29</Tx>
    <Rx>5 50</Rx>
</Measure>
<Measure>
    <Tx>27 30</Tx>
    <Rx>6 51</Rx>
</Measure>
<Measure>
    <Tx>28 31</Tx>
    <Rx>7 52</Rx>
</Measure>
<Measure>
    <Tx>29 32</Tx>
    <Rx>8 53</Rx>
</Measure>
<Measure>
    <Tx>30 33</Tx>
    <Rx>9 54</Rx>
</Measure>
<Measure>
    <Tx>31 34</Tx>
    <Rx>10 55</Rx>
</Measure>
<Measure>
    <Tx>32 35</Tx>
    <Rx>11 56</Rx>
</Measure>
<Measure>
    <Tx>33 36</Tx>
    <Rx>12 57</Rx>
</Measure>
<Measure>
    <Tx>34 37</Tx>
    <Rx>13 58</Rx>
</Measure>
<Measure>
    <Tx>35 38</Tx>
    <Rx>14 59</Rx>
</Measure>
<Measure>
    <Tx>36 39</Tx>
    <Rx>15 60</Rx>
</Measure>
<Measure>
    <Tx>37 40</Tx>
    <Rx>16 61</Rx>
</Measure>
<Measure>
    <Tx>38 41</Tx>
    <Rx>17 62</Rx>
</Measure>
<Measure>
    <Tx>39 42</Tx>
    <Rx>18 63</Rx>
</Measure>
<Measure>
    <Tx>40 43</Tx>
    <Rx>19 64</Rx>
</Measure>
<Measure>
    <Tx>19 22</Tx>
    <Rx>1 40</Rx>
</Measure>
<Measure>
    <Tx>20 23</Tx>
    <Rx>2 41</Rx>
</Measure>
<Measure>
    <Tx>21 24</Tx>
    <Rx>3 42</Rx>
</Measure>
<Measure>
    <Tx>22 25</Tx>
    <Rx>4 43</Rx>
</Measure>
<Measure>
    <Tx>23 26</Tx>
    <Rx>5 44</Rx>
</Measure>
<Measure>
    <Tx>24 27</Tx>
    <Rx>6 45</Rx>
</Measure>
<Measure>
    <Tx>25 28</Tx>
    <Rx>7 46</Rx>
</Measure>
<Measure>
    <Tx>26 29</Tx>
    <Rx>8 47</Rx>
</Measure>
<Measure>
    <Tx>27 30</Tx>
    <Rx>9 48</Rx>
</Measure>
<Measure>
    <Tx>28 31</Tx>
    <Rx>10 49</Rx>
</Measure>
<Measure>
    <Tx>29 32</Tx>
    <Rx>11 50</Rx>
</Measure>
<Measure>
    <Tx>30 33</Tx>
    <Rx>12 51</Rx>
</Measure>
<Measure>
    <Tx>31 34</Tx>
    <Rx>13 52</Rx>
</Measure>
<Measure>
    <Tx>32 35</Tx>
    <Rx>14 53</Rx>
</Measure>
<Measure>
    <Tx>33 36</Tx>
    <Rx>15 54</Rx>
</Measure>
<Measure>
    <Tx>34 37</Tx>
    <Rx>16 55</Rx>
</Measure>
<Measure>
    <Tx>35 38</Tx>
    <Rx>17 56</Rx>
</Measure>
<Measure>
    <Tx>36 39</Tx>
    <Rx>18 57</Rx>
</Measure>
<Measure>
    <Tx>37 40</Tx>
    <Rx>19 58</Rx>
</Measure>
<Measure>
    <Tx>38 41</Tx>
    <Rx>20 59</Rx>
</Measure>
<Measure>
    <Tx>39 42</Tx>
    <Rx>21 60</Rx>
</Measure>
<Measure>
    <Tx>40 43</Tx>
    <Rx>22 61</Rx>
</Measure>
<Measure>
    <Tx>41 44</Tx>
    <Rx>23 62</Rx>
</Measure>
<Measure>
    <Tx>42 45</Tx>
    <Rx>24 63</Rx>
</Measure>
<Measure>
    <Tx>43 46</Tx>
    <Rx>25 64</Rx>
</Measure>
<Measure>
    <Tx>16 19</Tx>
    <Rx>1 34</Rx>
</Measure>
<Measure>
    <Tx>17 20</Tx>
    <Rx>2 35</Rx>
</Measure>
<Measure>
    <Tx>18 21</Tx>
    <Rx>3 36</Rx>
</Measure>
<Measure>
    <Tx>19 22</Tx>
    <Rx>4 37</Rx>
</Measure>
<Measure>
    <Tx>20 23</Tx>
    <Rx>5 38</Rx>
</Measure>
<Measure>
    <Tx>21 24</Tx>
    <Rx>6 39</Rx>
</Measure>
<Measure>
    <Tx>22 25</Tx>
    <Rx>7 40</Rx>
</Measure>
<Measure>
    <Tx>23 26</Tx>
    <Rx>8 41</Rx>
</Measure>
<Measure>
    <Tx>24 27</Tx>
    <Rx>9 42</Rx>
</Measure>
<Measure>
    <Tx>25 28</Tx>
    <Rx>10 43</Rx>
</Measure>
<Measure>
    <Tx>26 29</Tx>
    <Rx>11 44</Rx>
</Measure>
<Measure>
    <Tx>27 30</Tx>
    <Rx>12 45</Rx>
</Measure>
<Measure>
    <Tx>28 31</Tx>
    <Rx>13 46</Rx>
</Measure>
<Measure>
    <Tx>29 32</Tx>
    <Rx>14 47</Rx>
</Measure>
<Measure>
    <Tx>30 33</Tx>
    <Rx>15 48</Rx>
</Measure>
<Measure>
    <Tx>31 34</Tx>
    <Rx>16 49</Rx>
</Measure>
<Measure>
    <Tx>32 35</Tx>
    <Rx>17 50</Rx>
</Measure>
<Measure>
    <Tx>33 36</Tx>
    <Rx>18 51</Rx>
</Measure>
<Measure>
    <Tx>34 37</Tx>
    <Rx>19 52</Rx>
</Measure>
<Measure>
    <Tx>35 38</Tx>
    <Rx>20 53</Rx>
</Measure>
<Measure>
    <Tx>36 39</Tx>
    <Rx>21 54</Rx>
</Measure>
<Measure>
    <Tx>37 40</Tx>
    <Rx>22 55</Rx>
</Measure>
<Measure>
    <Tx>38 41</Tx>
    <Rx>23 56</Rx>
</Measure>
<Measure>
    <Tx>39 42</Tx>
    <Rx>24 57</Rx>
</Measure>
<Measure>
    <Tx>40 43</Tx>
    <Rx>25 58</Rx>
</Measure>
<Measure>
    <Tx>41 44</Tx>
    <Rx>26 59</Rx>
</Measure>
<Measure>
    <Tx>42 45</Tx>
    <Rx>27 60</Rx>
</Measure>
<Measure>
    <Tx>43 46</Tx>
    <Rx>28 61</Rx>
</Measure>
<Measure>
    <Tx>44 47</Tx>
    <Rx>29 62</Rx>
</Measure>
<Measure>
    <Tx>45 48</Tx>
    <Rx>30 63</Rx>
</Measure>
<Measure>
    <Tx>46 49</Tx>
    <Rx>31 64</Rx>
</Measure>
<Measure>
    <Tx>13 16</Tx>
    <Rx>1 28</Rx>
</Measure>
<Measure>
    <Tx>14 17</Tx>
    <Rx>2 29</Rx>
</Measure>
<Measure>
    <Tx>15 18</Tx>
    <Rx>3 30</Rx>
</Measure>
<Measure>
    <Tx>16 19</Tx>
    <Rx>4 31</Rx>
</Measure>
<Measure>
    <Tx>17 20</Tx>
    <Rx>5 32</Rx>
</Measure>
<Measure>
    <Tx>18 21</Tx>
    <Rx>6 33</Rx>
</Measure>
<Measure>
    <Tx>19 22</Tx>
    <Rx>7 34</Rx>
</Measure>
<Measure>
    <Tx>20 23</Tx>
    <Rx>8 35</Rx>
</Measure>
<Measure>
    <Tx>21 24</Tx>
    <Rx>9 36</Rx>
</Measure>
<Measure>
    <Tx>22 25</Tx>
    <Rx>10 37</Rx>
</Measure>
<Measure>
    <Tx>23 26</Tx>
    <Rx>11 38</Rx>
</Measure>
<Measure>
    <Tx>24 27</Tx>
    <Rx>12 39</Rx>
</Measure>
<Measure>
    <Tx>25 28</Tx>
    <Rx>13 40</Rx>
</Measure>
<Measure>
    <Tx>26 29</Tx>
    <Rx>14 41</Rx>
</Measure>
<Measure>
    <Tx>27 30</Tx>
    <Rx>15 42</Rx>
</Measure>
<Measure>
    <Tx>28 31</Tx>
    <Rx>16 43</Rx>
</Measure>
<Measure>
    <Tx>29 32</Tx>
    <Rx>17 44</Rx>
</Measure>
<Measure>
    <Tx>30 33</Tx>
    <Rx>18 45</Rx>
</Measure>
<Measure>
    <Tx>31 34</Tx>
    <Rx>19 46</Rx>
</Measure>
<Measure>
    <Tx>32 35</Tx>
    <Rx>20 47</Rx>
</Measure>
<Measure>
    <Tx>33 36</Tx>
    <Rx>21 48</Rx>
</Measure>
<Measure>
    <Tx>34 37</Tx>
    <Rx>22 49</Rx>
</Measure>
<Measure>
    <Tx>35 38</Tx>
    <Rx>23 50</Rx>
</Measure>
<Measure>
    <Tx>36 39</Tx>
    <Rx>24 51</Rx>
</Measure>
<Measure>
    <Tx>37 40</Tx>
    <Rx>25 52</Rx>
</Measure>
<Measure>
    <Tx>38 41</Tx>
    <Rx>26 53</Rx>
</Measure>
<Measure>
    <Tx>39 42</Tx>
    <Rx>27 54</Rx>
</Measure>
<Measure>
    <Tx>40 43</Tx>
    <Rx>28 55</Rx>
</Measure>
<Measure>
    <Tx>41 44</Tx>
    <Rx>29 56</Rx>
</Measure>
<Measure>
    <Tx>42 45</Tx>
    <Rx>30 57</Rx>
</Measure>
<Measure>
    <Tx>43 46</Tx>
    <Rx>31 58</Rx>
</Measure>
<Measure>
    <Tx>44 47</Tx>
    <Rx>32 59</Rx>
</Measure>
<Measure>
    <Tx>45 48</Tx>
    <Rx>33 60</Rx>
</Measure>
<Measure>
    <Tx>46 49</Tx>
    <Rx>34 61</Rx>
</Measure>
<Measure>
    <Tx>47 50</Tx>
    <Rx>35 62</Rx>
</Measure>
<Measure>
    <Tx>48 51</Tx>
    <Rx>36 63</Rx>
</Measure>
<Measure>
    <Tx>49 52</Tx>
    <Rx>37 64</Rx>
</Measure>
<Measure>
    <Tx>10 13</Tx>
    <Rx>1 22</Rx>
</Measure>
<Measure>
    <Tx>11 14</Tx>
    <Rx>2 23</Rx>
</Measure>
<Measure>
    <Tx>12 15</Tx>
    <Rx>3 24</Rx>
</Measure>
<Measure>
    <Tx>13 16</Tx>
    <Rx>4 25</Rx>
</Measure>
<Measure>
    <Tx>14 17</Tx>
    <Rx>5 26</Rx>
</Measure>
<Measure>
    <Tx>15 18</Tx>
    <Rx>6 27</Rx>
</Measure>
<Measure>
    <Tx>16 19</Tx>
    <Rx>7 28</Rx>
</Measure>
<Measure>
    <Tx>17 20</Tx>
    <Rx>8 29</Rx>
</Measure>
<Measure>
    <Tx>18 21</Tx>
    <Rx>9 30</Rx>
</Measure>
<Measure>
    <Tx>19 22</Tx>
    <Rx>10 31</Rx>
</Measure>
<Measure>
    <Tx>20 23</Tx>
    <Rx>11 32</Rx>
</Measure>
<Measure>
    <Tx>21 24</Tx>
    <Rx>12 33</Rx>
</Measure>
<Measure>
    <Tx>22 25</Tx>
    <Rx>13 34</Rx>
</Measure>
<Measure>
    <Tx>23 26</Tx>
    <Rx>14 35</Rx>
</Measure>
<Measure>
    <Tx>24 27</Tx>
    <Rx>15 36</Rx>
</Measure>
<Measure>
    <Tx>25 28</Tx>
    <Rx>16 37</Rx>
</Measure>
<Measure>
    <Tx>26 29</Tx>
    <Rx>17 38</Rx>
</Measure>
<Measure>
    <Tx>27 30</Tx>
    <Rx>18 39</Rx>
</Measure>
<Measure>
    <Tx>28 31</Tx>
    <Rx>19 40</Rx>
</Measure>
<Measure>
    <Tx>29 32</Tx>
    <Rx>20 41</Rx>
</Measure>
<Measure>
    <Tx>30 33</Tx>
    <Rx>21 42</Rx>
</Measure>
<Measure>
    <Tx>31 34</Tx>
    <Rx>22 43</Rx>
</Measure>
<Measure>
    <Tx>32 35</Tx>
    <Rx>23 44</Rx>
</Measure>
<Measure>
    <Tx>33 36</Tx>
    <Rx>24 45</Rx>
</Measure>
<Measure>
    <Tx>34 37</Tx>
    <Rx>25 46</Rx>
</Measure>
<Measure>
    <Tx>35 38</Tx>
    <Rx>26 47</Rx>
</Measure>
<Measure>
    <Tx>36 39</Tx>
    <Rx>27 48</Rx>
</Measure>
<Measure>
    <Tx>37 40</Tx>
    <Rx>28 49</Rx>
</Measure>
<Measure>
    <Tx>38 41</Tx>
    <Rx>29 50</Rx>
</Measure>
<Measure>
    <Tx>39 42</Tx>
    <Rx>30 51</Rx>
</Measure>
<Measure>
    <Tx>40 43</Tx>
    <Rx>31 52</Rx>
</Measure>
<Measure>
    <Tx>41 44</Tx>
    <Rx>32 53</Rx>
</Measure>
<Measure>
    <Tx>42 45</Tx>
    <Rx>33 54</Rx>
</Measure>
<Measure>
    <Tx>43 46</Tx>
    <Rx>34 55</Rx>
</Measure>
<Measure>
    <Tx>44 47</Tx>
    <Rx>35 56</Rx>
</Measure>
<Measure>
    <Tx>45 48</Tx>
    <Rx>36 57</Rx>
</Measure>
<Measure>
    <Tx>46 49</Tx>
    <Rx>37 58</Rx>
</Measure>
<Measure>
    <Tx>47 50</Tx>
    <Rx>38 59</Rx>
</Measure>
<Measure>
    <Tx>48 51</Tx>
    <Rx>39 60</Rx>
</Measure>
<Measure>
    <Tx>49 52</Tx>
    <Rx>40 61</Rx>
</Measure>
<Measure>
    <Tx>50 53</Tx>
    <Rx>41 62</Rx>
</Measure>
<Measure>
    <Tx>51 54</Tx>
    <Rx>42 63</Rx>
</Measure>
<Measure>
    <Tx>52 55</Tx>
    <Rx>43 64</Rx>
</Measure>
<Measure>
    <Tx>7 10</Tx>
    <Rx>1 16</Rx>
</Measure>
<Measure>
    <Tx>8 11</Tx>
    <Rx>2 17</Rx>
</Measure>
<Measure>
    <Tx>9 12</Tx>
    <Rx>3 18</Rx>
</Measure>
<Measure>
    <Tx>10 13</Tx>
    <Rx>4 19</Rx>
</Measure>
<Measure>
    <Tx>11 14</Tx>
    <Rx>5 20</Rx>
</Measure>
<Measure>
    <Tx>12 15</Tx>
    <Rx>6 21</Rx>
</Measure>
<Measure>
    <Tx>13 16</Tx>
    <Rx>7 22</Rx>
</Measure>
<Measure>
    <Tx>14 17</Tx>
    <Rx>8 23</Rx>
</Measure>
<Measure>
    <Tx>15 18</Tx>
    <Rx>9 24</Rx>
</Measure>
<Measure>
    <Tx>16 19</Tx>
    <Rx>10 25</Rx>
</Measure>
<Measure>
    <Tx>17 20</Tx>
    <Rx>11 26</Rx>
</Measure>
<Measure>
    <Tx>18 21</Tx>
    <Rx>12 27</Rx>
</Measure>
<Measure>
    <Tx>19 22</Tx>
    <Rx>13 28</Rx>
</Measure>
<Measure>
    <Tx>20 23</Tx>
    <Rx>14 29</Rx>
</Measure>
<Measure>
    <Tx>21 24</Tx>
    <Rx>15 30</Rx>
</Measure>
<Measure>
    <Tx>22 25</Tx>
    <Rx>16 31</Rx>
</Measure>
<Measure>
    <Tx>23 26</Tx>
    <Rx>17 32</Rx>
</Measure>
<Measure>
    <Tx>24 27</Tx>
    <Rx>18 33</Rx>
</Measure>
<Measure>
    <Tx>25 28</Tx>
    <Rx>19 34</Rx>
</Measure>
<Measure>
    <Tx>26 29</Tx>
    <Rx>20 35</Rx>
</Measure>
<Measure>
    <Tx>27 30</Tx>
    <Rx>21 36</Rx>
</Measure>
<Measure>
    <Tx>28 31</Tx>
    <Rx>22 37</Rx>
</Measure>
<Measure>
    <Tx>29 32</Tx>
    <Rx>23 38</Rx>
</Measure>
<Measure>
    <Tx>30 33</Tx>
    <Rx>24 39</Rx>
</Measure>
<Measure>
    <Tx>31 34</Tx>
    <Rx>25 40</Rx>
</Measure>
<Measure>
    <Tx>32 35</Tx>
    <Rx>26 41</Rx>
</Measure>
<Measure>
    <Tx>33 36</Tx>
    <Rx>27 42</Rx>
</Measure>
<Measure>
    <Tx>34 37</Tx>
    <Rx>28 43</Rx>
</Measure>
<Measure>
    <Tx>35 38</Tx>
    <Rx>29 44</Rx>
</Measure>
<Measure>
    <Tx>36 39</Tx>
    <Rx>30 45</Rx>
</Measure>
<Measure>
    <Tx>37 40</Tx>
    <Rx>31 46</Rx>
</Measure>
<Measure>
    <Tx>38 41</Tx>
    <Rx>32 47</Rx>
</Measure>
<Measure>
    <Tx>39 42</Tx>
    <Rx>33 48</Rx>
</Measure>
<Measure>
    <Tx>40 43</Tx>
    <Rx>34 49</Rx>
</Measure>
<Measure>
    <Tx>41 44</Tx>
    <Rx>35 50</Rx>
</Measure>
<Measure>
    <Tx>42 45</Tx>
    <Rx>36 51</Rx>
</Measure>
<Measure>
    <Tx>43 46</Tx>
    <Rx>37 52</Rx>
</Measure>
<Measure>
    <Tx>44 47</Tx>
    <Rx>38 53</Rx>
</Measure>
<Measure>
    <Tx>45 48</Tx>
    <Rx>39 54</Rx>
</Measure>
<Measure>
    <Tx>46 49</Tx>
    <Rx>40 55</Rx>
</Measure>
<Measure>
    <Tx>47 50</Tx>
    <Rx>41 56</Rx>
</Measure>
<Measure>
    <Tx>48 51</Tx>
    <Rx>42 57</Rx>
</Measure>
<Measure>
    <Tx>49 52</Tx>
    <Rx>43 58</Rx>
</Measure>
<Measure>
    <Tx>50 53</Tx>
    <Rx>44 59</Rx>
</Measure>
<Measure>
    <Tx>51 54</Tx>
    <Rx>45 60</Rx>
</Measure>
<Measure>
    <Tx>52 55</Tx>
    <Rx>46 61</Rx>
</Measure>
<Measure>
    <Tx>53 56</Tx>
    <Rx>47 62</Rx>
</Measure>
<Measure>
    <Tx>54 57</Tx>
    <Rx>48 63</Rx>
</Measure>
<Measure>
    <Tx>55 58</Tx>
    <Rx>49 64</Rx>
</Measure>
<Measure>
    <Tx>4 7</Tx>
    <Rx>1 10</Rx>
</Measure>
<Measure>
    <Tx>5 8</Tx>
    <Rx>2 11</Rx>
</Measure>
<Measure>
    <Tx>6 9</Tx>
    <Rx>3 12</Rx>
</Measure>
<Measure>
    <Tx>7 10</Tx>
    <Rx>4 13</Rx>
</Measure>
<Measure>
    <Tx>8 11</Tx>
    <Rx>5 14</Rx>
</Measure>
<Measure>
    <Tx>9 12</Tx>
    <Rx>6 15</Rx>
</Measure>
<Measure>
    <Tx>10 13</Tx>
    <Rx>7 16</Rx>
</Measure>
<Measure>
    <Tx>11 14</Tx>
    <Rx>8 17</Rx>
</Measure>
<Measure>
    <Tx>12 15</Tx>
    <Rx>9 18</Rx>
</Measure>
<Measure>
    <Tx>13 16</Tx>
    <Rx>10 19</Rx>
</Measure>
<Measure>
    <Tx>14 17</Tx>
    <Rx>11 20</Rx>
</Measure>
<Measure>
    <Tx>15 18</Tx>
    <Rx>12 21</Rx>
</Measure>
<Measure>
    <Tx>16 19</Tx>
    <Rx>13 22</Rx>
</Measure>
<Measure>
    <Tx>17 20</Tx>
    <Rx>14 23</Rx>
</Measure>
<Measure>
    <Tx>18 21</Tx>
    <Rx>15 24</Rx>
</Measure>
<Measure>
    <Tx>19 22</Tx>
    <Rx>16 25</Rx>
</Measure>
<Measure>
    <Tx>20 23</Tx>
    <Rx>17 26</Rx>
</Measure>
<Measure>
    <Tx>21 24</Tx>
    <Rx>18 27</Rx>
</Measure>
<Measure>
    <Tx>22 25</Tx>
    <Rx>19 28</Rx>
</Measure>
<Measure>
    <Tx>23 26</Tx>
    <Rx>20 29</Rx>
</Measure>
<Measure>
    <Tx>24 27</Tx>
    <Rx>21 30</Rx>
</Measure>
<Measure>
    <Tx>25 28</Tx>
    <Rx>22 31</Rx>
</Measure>
<Measure>
    <Tx>26 29</Tx>
    <Rx>23 32</Rx>
</Measure>
<Measure>
    <Tx>27 30</Tx>
    <Rx>24 33</Rx>
</Measure>
<Measure>
    <Tx>28 31</Tx>
    <Rx>25 34</Rx>
</Measure>
<Measure>
    <Tx>29 32</Tx>
    <Rx>26 35</Rx>
</Measure>
<Measure>
    <Tx>30 33</Tx>
    <Rx>27 36</Rx>
</Measure>
<Measure>
    <Tx>31 34</Tx>
    <Rx>28 37</Rx>
</Measure>
<Measure>
    <Tx>32 35</Tx>
    <Rx>29 38</Rx>
</Measure>
<Measure>
    <Tx>33 36</Tx>
    <Rx>30 39</Rx>
</Measure>
<Measure>
    <Tx>34 37</Tx>
    <Rx>31 40</Rx>
</Measure>
<Measure>
    <Tx>35 38</Tx>
    <Rx>32 41</Rx>
</Measure>
<Measure>
    <Tx>36 39</Tx>
    <Rx>33 42</Rx>
</Measure>
<Measure>
    <Tx>37 40</Tx>
    <Rx>34 43</Rx>
</Measure>
<Measure>
    <Tx>38 41</Tx>
    <Rx>35 44</Rx>
</Measure>
<Measure>
    <Tx>39 42</Tx>
    <Rx>36 45</Rx>
</Measure>
<Measure>
    <Tx>40 43</Tx>
    <Rx>37 46</Rx>
</Measure>
<Measure>
    <Tx>41 44</Tx>
    <Rx>38 47</Rx>
</Measure>
<Measure>
    <Tx>42 45</Tx>
    <Rx>39 48</Rx>
</Measure>
<Measure>
    <Tx>43 46</Tx>
    <Rx>40 49</Rx>
</Measure>
<Measure>
    <Tx>44 47</Tx>
    <Rx>41 50</Rx>
</Measure>
<Measure>
    <Tx>45 48</Tx>
    <Rx>42 51</Rx>
</Measure>
<Measure>
    <Tx>46 49</Tx>
    <Rx>43 52</Rx>
</Measure>
<Measure>
    <Tx>47 50</Tx>
    <Rx>44 53</Rx>
</Measure>
<Measure>
    <Tx>48 51</Tx>
    <Rx>45 54</Rx>
</Measure>
<Measure>
    <Tx>49 52</Tx>
    <Rx>46 55</Rx>
</Measure>
<Measure>
    <Tx>50 53</Tx>
    <Rx>47 56</Rx>
</Measure>
<Measure>
    <Tx>51 54</Tx>
    <Rx>48 57</Rx>
</Measure>
<Measure>
    <Tx>52 55</Tx>
    <Rx>49 58</Rx>
</Measure>
<Measure>
    <Tx>53 56</Tx>
    <Rx>50 59</Rx>
</Measure>
<Measure>
    <Tx>54 57</Tx>
    <Rx>51 60</Rx>
</Measure>
<Measure>
    <Tx>55 58</Tx>
    <Rx>52 61</Rx>
</Measure>
<Measure>
    <Tx>56 59</Tx>
    <Rx>53 62</Rx>
</Measure>
<Measure>
    <Tx>57 60</Tx>
    <Rx>54 63</Rx>
</Measure>
<Measure>
    <Tx>58 61</Tx>
    <Rx>55 64</Rx>
</Measure>
<Measure>
    <Tx>15 17</Tx>
    <Rx>1 31</Rx>
</Measure>
<Measure>
    <Tx>16 18</Tx>
    <Rx>2 32</Rx>
</Measure>
<Measure>
    <Tx>17 19</Tx>
    <Rx>3 33</Rx>
</Measure>
<Measure>
    <Tx>18 20</Tx>
    <Rx>4 34</Rx>
</Measure>
<Measure>
    <Tx>19 21</Tx>
    <Rx>5 35</Rx>
</Measure>
<Measure>
    <Tx>20 22</Tx>
    <Rx>6 36</Rx>
</Measure>
<Measure>
    <Tx>21 23</Tx>
    <Rx>7 37</Rx>
</Measure>
<Measure>
    <Tx>22 24</Tx>
    <Rx>8 38</Rx>
</Measure>
<Measure>
    <Tx>23 25</Tx>
    <Rx>9 39</Rx>
</Measure>
<Measure>
    <Tx>24 26</Tx>
    <Rx>10 40</Rx>
</Measure>
<Measure>
    <Tx>25 27</Tx>
    <Rx>11 41</Rx>
</Measure>
<Measure>
    <Tx>26 28</Tx>
    <Rx>12 42</Rx>
</Measure>
<Measure>
    <Tx>27 29</Tx>
    <Rx>13 43</Rx>
</Measure>
<Measure>
    <Tx>28 30</Tx>
    <Rx>14 44</Rx>
</Measure>
<Measure>
    <Tx>29 31</Tx>
    <Rx>15 45</Rx>
</Measure>
<Measure>
    <Tx>30 32</Tx>
    <Rx>16 46</Rx>
</Measure>
<Measure>
    <Tx>31 33</Tx>
    <Rx>17 47</Rx>
</Measure>
<Measure>
    <Tx>32 34</Tx>
    <Rx>18 48</Rx>
</Measure>
<Measure>
    <Tx>33 35</Tx>
    <Rx>19 49</Rx>
</Measure>
<Measure>
    <Tx>34 36</Tx>
    <Rx>20 50</Rx>
</Measure>
<Measure>
    <Tx>35 37</Tx>
    <Rx>21 51</Rx>
</Measure>
<Measure>
    <Tx>36 38</Tx>
    <Rx>22 52</Rx>
</Measure>
<Measure>
    <Tx>37 39</Tx>
    <Rx>23 53</Rx>
</Measure>
<Measure>
    <Tx>38 40</Tx>
    <Rx>24 54</Rx>
</Measure>
<Measure>
    <Tx>39 41</Tx>
    <Rx>25 55</Rx>
</Measure>
<Measure>
    <Tx>40 42</Tx>
    <Rx>26 56</Rx>
</Measure>
<Measure>
    <Tx>41 43</Tx>
    <Rx>27 57</Rx>
</Measure>
<Measure>
    <Tx>42 44</Tx>
    <Rx>28 58</Rx>
</Measure>
<Measure>
    <Tx>43 45</Tx>
    <Rx>29 59</Rx>
</Measure>
<Measure>
    <Tx>44 46</Tx>
    <Rx>30 60</Rx>
</Measure>
<Measure>
    <Tx>45 47</Tx>
    <Rx>31 61</Rx>
</Measure>
<Measure>
    <Tx>46 48</Tx>
    <Rx>32 62</Rx>
</Measure>
<Measure>
    <Tx>47 49</Tx>
    <Rx>33 63</Rx>
</Measure>
<Measure>
    <Tx>48 50</Tx>
    <Rx>34 64</Rx>
</Measure>
<Measure>
    <Tx>13 15</Tx>
    <Rx>1 27</Rx>
</Measure>
<Measure>
    <Tx>14 16</Tx>
    <Rx>2 28</Rx>
</Measure>
<Measure>
    <Tx>15 17</Tx>
    <Rx>3 29</Rx>
</Measure>
<Measure>
    <Tx>16 18</Tx>
    <Rx>4 30</Rx>
</Measure>
<Measure>
    <Tx>17 19</Tx>
    <Rx>5 31</Rx>
</Measure>
<Measure>
    <Tx>18 20</Tx>
    <Rx>6 32</Rx>
</Measure>
<Measure>
    <Tx>19 21</Tx>
    <Rx>7 33</Rx>
</Measure>
<Measure>
    <Tx>20 22</Tx>
    <Rx>8 34</Rx>
</Measure>
<Measure>
    <Tx>21 23</Tx>
    <Rx>9 35</Rx>
</Measure>
<Measure>
    <Tx>22 24</Tx>
    <Rx>10 36</Rx>
</Measure>
<Measure>
    <Tx>23 25</Tx>
    <Rx>11 37</Rx>
</Measure>
<Measure>
    <Tx>24 26</Tx>
    <Rx>12 38</Rx>
</Measure>
<Measure>
    <Tx>25 27</Tx>
    <Rx>13 39</Rx>
</Measure>
<Measure>
    <Tx>26 28</Tx>
    <Rx>14 40</Rx>
</Measure>
<Measure>
    <Tx>27 29</Tx>
    <Rx>15 41</Rx>
</Measure>
<Measure>
    <Tx>28 30</Tx>
    <Rx>16 42</Rx>
</Measure>
<Measure>
    <Tx>29 31</Tx>
    <Rx>17 43</Rx>
</Measure>
<Measure>
    <Tx>30 32</Tx>
    <Rx>18 44</Rx>
</Measure>
<Measure>
    <Tx>31 33</Tx>
    <Rx>19 45</Rx>
</Measure>
<Measure>
    <Tx>32 34</Tx>
    <Rx>20 46</Rx>
</Measure>
<Measure>
    <Tx>33 35</Tx>
    <Rx>21 47</Rx>
</Measure>
<Measure>
    <Tx>34 36</Tx>
    <Rx>22 48</Rx>
</Measure>
<Measure>
    <Tx>35 37</Tx>
    <Rx>23 49</Rx>
</Measure>
<Measure>
    <Tx>36 38</Tx>
    <Rx>24 50</Rx>
</Measure>
<Measure>
    <Tx>37 39</Tx>
    <Rx>25 51</Rx>
</Measure>
<Measure>
    <Tx>38 40</Tx>
    <Rx>26 52</Rx>
</Measure>
<Measure>
    <Tx>39 41</Tx>
    <Rx>27 53</Rx>
</Measure>
<Measure>
    <Tx>40 42</Tx>
    <Rx>28 54</Rx>
</Measure>
<Measure>
    <Tx>41 43</Tx>
    <Rx>29 55</Rx>
</Measure>
<Measure>
    <Tx>42 44</Tx>
    <Rx>30 56</Rx>
</Measure>
<Measure>
    <Tx>43 45</Tx>
    <Rx>31 57</Rx>
</Measure>
<Measure>
    <Tx>44 46</Tx>
    <Rx>32 58</Rx>
</Measure>
<Measure>
    <Tx>45 47</Tx>
    <Rx>33 59</Rx>
</Measure>
<Measure>
    <Tx>46 48</Tx>
    <Rx>34 60</Rx>
</Measure>
<Measure>
    <Tx>47 49</Tx>
    <Rx>35 61</Rx>
</Measure>
<Measure>
    <Tx>48 50</Tx>
    <Rx>36 62</Rx>
</Measure>
<Measure>
    <Tx>49 51</Tx>
    <Rx>37 63</Rx>
</Measure>
<Measure>
    <Tx>50 52</Tx>
    <Rx>38 64</Rx>
</Measure>
<Measure>
    <Tx>11 13</Tx>
    <Rx>1 23</Rx>
</Measure>
<Measure>
    <Tx>12 14</Tx>
    <Rx>2 24</Rx>
</Measure>
<Measure>
    <Tx>13 15</Tx>
    <Rx>3 25</Rx>
</Measure>
<Measure>
    <Tx>14 16</Tx>
    <Rx>4 26</Rx>
</Measure>
<Measure>
    <Tx>15 17</Tx>
    <Rx>5 27</Rx>
</Measure>
<Measure>
    <Tx>16 18</Tx>
    <Rx>6 28</Rx>
</Measure>
<Measure>
    <Tx>17 19</Tx>
    <Rx>7 29</Rx>
</Measure>
<Measure>
    <Tx>18 20</Tx>
    <Rx>8 30</Rx>
</Measure>
<Measure>
    <Tx>19 21</Tx>
    <Rx>9 31</Rx>
</Measure>
<Measure>
    <Tx>20 22</Tx>
    <Rx>10 32</Rx>
</Measure>
<Measure>
    <Tx>21 23</Tx>
    <Rx>11 33</Rx>
</Measure>
<Measure>
    <Tx>22 24</Tx>
    <Rx>12 34</Rx>
</Measure>
<Measure>
    <Tx>23 25</Tx>
    <Rx>13 35</Rx>
</Measure>
<Measure>
    <Tx>24 26</Tx>
    <Rx>14 36</Rx>
</Measure>
<Measure>
    <Tx>25 27</Tx>
    <Rx>15 37</Rx>
</Measure>
<Measure>
    <Tx>26 28</Tx>
    <Rx>16 38</Rx>
</Measure>
<Measure>
    <Tx>27 29</Tx>
    <Rx>17 39</Rx>
</Measure>
<Measure>
    <Tx>28 30</Tx>
    <Rx>18 40</Rx>
</Measure>
<Measure>
    <Tx>29 31</Tx>
    <Rx>19 41</Rx>
</Measure>
<Measure>
    <Tx>30 32</Tx>
    <Rx>20 42</Rx>
</Measure>
<Measure>
    <Tx>31 33</Tx>
    <Rx>21 43</Rx>
</Measure>
<Measure>
    <Tx>32 34</Tx>
    <Rx>22 44</Rx>
</Measure>
<Measure>
    <Tx>33 35</Tx>
    <Rx>23 45</Rx>
</Measure>
<Measure>
    <Tx>34 36</Tx>
    <Rx>24 46</Rx>
</Measure>
<Measure>
    <Tx>35 37</Tx>
    <Rx>25 47</Rx>
</Measure>
<Measure>
    <Tx>36 38</Tx>
    <Rx>26 48</Rx>
</Measure>
<Measure>
    <Tx>37 39</Tx>
    <Rx>27 49</Rx>
</Measure>
<Measure>
    <Tx>38 40</Tx>
    <Rx>28 50</Rx>
</Measure>
<Measure>
    <Tx>39 41</Tx>
    <Rx>29 51</Rx>
</Measure>
<Measure>
    <Tx>40 42</Tx>
    <Rx>30 52</Rx>
</Measure>
<Measure>
    <Tx>41 43</Tx>
    <Rx>31 53</Rx>
</Measure>
<Measure>
    <Tx>42 44</Tx>
    <Rx>32 54</Rx>
</Measure>
<Measure>
    <Tx>43 45</Tx>
    <Rx>33 55</Rx>
</Measure>
<Measure>
    <Tx>44 46</Tx>
    <Rx>34 56</Rx>
</Measure>
<Measure>
    <Tx>45 47</Tx>
    <Rx>35 57</Rx>
</Measure>
<Measure>
    <Tx>46 48</Tx>
    <Rx>36 58</Rx>
</Measure>
<Measure>
    <Tx>47 49</Tx>
    <Rx>37 59</Rx>
</Measure>
<Measure>
    <Tx>48 50</Tx>
    <Rx>38 60</Rx>
</Measure>
<Measure>
    <Tx>49 51</Tx>
    <Rx>39 61</Rx>
</Measure>
<Measure>
    <Tx>50 52</Tx>
    <Rx>40 62</Rx>
</Measure>
<Measure>
    <Tx>51 53</Tx>
    <Rx>41 63</Rx>
</Measure>
<Measure>
    <Tx>52 54</Tx>
    <Rx>42 64</Rx>
</Measure>
<Measure>
    <Tx>9 11</Tx>
    <Rx>1 19</Rx>
</Measure>
<Measure>
    <Tx>10 12</Tx>
    <Rx>2 20</Rx>
</Measure>
<Measure>
    <Tx>11 13</Tx>
    <Rx>3 21</Rx>
</Measure>
<Measure>
    <Tx>12 14</Tx>
    <Rx>4 22</Rx>
</Measure>
<Measure>
    <Tx>13 15</Tx>
    <Rx>5 23</Rx>
</Measure>
<Measure>
    <Tx>14 16</Tx>
    <Rx>6 24</Rx>
</Measure>
<Measure>
    <Tx>15 17</Tx>
    <Rx>7 25</Rx>
</Measure>
<Measure>
    <Tx>16 18</Tx>
    <Rx>8 26</Rx>
</Measure>
<Measure>
    <Tx>17 19</Tx>
    <Rx>9 27</Rx>
</Measure>
<Measure>
    <Tx>18 20</Tx>
    <Rx>10 28</Rx>
</Measure>
<Measure>
    <Tx>19 21</Tx>
    <Rx>11 29</Rx>
</Measure>
<Measure>
    <Tx>20 22</Tx>
    <Rx>12 30</Rx>
</Measure>
<Measure>
    <Tx>21 23</Tx>
    <Rx>13 31</Rx>
</Measure>
<Measure>
    <Tx>22 24</Tx>
    <Rx>14 32</Rx>
</Measure>
<Measure>
    <Tx>23 25</Tx>
    <Rx>15 33</Rx>
</Measure>
<Measure>
    <Tx>24 26</Tx>
    <Rx>16 34</Rx>
</Measure>
<Measure>
    <Tx>25 27</Tx>
    <Rx>17 35</Rx>
</Measure>
<Measure>
    <Tx>26 28</Tx>
    <Rx>18 36</Rx>
</Measure>
<Measure>
    <Tx>27 29</Tx>
    <Rx>19 37</Rx>
</Measure>
<Measure>
    <Tx>28 30</Tx>
    <Rx>20 38</Rx>
</Measure>
<Measure>
    <Tx>29 31</Tx>
    <Rx>21 39</Rx>
</Measure>
<Measure>
    <Tx>30 32</Tx>
    <Rx>22 40</Rx>
</Measure>
<Measure>
    <Tx>31 33</Tx>
    <Rx>23 41</Rx>
</Measure>
<Measure>
    <Tx>32 34</Tx>
    <Rx>24 42</Rx>
</Measure>
<Measure>
    <Tx>33 35</Tx>
    <Rx>25 43</Rx>
</Measure>
<Measure>
    <Tx>34 36</Tx>
    <Rx>26 44</Rx>
</Measure>
<Measure>
    <Tx>35 37</Tx>
    <Rx>27 45</Rx>
</Measure>
<Measure>
    <Tx>36 38</Tx>
    <Rx>28 46</Rx>
</Measure>
<Measure>
    <Tx>37 39</Tx>
    <Rx>29 47</Rx>
</Measure>
<Measure>
    <Tx>38 40</Tx>
    <Rx>30 48</Rx>
</Measure>
<Measure>
    <Tx>39 41</Tx>
    <Rx>31 49</Rx>
</Measure>
<Measure>
    <Tx>40 42</Tx>
    <Rx>32 50</Rx>
</Measure>
<Measure>
    <Tx>41 43</Tx>
    <Rx>33 51</Rx>
</Measure>
<Measure>
    <Tx>42 44</Tx>
    <Rx>34 52</Rx>
</Measure>
<Measure>
    <Tx>43 45</Tx>
    <Rx>35 53</Rx>
</Measure>
<Measure>
    <Tx>44 46</Tx>
    <Rx>36 54</Rx>
</Measure>
<Measure>
    <Tx>45 47</Tx>
    <Rx>37 55</Rx>
</Measure>
<Measure>
    <Tx>46 48</Tx>
    <Rx>38 56</Rx>
</Measure>
<Measure>
    <Tx>47 49</Tx>
    <Rx>39 57</Rx>
</Measure>
<Measure>
    <Tx>48 50</Tx>
    <Rx>40 58</Rx>
</Measure>
<Measure>
    <Tx>49 51</Tx>
    <Rx>41 59</Rx>
</Measure>
<Measure>
    <Tx>50 52</Tx>
    <Rx>42 60</Rx>
</Measure>
<Measure>
    <Tx>51 53</Tx>
    <Rx>43 61</Rx>
</Measure>
<Measure>
    <Tx>52 54</Tx>
    <Rx>44 62</Rx>
</Measure>
<Measure>
    <Tx>53 55</Tx>
    <Rx>45 63</Rx>
</Measure>
<Measure>
    <Tx>54 56</Tx>
    <Rx>46 64</Rx>
</Measure>
<Measure>
    <Tx>7 9</Tx>
    <Rx>1 15</Rx>
</Measure>
<Measure>
    <Tx>8 10</Tx>
    <Rx>2 16</Rx>
</Measure>
<Measure>
    <Tx>9 11</Tx>
    <Rx>3 17</Rx>
</Measure>
<Measure>
    <Tx>10 12</Tx>
    <Rx>4 18</Rx>
</Measure>
<Measure>
    <Tx>11 13</Tx>
    <Rx>5 19</Rx>
</Measure>
<Measure>
    <Tx>12 14</Tx>
    <Rx>6 20</Rx>
</Measure>
<Measure>
    <Tx>13 15</Tx>
    <Rx>7 21</Rx>
</Measure>
<Measure>
    <Tx>14 16</Tx>
    <Rx>8 22</Rx>
</Measure>
<Measure>
    <Tx>15 17</Tx>
    <Rx>9 23</Rx>
</Measure>
<Measure>
    <Tx>16 18</Tx>
    <Rx>10 24</Rx>
</Measure>
<Measure>
    <Tx>17 19</Tx>
    <Rx>11 25</Rx>
</Measure>
<Measure>
    <Tx>18 20</Tx>
    <Rx>12 26</Rx>
</Measure>
<Measure>
    <Tx>19 21</Tx>
    <Rx>13 27</Rx>
</Measure>
<Measure>
    <Tx>20 22</Tx>
    <Rx>14 28</Rx>
</Measure>
<Measure>
    <Tx>21 23</Tx>
    <Rx>15 29</Rx>
</Measure>
<Measure>
    <Tx>22 24</Tx>
    <Rx>16 30</Rx>
</Measure>
<Measure>
    <Tx>23 25</Tx>
    <Rx>17 31</Rx>
</Measure>
<Measure>
    <Tx>24 26</Tx>
    <Rx>18 32</Rx>
</Measure>
<Measure>
    <Tx>25 27</Tx>
    <Rx>19 33</Rx>
</Measure>
<Measure>
    <Tx>26 28</Tx>
    <Rx>20 34</Rx>
</Measure>
<Measure>
    <Tx>27 29</Tx>
    <Rx>21 35</Rx>
</Measure>
<Measure>
    <Tx>28 30</Tx>
    <Rx>22 36</Rx>
</Measure>
<Measure>
    <Tx>29 31</Tx>
    <Rx>23 37</Rx>
</Measure>
<Measure>
    <Tx>30 32</Tx>
    <Rx>24 38</Rx>
</Measure>
<Measure>
    <Tx>31 33</Tx>
    <Rx>25 39</Rx>
</Measure>
<Measure>
    <Tx>32 34</Tx>
    <Rx>26 40</Rx>
</Measure>
<Measure>
    <Tx>33 35</Tx>
    <Rx>27 41</Rx>
</Measure>
<Measure>
    <Tx>34 36</Tx>
    <Rx>28 42</Rx>
</Measure>
<Measure>
    <Tx>35 37</Tx>
    <Rx>29 43</Rx>
</Measure>
<Measure>
    <Tx>36 38</Tx>
    <Rx>30 44</Rx>
</Measure>
<Measure>
    <Tx>37 39</Tx>
    <Rx>31 45</Rx>
</Measure>
<Measure>
    <Tx>38 40</Tx>
    <Rx>32 46</Rx>
</Measure>
<Measure>
    <Tx>39 41</Tx>
    <Rx>33 47</Rx>
</Measure>
<Measure>
    <Tx>40 42</Tx>
    <Rx>34 48</Rx>
</Measure>
<Measure>
    <Tx>41 43</Tx>
    <Rx>35 49</Rx>
</Measure>
<Measure>
    <Tx>42 44</Tx>
    <Rx>36 50</Rx>
</Measure>
<Measure>
    <Tx>43 45</Tx>
    <Rx>37 51</Rx>
</Measure>
<Measure>
    <Tx>44 46</Tx>
    <Rx>38 52</Rx>
</Measure>
<Measure>
    <Tx>45 47</Tx>
    <Rx>39 53</Rx>
</Measure>
<Measure>
    <Tx>46 48</Tx>
    <Rx>40 54</Rx>
</Measure>
<Measure>
    <Tx>47 49</Tx>
    <Rx>41 55</Rx>
</Measure>
<Measure>
    <Tx>48 50</Tx>
    <Rx>42 56</Rx>
</Measure>
<Measure>
    <Tx>49 51</Tx>
    <Rx>43 57</Rx>
</Measure>
<Measure>
    <Tx>50 52</Tx>
    <Rx>44 58</Rx>
</Measure>
<Measure>
    <Tx>51 53</Tx>
    <Rx>45 59</Rx>
</Measure>
<Measure>
    <Tx>52 54</Tx>
    <Rx>46 60</Rx>
</Measure>
<Measure>
    <Tx>53 55</Tx>
    <Rx>47 61</Rx>
</Measure>
<Measure>
    <Tx>54 56</Tx>
    <Rx>48 62</Rx>
</Measure>
<Measure>
    <Tx>55 57</Tx>
    <Rx>49 63</Rx>
</Measure>
<Measure>
    <Tx>56 58</Tx>
    <Rx>50 64</Rx>
</Measure>
<Measure>
    <Tx>5 7</Tx>
    <Rx>1 11</Rx>
</Measure>
<Measure>
    <Tx>6 8</Tx>
    <Rx>2 12</Rx>
</Measure>
<Measure>
    <Tx>7 9</Tx>
    <Rx>3 13</Rx>
</Measure>
<Measure>
    <Tx>8 10</Tx>
    <Rx>4 14</Rx>
</Measure>
<Measure>
    <Tx>9 11</Tx>
    <Rx>5 15</Rx>
</Measure>
<Measure>
    <Tx>10 12</Tx>
    <Rx>6 16</Rx>
</Measure>
<Measure>
    <Tx>11 13</Tx>
    <Rx>7 17</Rx>
</Measure>
<Measure>
    <Tx>12 14</Tx>
    <Rx>8 18</Rx>
</Measure>
<Measure>
    <Tx>13 15</Tx>
    <Rx>9 19</Rx>
</Measure>
<Measure>
    <Tx>14 16</Tx>
    <Rx>10 20</Rx>
</Measure>
<Measure>
    <Tx>15 17</Tx>
    <Rx>11 21</Rx>
</Measure>
<Measure>
    <Tx>16 18</Tx>
    <Rx>12 22</Rx>
</Measure>
<Measure>
    <Tx>17 19</Tx>
    <Rx>13 23</Rx>
</Measure>
<Measure>
    <Tx>18 20</Tx>
    <Rx>14 24</Rx>
</Measure>
<Measure>
    <Tx>19 21</Tx>
    <Rx>15 25</Rx>
</Measure>
<Measure>
    <Tx>20 22</Tx>
    <Rx>16 26</Rx>
</Measure>
<Measure>
    <Tx>21 23</Tx>
    <Rx>17 27</Rx>
</Measure>
<Measure>
    <Tx>22 24</Tx>
    <Rx>18 28</Rx>
</Measure>
<Measure>
    <Tx>23 25</Tx>
    <Rx>19 29</Rx>
</Measure>
<Measure>
    <Tx>24 26</Tx>
    <Rx>20 30</Rx>
</Measure>
<Measure>
    <Tx>25 27</Tx>
    <Rx>21 31</Rx>
</Measure>
<Measure>
    <Tx>26 28</Tx>
    <Rx>22 32</Rx>
</Measure>
<Measure>
    <Tx>27 29</Tx>
    <Rx>23 33</Rx>
</Measure>
<Measure>
    <Tx>28 30</Tx>
    <Rx>24 34</Rx>
</Measure>
<Measure>
    <Tx>29 31</Tx>
    <Rx>25 35</Rx>
</Measure>
<Measure>
    <Tx>30 32</Tx>
    <Rx>26 36</Rx>
</Measure>
<Measure>
    <Tx>31 33</Tx>
    <Rx>27 37</Rx>
</Measure>
<Measure>
    <Tx>32 34</Tx>
    <Rx>28 38</Rx>
</Measure>
<Measure>
    <Tx>33 35</Tx>
    <Rx>29 39</Rx>
</Measure>
<Measure>
    <Tx>34 36</Tx>
    <Rx>30 40</Rx>
</Measure>
<Measure>
    <Tx>35 37</Tx>
    <Rx>31 41</Rx>
</Measure>
<Measure>
    <Tx>36 38</Tx>
    <Rx>32 42</Rx>
</Measure>
<Measure>
    <Tx>37 39</Tx>
    <Rx>33 43</Rx>
</Measure>
<Measure>
    <Tx>38 40</Tx>
    <Rx>34 44</Rx>
</Measure>
<Measure>
    <Tx>39 41</Tx>
    <Rx>35 45</Rx>
</Measure>
<Measure>
    <Tx>40 42</Tx>
    <Rx>36 46</Rx>
</Measure>
<Measure>
    <Tx>41 43</Tx>
    <Rx>37 47</Rx>
</Measure>
<Measure>
    <Tx>42 44</Tx>
    <Rx>38 48</Rx>
</Measure>
<Measure>
    <Tx>43 45</Tx>
    <Rx>39 49</Rx>
</Measure>
<Measure>
    <Tx>44 46</Tx>
    <Rx>40 50</Rx>
</Measure>
<Measure>
    <Tx>45 47</Tx>
    <Rx>41 51</Rx>
</Measure>
<Measure>
    <Tx>46 48</Tx>
    <Rx>42 52</Rx>
</Measure>
<Measure>
    <Tx>47 49</Tx>
    <Rx>43 53</Rx>
</Measure>
<Measure>
    <Tx>48 50</Tx>
    <Rx>44 54</Rx>
</Measure>
<Measure>
    <Tx>49 51</Tx>
    <Rx>45 55</Rx>
</Measure>
<Measure>
    <Tx>50 52</Tx>
    <Rx>46 56</Rx>
</Measure>
<Measure>
    <Tx>51 53</Tx>
    <Rx>47 57</Rx>
</Measure>
<Measure>
    <Tx>52 54</Tx>
    <Rx>48 58</Rx>
</Measure>
<Measure>
    <Tx>53 55</Tx>
    <Rx>49 59</Rx>
</Measure>
<Measure>
    <Tx>54 56</Tx>
    <Rx>50 60</Rx>
</Measure>
<Measure>
    <Tx>55 57</Tx>
    <Rx>51 61</Rx>
</Measure>
<Measure>
    <Tx>56 58</Tx>
    <Rx>52 62</Rx>
</Measure>
<Measure>
    <Tx>57 59</Tx>
    <Rx>53 63</Rx>
</Measure>
<Measure>
    <Tx>58 60</Tx>
    <Rx>54 64</Rx>
</Measure>
<Measure>
    <Tx>3 5</Tx>
    <Rx>1 7</Rx>
</Measure>
<Measure>
    <Tx>4 6</Tx>
    <Rx>2 8</Rx>
</Measure>
<Measure>
    <Tx>5 7</Tx>
    <Rx>3 9</Rx>
</Measure>
<Measure>
    <Tx>6 8</Tx>
    <Rx>4 10</Rx>
</Measure>
<Measure>
    <Tx>7 9</Tx>
    <Rx>5 11</Rx>
</Measure>
<Measure>
    <Tx>8 10</Tx>
    <Rx>6 12</Rx>
</Measure>
<Measure>
    <Tx>9 11</Tx>
    <Rx>7 13</Rx>
</Measure>
<Measure>
    <Tx>10 12</Tx>
    <Rx>8 14</Rx>
</Measure>
<Measure>
    <Tx>11 13</Tx>
    <Rx>9 15</Rx>
</Measure>
<Measure>
    <Tx>12 14</Tx>
    <Rx>10 16</Rx>
</Measure>
<Measure>
    <Tx>13 15</Tx>
    <Rx>11 17</Rx>
</Measure>
<Measure>
    <Tx>14 16</Tx>
    <Rx>12 18</Rx>
</Measure>
<Measure>
    <Tx>15 17</Tx>
    <Rx>13 19</Rx>
</Measure>
<Measure>
    <Tx>16 18</Tx>
    <Rx>14 20</Rx>
</Measure>
<Measure>
    <Tx>17 19</Tx>
    <Rx>15 21</Rx>
</Measure>
<Measure>
    <Tx>18 20</Tx>
    <Rx>16 22</Rx>
</Measure>
<Measure>
    <Tx>19 21</Tx>
    <Rx>17 23</Rx>
</Measure>
<Measure>
    <Tx>20 22</Tx>
    <Rx>18 24</Rx>
</Measure>
<Measure>
    <Tx>21 23</Tx>
    <Rx>19 25</Rx>
</Measure>
<Measure>
    <Tx>22 24</Tx>
    <Rx>20 26</Rx>
</Measure>
<Measure>
    <Tx>23 25</Tx>
    <Rx>21 27</Rx>
</Measure>
<Measure>
    <Tx>24 26</Tx>
    <Rx>22 28</Rx>
</Measure>
<Measure>
    <Tx>25 27</Tx>
    <Rx>23 29</Rx>
</Measure>
<Measure>
    <Tx>26 28</Tx>
    <Rx>24 30</Rx>
</Measure>
<Measure>
    <Tx>27 29</Tx>
    <Rx>25 31</Rx>
</Measure>
<Measure>
    <Tx>28 30</Tx>
    <Rx>26 32</Rx>
</Measure>
<Measure>
    <Tx>29 31</Tx>
    <Rx>27 33</Rx>
</Measure>
<Measure>
    <Tx>30 32</Tx>
    <Rx>28 34</Rx>
</Measure>
<Measure>
    <Tx>31 33</Tx>
    <Rx>29 35</Rx>
</Measure>
<Measure>
    <Tx>32 34</Tx>
    <Rx>30 36</Rx>
</Measure>
<Measure>
    <Tx>33 35</Tx>
    <Rx>31 37</Rx>
</Measure>
<Measure>
    <Tx>34 36</Tx>
    <Rx>32 38</Rx>
</Measure>
<Measure>
    <Tx>35 37</Tx>
    <Rx>33 39</Rx>
</Measure>
<Measure>
    <Tx>36 38</Tx>
    <Rx>34 40</Rx>
</Measure>
<Measure>
    <Tx>37 39</Tx>
    <Rx>35 41</Rx>
</Measure>
<Measure>
    <Tx>38 40</Tx>
    <Rx>36 42</Rx>
</Measure>
<Measure>
    <Tx>39 41</Tx>
    <Rx>37 43</Rx>
</Measure>
<Measure>
    <Tx>40 42</Tx>
    <Rx>38 44</Rx>
</Measure>
<Measure>
    <Tx>41 43</Tx>
    <Rx>39 45</Rx>
</Measure>
<Measure>
    <Tx>42 44</Tx>
    <Rx>40 46</Rx>
</Measure>
<Measure>
    <Tx>43 45</Tx>
    <Rx>41 47</Rx>
</Measure>
<Measure>
    <Tx>44 46</Tx>
    <Rx>42 48</Rx>
</Measure>
<Measure>
    <Tx>45 47</Tx>
    <Rx>43 49</Rx>
</Measure>
<Measure>
    <Tx>46 48</Tx>
    <Rx>44 50</Rx>
</Measure>
<Measure>
    <Tx>47 49</Tx>
    <Rx>45 51</Rx>
</Measure>
<Measure>
    <Tx>48 50</Tx>
    <Rx>46 52</Rx>
</Measure>
<Measure>
    <Tx>49 51</Tx>
    <Rx>47 53</Rx>
</Measure>
<Measure>
    <Tx>50 52</Tx>
    <Rx>48 54</Rx>
</Measure>
<Measure>
    <Tx>51 53</Tx>
    <Rx>49 55</Rx>
</Measure>
<Measure>
    <Tx>52 54</Tx>
    <Rx>50 56</Rx>
</Measure>
<Measure>
    <Tx>53 55</Tx>
    <Rx>51 57</Rx>
</Measure>
<Measure>
    <Tx>54 56</Tx>
    <Rx>52 58</Rx>
</Measure>
<Measure>
    <Tx>55 57</Tx>
    <Rx>53 59</Rx>
</Measure>
<Measure>
    <Tx>56 58</Tx>
    <Rx>54 60</Rx>
</Measure>
<Measure>
    <Tx>57 59</Tx>
    <Rx>55 61</Rx>
</Measure>
<Measure>
    <Tx>58 60</Tx>
    <Rx>56 62</Rx>
</Measure>
<Measure>
    <Tx>59 61</Tx>
    <Rx>57 63</Rx>
</Measure>
<Measure>
    <Tx>60 62</Tx>
    <Rx>58 64</Rx>
</Measure>
<Measure>
    <Tx>8 9</Tx>
    <Rx>1 16</Rx>
</Measure>
<Measure>
    <Tx>9 10</Tx>
    <Rx>2 17</Rx>
</Measure>
<Measure>
    <Tx>10 11</Tx>
    <Rx>3 18</Rx>
</Measure>
<Measure>
    <Tx>11 12</Tx>
    <Rx>4 19</Rx>
</Measure>
<Measure>
    <Tx>12 13</Tx>
    <Rx>5 20</Rx>
</Measure>
<Measure>
    <Tx>13 14</Tx>
    <Rx>6 21</Rx>
</Measure>
<Measure>
    <Tx>14 15</Tx>
    <Rx>7 22</Rx>
</Measure>
<Measure>
    <Tx>15 16</Tx>
    <Rx>8 23</Rx>
</Measure>
<Measure>
    <Tx>16 17</Tx>
    <Rx>9 24</Rx>
</Measure>
<Measure>
    <Tx>17 18</Tx>
    <Rx>10 25</Rx>
</Measure>
<Measure>
    <Tx>18 19</Tx>
    <Rx>11 26</Rx>
</Measure>
<Measure>
    <Tx>19 20</Tx>
    <Rx>12 27</Rx>
</Measure>
<Measure>
    <Tx>20 21</Tx>
    <Rx>13 28</Rx>
</Measure>
<Measure>
    <Tx>21 22</Tx>
    <Rx>14 29</Rx>
</Measure>
<Measure>
    <Tx>22 23</Tx>
    <Rx>15 30</Rx>
</Measure>
<Measure>
    <Tx>23 24</Tx>
    <Rx>16 31</Rx>
</Measure>
<Measure>
    <Tx>24 25</Tx>
    <Rx>17 32</Rx>
</Measure>
<Measure>
    <Tx>25 26</Tx>
    <Rx>18 33</Rx>
</Measure>
<Measure>
    <Tx>26 27</Tx>
    <Rx>19 34</Rx>
</Measure>
<Measure>
    <Tx>27 28</Tx>
    <Rx>20 35</Rx>
</Measure>
<Measure>
    <Tx>28 29</Tx>
    <Rx>21 36</Rx>
</Measure>
<Measure>
    <Tx>29 30</Tx>
    <Rx>22 37</Rx>
</Measure>
<Measure>
    <Tx>30 31</Tx>
    <Rx>23 38</Rx>
</Measure>
<Measure>
    <Tx>31 32</Tx>
    <Rx>24 39</Rx>
</Measure>
<Measure>
    <Tx>32 33</Tx>
    <Rx>25 40</Rx>
</Measure>
<Measure>
    <Tx>33 34</Tx>
    <Rx>26 41</Rx>
</Measure>
<Measure>
    <Tx>34 35</Tx>
    <Rx>27 42</Rx>
</Measure>
<Measure>
    <Tx>35 36</Tx>
    <Rx>28 43</Rx>
</Measure>
<Measure>
    <Tx>36 37</Tx>
    <Rx>29 44</Rx>
</Measure>
<Measure>
    <Tx>37 38</Tx>
    <Rx>30 45</Rx>
</Measure>
<Measure>
    <Tx>38 39</Tx>
    <Rx>31 46</Rx>
</Measure>
<Measure>
    <Tx>39 40</Tx>
    <Rx>32 47</Rx>
</Measure>
<Measure>
    <Tx>40 41</Tx>
    <Rx>33 48</Rx>
</Measure>
<Measure>
    <Tx>41 42</Tx>
    <Rx>34 49</Rx>
</Measure>
<Measure>
    <Tx>42 43</Tx>
    <Rx>35 50</Rx>
</Measure>
<Measure>
    <Tx>43 44</Tx>
    <Rx>36 51</Rx>
</Measure>
<Measure>
    <Tx>44 45</Tx>
    <Rx>37 52</Rx>
</Measure>
<Measure>
    <Tx>45 46</Tx>
    <Rx>38 53</Rx>
</Measure>
<Measure>
    <Tx>46 47</Tx>
    <Rx>39 54</Rx>
</Measure>
<Measure>
    <Tx>47 48</Tx>
    <Rx>40 55</Rx>
</Measure>
<Measure>
    <Tx>48 49</Tx>
    <Rx>41 56</Rx>
</Measure>
<Measure>
    <Tx>49 50</Tx>
    <Rx>42 57</Rx>
</Measure>
<Measure>
    <Tx>50 51</Tx>
    <Rx>43 58</Rx>
</Measure>
<Measure>
    <Tx>51 52</Tx>
    <Rx>44 59</Rx>
</Measure>
<Measure>
    <Tx>52 53</Tx>
    <Rx>45 60</Rx>
</Measure>
<Measure>
    <Tx>53 54</Tx>
    <Rx>46 61</Rx>
</Measure>
<Measure>
    <Tx>54 55</Tx>
    <Rx>47 62</Rx>
</Measure>
<Measure>
    <Tx>55 56</Tx>
    <Rx>48 63</Rx>
</Measure>
<Measure>
    <Tx>56 57</Tx>
    <Rx>49 64</Rx>
</Measure>
<Measure>
    <Tx>7 8</Tx>
    <Rx>1 14</Rx>
</Measure>
<Measure>
    <Tx>8 9</Tx>
    <Rx>2 15</Rx>
</Measure>
<Measure>
    <Tx>9 10</Tx>
    <Rx>3 16</Rx>
</Measure>
<Measure>
    <Tx>10 11</Tx>
    <Rx>4 17</Rx>
</Measure>
<Measure>
    <Tx>11 12</Tx>
    <Rx>5 18</Rx>
</Measure>
<Measure>
    <Tx>12 13</Tx>
    <Rx>6 19</Rx>
</Measure>
<Measure>
    <Tx>13 14</Tx>
    <Rx>7 20</Rx>
</Measure>
<Measure>
    <Tx>14 15</Tx>
    <Rx>8 21</Rx>
</Measure>
<Measure>
    <Tx>15 16</Tx>
    <Rx>9 22</Rx>
</Measure>
<Measure>
    <Tx>16 17</Tx>
    <Rx>10 23</Rx>
</Measure>
<Measure>
    <Tx>17 18</Tx>
    <Rx>11 24</Rx>
</Measure>
<Measure>
    <Tx>18 19</Tx>
    <Rx>12 25</Rx>
</Measure>
<Measure>
    <Tx>19 20</Tx>
    <Rx>13 26</Rx>
</Measure>
<Measure>
    <Tx>20 21</Tx>
    <Rx>14 27</Rx>
</Measure>
<Measure>
    <Tx>21 22</Tx>
    <Rx>15 28</Rx>
</Measure>
<Measure>
    <Tx>22 23</Tx>
    <Rx>16 29</Rx>
</Measure>
<Measure>
    <Tx>23 24</Tx>
    <Rx>17 30</Rx>
</Measure>
<Measure>
    <Tx>24 25</Tx>
    <Rx>18 31</Rx>
</Measure>
<Measure>
    <Tx>25 26</Tx>
    <Rx>19 32</Rx>
</Measure>
<Measure>
    <Tx>26 27</Tx>
    <Rx>20 33</Rx>
</Measure>
<Measure>
    <Tx>27 28</Tx>
    <Rx>21 34</Rx>
</Measure>
<Measure>
    <Tx>28 29</Tx>
    <Rx>22 35</Rx>
</Measure>
<Measure>
    <Tx>29 30</Tx>
    <Rx>23 36</Rx>
</Measure>
<Measure>
    <Tx>30 31</Tx>
    <Rx>24 37</Rx>
</Measure>
<Measure>
    <Tx>31 32</Tx>
    <Rx>25 38</Rx>
</Measure>
<Measure>
    <Tx>32 33</Tx>
    <Rx>26 39</Rx>
</Measure>
<Measure>
    <Tx>33 34</Tx>
    <Rx>27 40</Rx>
</Measure>
<Measure>
    <Tx>34 35</Tx>
    <Rx>28 41</Rx>
</Measure>
<Measure>
    <Tx>35 36</Tx>
    <Rx>29 42</Rx>
</Measure>
<Measure>
    <Tx>36 37</Tx>
    <Rx>30 43</Rx>
</Measure>
<Measure>
    <Tx>37 38</Tx>
    <Rx>31 44</Rx>
</Measure>
<Measure>
    <Tx>38 39</Tx>
    <Rx>32 45</Rx>
</Measure>
<Measure>
    <Tx>39 40</Tx>
    <Rx>33 46</Rx>
</Measure>
<Measure>
    <Tx>40 41</Tx>
    <Rx>34 47</Rx>
</Measure>
<Measure>
    <Tx>41 42</Tx>
    <Rx>35 48</Rx>
</Measure>
<Measure>
    <Tx>42 43</Tx>
    <Rx>36 49</Rx>
</Measure>
<Measure>
    <Tx>43 44</Tx>
    <Rx>37 50</Rx>
</Measure>
<Measure>
    <Tx>44 45</Tx>
    <Rx>38 51</Rx>
</Measure>
<Measure>
    <Tx>45 46</Tx>
    <Rx>39 52</Rx>
</Measure>
<Measure>
    <Tx>46 47</Tx>
    <Rx>40 53</Rx>
</Measure>
<Measure>
    <Tx>47 48</Tx>
    <Rx>41 54</Rx>
</Measure>
<Measure>
    <Tx>48 49</Tx>
    <Rx>42 55</Rx>
</Measure>
<Measure>
    <Tx>49 50</Tx>
    <Rx>43 56</Rx>
</Measure>
<Measure>
    <Tx>50 51</Tx>
    <Rx>44 57</Rx>
</Measure>
<Measure>
    <Tx>51 52</Tx>
    <Rx>45 58</Rx>
</Measure>
<Measure>
    <Tx>52 53</Tx>
    <Rx>46 59</Rx>
</Measure>
<Measure>
    <Tx>53 54</Tx>
    <Rx>47 60</Rx>
</Measure>
<Measure>
    <Tx>54 55</Tx>
    <Rx>48 61</Rx>
</Measure>
<Measure>
    <Tx>55 56</Tx>
    <Rx>49 62</Rx>
</Measure>
<Measure>
    <Tx>56 57</Tx>
    <Rx>50 63</Rx>
</Measure>
<Measure>
    <Tx>57 58</Tx>
    <Rx>51 64</Rx>
</Measure>
<Measure>
    <Tx>6 7</Tx>
    <Rx>1 12</Rx>
</Measure>
<Measure>
    <Tx>7 8</Tx>
    <Rx>2 13</Rx>
</Measure>
<Measure>
    <Tx>8 9</Tx>
    <Rx>3 14</Rx>
</Measure>
<Measure>
    <Tx>9 10</Tx>
    <Rx>4 15</Rx>
</Measure>
<Measure>
    <Tx>10 11</Tx>
    <Rx>5 16</Rx>
</Measure>
<Measure>
    <Tx>11 12</Tx>
    <Rx>6 17</Rx>
</Measure>
<Measure>
    <Tx>12 13</Tx>
    <Rx>7 18</Rx>
</Measure>
<Measure>
    <Tx>13 14</Tx>
    <Rx>8 19</Rx>
</Measure>
<Measure>
    <Tx>14 15</Tx>
    <Rx>9 20</Rx>
</Measure>
<Measure>
    <Tx>15 16</Tx>
    <Rx>10 21</Rx>
</Measure>
<Measure>
    <Tx>16 17</Tx>
    <Rx>11 22</Rx>
</Measure>
<Measure>
    <Tx>17 18</Tx>
    <Rx>12 23</Rx>
</Measure>
<Measure>
    <Tx>18 19</Tx>
    <Rx>13 24</Rx>
</Measure>
<Measure>
    <Tx>19 20</Tx>
    <Rx>14 25</Rx>
</Measure>
<Measure>
    <Tx>20 21</Tx>
    <Rx>15 26</Rx>
</Measure>
<Measure>
    <Tx>21 22</Tx>
    <Rx>16 27</Rx>
</Measure>
<Measure>
    <Tx>22 23</Tx>
    <Rx>17 28</Rx>
</Measure>
<Measure>
    <Tx>23 24</Tx>
    <Rx>18 29</Rx>
</Measure>
<Measure>
    <Tx>24 25</Tx>
    <Rx>19 30</Rx>
</Measure>
<Measure>
    <Tx>25 26</Tx>
    <Rx>20 31</Rx>
</Measure>
<Measure>
    <Tx>26 27</Tx>
    <Rx>21 32</Rx>
</Measure>
<Measure>
    <Tx>27 28</Tx>
    <Rx>22 33</Rx>
</Measure>
<Measure>
    <Tx>28 29</Tx>
    <Rx>23 34</Rx>
</Measure>
<Measure>
    <Tx>29 30</Tx>
    <Rx>24 35</Rx>
</Measure>
<Measure>
    <Tx>30 31</Tx>
    <Rx>25 36</Rx>
</Measure>
<Measure>
    <Tx>31 32</Tx>
    <Rx>26 37</Rx>
</Measure>
<Measure>
    <Tx>32 33</Tx>
    <Rx>27 38</Rx>
</Measure>
<Measure>
    <Tx>33 34</Tx>
    <Rx>28 39</Rx>
</Measure>
<Measure>
    <Tx>34 35</Tx>
    <Rx>29 40</Rx>
</Measure>
<Measure>
    <Tx>35 36</Tx>
    <Rx>30 41</Rx>
</Measure>
<Measure>
    <Tx>36 37</Tx>
    <Rx>31 42</Rx>
</Measure>
<Measure>
    <Tx>37 38</Tx>
    <Rx>32 43</Rx>
</Measure>
<Measure>
    <Tx>38 39</Tx>
    <Rx>33 44</Rx>
</Measure>
<Measure>
    <Tx>39 40</Tx>
    <Rx>34 45</Rx>
</Measure>
<Measure>
    <Tx>40 41</Tx>
    <Rx>35 46</Rx>
</Measure>
<Measure>
    <Tx>41 42</Tx>
    <Rx>36 47</Rx>
</Measure>
<Measure>
    <Tx>42 43</Tx>
    <Rx>37 48</Rx>
</Measure>
<Measure>
    <Tx>43 44</Tx>
    <Rx>38 49</Rx>
</Measure>
<Measure>
    <Tx>44 45</Tx>
    <Rx>39 50</Rx>
</Measure>
<Measure>
    <Tx>45 46</Tx>
    <Rx>40 51</Rx>
</Measure>
<Measure>
    <Tx>46 47</Tx>
    <Rx>41 52</Rx>
</Measure>
<Measure>
    <Tx>47 48</Tx>
    <Rx>42 53</Rx>
</Measure>
<Measure>
    <Tx>48 49</Tx>
    <Rx>43 54</Rx>
</Measure>
<Measure>
    <Tx>49 50</Tx>
    <Rx>44 55</Rx>
</Measure>
<Measure>
    <Tx>50 51</Tx>
    <Rx>45 56</Rx>
</Measure>
<Measure>
    <Tx>51 52</Tx>
    <Rx>46 57</Rx>
</Measure>
<Measure>
    <Tx>52 53</Tx>
    <Rx>47 58</Rx>
</Measure>
<Measure>
    <Tx>53 54</Tx>
    <Rx>48 59</Rx>
</Measure>
<Measure>
    <Tx>54 55</Tx>
    <Rx>49 60</Rx>
</Measure>
<Measure>
    <Tx>55 56</Tx>
    <Rx>50 61</Rx>
</Measure>
<Measure>
    <Tx>56 57</Tx>
    <Rx>51 62</Rx>
</Measure>
<Measure>
    <Tx>57 58</Tx>
    <Rx>52 63</Rx>
</Measure>
<Measure>
    <Tx>58 59</Tx>
    <Rx>53 64</Rx>
</Measure>
<Measure>
    <Tx>5 6</Tx>
    <Rx>1 10</Rx>
</Measure>
<Measure>
    <Tx>6 7</Tx>
    <Rx>2 11</Rx>
</Measure>
<Measure>
    <Tx>7 8</Tx>
    <Rx>3 12</Rx>
</Measure>
<Measure>
    <Tx>8 9</Tx>
    <Rx>4 13</Rx>
</Measure>
<Measure>
    <Tx>9 10</Tx>
    <Rx>5 14</Rx>
</Measure>
<Measure>
    <Tx>10 11</Tx>
    <Rx>6 15</Rx>
</Measure>
<Measure>
    <Tx>11 12</Tx>
    <Rx>7 16</Rx>
</Measure>
<Measure>
    <Tx>12 13</Tx>
    <Rx>8 17</Rx>
</Measure>
<Measure>
    <Tx>13 14</Tx>
    <Rx>9 18</Rx>
</Measure>
<Measure>
    <Tx>14 15</Tx>
    <Rx>10 19</Rx>
</Measure>
<Measure>
    <Tx>15 16</Tx>
    <Rx>11 20</Rx>
</Measure>
<Measure>
    <Tx>16 17</Tx>
    <Rx>12 21</Rx>
</Measure>
<Measure>
    <Tx>17 18</Tx>
    <Rx>13 22</Rx>
</Measure>
<Measure>
    <Tx>18 19</Tx>
    <Rx>14 23</Rx>
</Measure>
<Measure>
    <Tx>19 20</Tx>
    <Rx>15 24</Rx>
</Measure>
<Measure>
    <Tx>20 21</Tx>
    <Rx>16 25</Rx>
</Measure>
<Measure>
    <Tx>21 22</Tx>
    <Rx>17 26</Rx>
</Measure>
<Measure>
    <Tx>22 23</Tx>
    <Rx>18 27</Rx>
</Measure>
<Measure>
    <Tx>23 24</Tx>
    <Rx>19 28</Rx>
</Measure>
<Measure>
    <Tx>24 25</Tx>
    <Rx>20 29</Rx>
</Measure>
<Measure>
    <Tx>25 26</Tx>
    <Rx>21 30</Rx>
</Measure>
<Measure>
    <Tx>26 27</Tx>
    <Rx>22 31</Rx>
</Measure>
<Measure>
    <Tx>27 28</Tx>
    <Rx>23 32</Rx>
</Measure>
<Measure>
    <Tx>28 29</Tx>
    <Rx>24 33</Rx>
</Measure>
<Measure>
    <Tx>29 30</Tx>
    <Rx>25 34</Rx>
</Measure>
<Measure>
    <Tx>30 31</Tx>
    <Rx>26 35</Rx>
</Measure>
<Measure>
    <Tx>31 32</Tx>
    <Rx>27 36</Rx>
</Measure>
<Measure>
    <Tx>32 33</Tx>
    <Rx>28 37</Rx>
</Measure>
<Measure>
    <Tx>33 34</Tx>
    <Rx>29 38</Rx>
</Measure>
<Measure>
    <Tx>34 35</Tx>
    <Rx>30 39</Rx>
</Measure>
<Measure>
    <Tx>35 36</Tx>
    <Rx>31 40</Rx>
</Measure>
<Measure>
    <Tx>36 37</Tx>
    <Rx>32 41</Rx>
</Measure>
<Measure>
    <Tx>37 38</Tx>
    <Rx>33 42</Rx>
</Measure>
<Measure>
    <Tx>38 39</Tx>
    <Rx>34 43</Rx>
</Measure>
<Measure>
    <Tx>39 40</Tx>
    <Rx>35 44</Rx>
</Measure>
<Measure>
    <Tx>40 41</Tx>
    <Rx>36 45</Rx>
</Measure>
<Measure>
    <Tx>41 42</Tx>
    <Rx>37 46</Rx>
</Measure>
<Measure>
    <Tx>42 43</Tx>
    <Rx>38 47</Rx>
</Measure>
<Measure>
    <Tx>43 44</Tx>
    <Rx>39 48</Rx>
</Measure>
<Measure>
    <Tx>44 45</Tx>
    <Rx>40 49</Rx>
</Measure>
<Measure>
    <Tx>45 46</Tx>
    <Rx>41 50</Rx>
</Measure>
<Measure>
    <Tx>46 47</Tx>
    <Rx>42 51</Rx>
</Measure>
<Measure>
    <Tx>47 48</Tx>
    <Rx>43 52</Rx>
</Measure>
<Measure>
    <Tx>48 49</Tx>
    <Rx>44 53</Rx>
</Measure>
<Measure>
    <Tx>49 50</Tx>
    <Rx>45 54</Rx>
</Measure>
<Measure>
    <Tx>50 51</Tx>
    <Rx>46 55</Rx>
</Measure>
<Measure>
    <Tx>51 52</Tx>
    <Rx>47 56</Rx>
</Measure>
<Measure>
    <Tx>52 53</Tx>
    <Rx>48 57</Rx>
</Measure>
<Measure>
    <Tx>53 54</Tx>
    <Rx>49 58</Rx>
</Measure>
<Measure>
    <Tx>54 55</Tx>
    <Rx>50 59</Rx>
</Measure>
<Measure>
    <Tx>55 56</Tx>
    <Rx>51 60</Rx>
</Measure>
<Measure>
    <Tx>56 57</Tx>
    <Rx>52 61</Rx>
</Measure>
<Measure>
    <Tx>57 58</Tx>
    <Rx>53 62</Rx>
</Measure>
<Measure>
    <Tx>58 59</Tx>
    <Rx>54 63</Rx>
</Measure>
<Measure>
    <Tx>59 60</Tx>
    <Rx>55 64</Rx>
</Measure>
<Measure>
    <Tx>4 5</Tx>
    <Rx>1 8</Rx>
</Measure>
<Measure>
    <Tx>5 6</Tx>
    <Rx>2 9</Rx>
</Measure>
<Measure>
    <Tx>6 7</Tx>
    <Rx>3 10</Rx>
</Measure>
<Measure>
    <Tx>7 8</Tx>
    <Rx>4 11</Rx>
</Measure>
<Measure>
    <Tx>8 9</Tx>
    <Rx>5 12</Rx>
</Measure>
<Measure>
    <Tx>9 10</Tx>
    <Rx>6 13</Rx>
</Measure>
<Measure>
    <Tx>10 11</Tx>
    <Rx>7 14</Rx>
</Measure>
<Measure>
    <Tx>11 12</Tx>
    <Rx>8 15</Rx>
</Measure>
<Measure>
    <Tx>12 13</Tx>
    <Rx>9 16</Rx>
</Measure>
<Measure>
    <Tx>13 14</Tx>
    <Rx>10 17</Rx>
</Measure>
<Measure>
    <Tx>14 15</Tx>
    <Rx>11 18</Rx>
</Measure>
<Measure>
    <Tx>15 16</Tx>
    <Rx>12 19</Rx>
</Measure>
<Measure>
    <Tx>16 17</Tx>
    <Rx>13 20</Rx>
</Measure>
<Measure>
    <Tx>17 18</Tx>
    <Rx>14 21</Rx>
</Measure>
<Measure>
    <Tx>18 19</Tx>
    <Rx>15 22</Rx>
</Measure>
<Measure>
    <Tx>19 20</Tx>
    <Rx>16 23</Rx>
</Measure>
<Measure>
    <Tx>20 21</Tx>
    <Rx>17 24</Rx>
</Measure>
<Measure>
    <Tx>21 22</Tx>
    <Rx>18 25</Rx>
</Measure>
<Measure>
    <Tx>22 23</Tx>
    <Rx>19 26</Rx>
</Measure>
<Measure>
    <Tx>23 24</Tx>
    <Rx>20 27</Rx>
</Measure>
<Measure>
    <Tx>24 25</Tx>
    <Rx>21 28</Rx>
</Measure>
<Measure>
    <Tx>25 26</Tx>
    <Rx>22 29</Rx>
</Measure>
<Measure>
    <Tx>26 27</Tx>
    <Rx>23 30</Rx>
</Measure>
<Measure>
    <Tx>27 28</Tx>
    <Rx>24 31</Rx>
</Measure>
<Measure>
    <Tx>28 29</Tx>
    <Rx>25 32</Rx>
</Measure>
<Measure>
    <Tx>29 30</Tx>
    <Rx>26 33</Rx>
</Measure>
<Measure>
    <Tx>30 31</Tx>
    <Rx>27 34</Rx>
</Measure>
<Measure>
    <Tx>31 32</Tx>
    <Rx>28 35</Rx>
</Measure>
<Measure>
    <Tx>32 33</Tx>
    <Rx>29 36</Rx>
</Measure>
<Measure>
    <Tx>33 34</Tx>
    <Rx>30 37</Rx>
</Measure>
<Measure>
    <Tx>34 35</Tx>
    <Rx>31 38</Rx>
</Measure>
<Measure>
    <Tx>35 36</Tx>
    <Rx>32 39</Rx>
</Measure>
<Measure>
    <Tx>36 37</Tx>
    <Rx>33 40</Rx>
</Measure>
<Measure>
    <Tx>37 38</Tx>
    <Rx>34 41</Rx>
</Measure>
<Measure>
    <Tx>38 39</Tx>
    <Rx>35 42</Rx>
</Measure>
<Measure>
    <Tx>39 40</Tx>
    <Rx>36 43</Rx>
</Measure>
<Measure>
    <Tx>40 41</Tx>
    <Rx>37 44</Rx>
</Measure>
<Measure>
    <Tx>41 42</Tx>
    <Rx>38 45</Rx>
</Measure>
<Measure>
    <Tx>42 43</Tx>
    <Rx>39 46</Rx>
</Measure>
<Measure>
    <Tx>43 44</Tx>
    <Rx>40 47</Rx>
</Measure>
<Measure>
    <Tx>44 45</Tx>
    <Rx>41 48</Rx>
</Measure>
<Measure>
    <Tx>45 46</Tx>
    <Rx>42 49</Rx>
</Measure>
<Measure>
    <Tx>46 47</Tx>
    <Rx>43 50</Rx>
</Measure>
<Measure>
    <Tx>47 48</Tx>
    <Rx>44 51</Rx>
</Measure>
<Measure>
    <Tx>48 49</Tx>
    <Rx>45 52</Rx>
</Measure>
<Measure>
    <Tx>49 50</Tx>
    <Rx>46 53</Rx>
</Measure>
<Measure>
    <Tx>50 51</Tx>
    <Rx>47 54</Rx>
</Measure>
<Measure>
    <Tx>51 52</Tx>
    <Rx>48 55</Rx>
</Measure>
<Measure>
    <Tx>52 53</Tx>
    <Rx>49 56</Rx>
</Measure>
<Measure>
    <Tx>53 54</Tx>
    <Rx>50 57</Rx>
</Measure>
<Measure>
    <Tx>54 55</Tx>
    <Rx>51 58</Rx>
</Measure>
<Measure>
    <Tx>55 56</Tx>
    <Rx>52 59</Rx>
</Measure>
<Measure>
    <Tx>56 57</Tx>
    <Rx>53 60</Rx>
</Measure>
<Measure>
    <Tx>57 58</Tx>
    <Rx>54 61</Rx>
</Measure>
<Measure>
    <Tx>58 59</Tx>
    <Rx>55 62</Rx>
</Measure>
<Measure>
    <Tx>59 60</Tx>
    <Rx>56 63</Rx>
</Measure>
<Measure>
    <Tx>60 61</Tx>
    <Rx>57 64</Rx>
</Measure>
<Measure>
    <Tx>3 4</Tx>
    <Rx>1 6</Rx>
</Measure>
<Measure>
    <Tx>4 5</Tx>
    <Rx>2 7</Rx>
</Measure>
<Measure>
    <Tx>5 6</Tx>
    <Rx>3 8</Rx>
</Measure>
<Measure>
    <Tx>6 7</Tx>
    <Rx>4 9</Rx>
</Measure>
<Measure>
    <Tx>7 8</Tx>
    <Rx>5 10</Rx>
</Measure>
<Measure>
    <Tx>8 9</Tx>
    <Rx>6 11</Rx>
</Measure>
<Measure>
    <Tx>9 10</Tx>
    <Rx>7 12</Rx>
</Measure>
<Measure>
    <Tx>10 11</Tx>
    <Rx>8 13</Rx>
</Measure>
<Measure>
    <Tx>11 12</Tx>
    <Rx>9 14</Rx>
</Measure>
<Measure>
    <Tx>12 13</Tx>
    <Rx>10 15</Rx>
</Measure>
<Measure>
    <Tx>13 14</Tx>
    <Rx>11 16</Rx>
</Measure>
<Measure>
    <Tx>14 15</Tx>
    <Rx>12 17</Rx>
</Measure>
<Measure>
    <Tx>15 16</Tx>
    <Rx>13 18</Rx>
</Measure>
<Measure>
    <Tx>16 17</Tx>
    <Rx>14 19</Rx>
</Measure>
<Measure>
    <Tx>17 18</Tx>
    <Rx>15 20</Rx>
</Measure>
<Measure>
    <Tx>18 19</Tx>
    <Rx>16 21</Rx>
</Measure>
<Measure>
    <Tx>19 20</Tx>
    <Rx>17 22</Rx>
</Measure>
<Measure>
    <Tx>20 21</Tx>
    <Rx>18 23</Rx>
</Measure>
<Measure>
    <Tx>21 22</Tx>
    <Rx>19 24</Rx>
</Measure>
<Measure>
    <Tx>22 23</Tx>
    <Rx>20 25</Rx>
</Measure>
<Measure>
    <Tx>23 24</Tx>
    <Rx>21 26</Rx>
</Measure>
<Measure>
    <Tx>24 25</Tx>
    <Rx>22 27</Rx>
</Measure>
<Measure>
    <Tx>25 26</Tx>
    <Rx>23 28</Rx>
</Measure>
<Measure>
    <Tx>26 27</Tx>
    <Rx>24 29</Rx>
</Measure>
<Measure>
    <Tx>27 28</Tx>
    <Rx>25 30</Rx>
</Measure>
<Measure>
    <Tx>28 29</Tx>
    <Rx>26 31</Rx>
</Measure>
<Measure>
    <Tx>29 30</Tx>
    <Rx>27 32</Rx>
</Measure>
<Measure>
    <Tx>30 31</Tx>
    <Rx>28 33</Rx>
</Measure>
<Measure>
    <Tx>31 32</Tx>
    <Rx>29 34</Rx>
</Measure>
<Measure>
    <Tx>32 33</Tx>
    <Rx>30 35</Rx>
</Measure>
<Measure>
    <Tx>33 34</Tx>
    <Rx>31 36</Rx>
</Measure>
<Measure>
    <Tx>34 35</Tx>
    <Rx>32 37</Rx>
</Measure>
<Measure>
    <Tx>35 36</Tx>
    <Rx>33 38</Rx>
</Measure>
<Measure>
    <Tx>36 37</Tx>
    <Rx>34 39</Rx>
</Measure>
<Measure>
    <Tx>37 38</Tx>
    <Rx>35 40</Rx>
</Measure>
<Measure>
    <Tx>38 39</Tx>
    <Rx>36 41</Rx>
</Measure>
<Measure>
    <Tx>39 40</Tx>
    <Rx>37 42</Rx>
</Measure>
<Measure>
    <Tx>40 41</Tx>
    <Rx>38 43</Rx>
</Measure>
<Measure>
    <Tx>41 42</Tx>
    <Rx>39 44</Rx>
</Measure>
<Measure>
    <Tx>42 43</Tx>
    <Rx>40 45</Rx>
</Measure>
<Measure>
    <Tx>43 44</Tx>
    <Rx>41 46</Rx>
</Measure>
<Measure>
    <Tx>44 45</Tx>
    <Rx>42 47</Rx>
</Measure>
<Measure>
    <Tx>45 46</Tx>
    <Rx>43 48</Rx>
</Measure>
<Measure>
    <Tx>46 47</Tx>
    <Rx>44 49</Rx>
</Measure>
<Measure>
    <Tx>47 48</Tx>
    <Rx>45 50</Rx>
</Measure>
<Measure>
    <Tx>48 49</Tx>
    <Rx>46 51</Rx>
</Measure>
<Measure>
    <Tx>49 50</Tx>
    <Rx>47 52</Rx>
</Measure>
<Measure>
    <Tx>50 51</Tx>
    <Rx>48 53</Rx>
</Measure>
<Measure>
    <Tx>51 52</Tx>
    <Rx>49 54</Rx>
</Measure>
<Measure>
    <Tx>52 53</Tx>
    <Rx>50 55</Rx>
</Measure>
<Measure>
    <Tx>53 54</Tx>
    <Rx>51 56</Rx>
</Measure>
<Measure>
    <Tx>54 55</Tx>
    <Rx>52 57</Rx>
</Measure>
<Measure>
    <Tx>55 56</Tx>
    <Rx>53 58</Rx>
</Measure>
<Measure>
    <Tx>56 57</Tx>
    <Rx>54 59</Rx>
</Measure>
<Measure>
    <Tx>57 58</Tx>
    <Rx>55 60</Rx>
</Measure>
<Measure>
    <Tx>58 59</Tx>
    <Rx>56 61</Rx>
</Measure>
<Measure>
    <Tx>59 60</Tx>
    <Rx>57 62</Rx>
</Measure>
<Measure>
    <Tx>60 61</Tx>
    <Rx>58 63</Rx>
</Measure>
<Measure>
    <Tx>61 62</Tx>
    <Rx>59 64</Rx>
</Measure>
<Measure>
    <Tx>2 3</Tx>
    <Rx>1 4</Rx>
</Measure>
<Measure>
    <Tx>3 4</Tx>
    <Rx>2 5</Rx>
</Measure>
<Measure>
    <Tx>4 5</Tx>
    <Rx>3 6</Rx>
</Measure>
<Measure>
    <Tx>5 6</Tx>
    <Rx>4 7</Rx>
</Measure>
<Measure>
    <Tx>6 7</Tx>
    <Rx>5 8</Rx>
</Measure>
<Measure>
    <Tx>7 8</Tx>
    <Rx>6 9</Rx>
</Measure>
<Measure>
    <Tx>8 9</Tx>
    <Rx>7 10</Rx>
</Measure>
<Measure>
    <Tx>9 10</Tx>
    <Rx>8 11</Rx>
</Measure>
<Measure>
    <Tx>10 11</Tx>
    <Rx>9 12</Rx>
</Measure>
<Measure>
    <Tx>11 12</Tx>
    <Rx>10 13</Rx>
</Measure>
<Measure>
    <Tx>12 13</Tx>
    <Rx>11 14</Rx>
</Measure>
<Measure>
    <Tx>13 14</Tx>
    <Rx>12 15</Rx>
</Measure>
<Measure>
    <Tx>14 15</Tx>
    <Rx>13 16</Rx>
</Measure>
<Measure>
    <Tx>15 16</Tx>
    <Rx>14 17</Rx>
</Measure>
<Measure>
    <Tx>16 17</Tx>
    <Rx>15 18</Rx>
</Measure>
<Measure>
    <Tx>17 18</Tx>
    <Rx>16 19</Rx>
</Measure>
<Measure>
    <Tx>18 19</Tx>
    <Rx>17 20</Rx>
</Measure>
<Measure>
    <Tx>19 20</Tx>
    <Rx>18 21</Rx>
</Measure>
<Measure>
    <Tx>20 21</Tx>
    <Rx>19 22</Rx>
</Measure>
<Measure>
    <Tx>21 22</Tx>
    <Rx>20 23</Rx>
</Measure>
<Measure>
    <Tx>22 23</Tx>
    <Rx>21 24</Rx>
</Measure>
<Measure>
    <Tx>23 24</Tx>
    <Rx>22 25</Rx>
</Measure>
<Measure>
    <Tx>24 25</Tx>
    <Rx>23 26</Rx>
</Measure>
<Measure>
    <Tx>25 26</Tx>
    <Rx>24 27</Rx>
</Measure>
<Measure>
    <Tx>26 27</Tx>
    <Rx>25 28</Rx>
</Measure>
<Measure>
    <Tx>27 28</Tx>
    <Rx>26 29</Rx>
</Measure>
<Measure>
    <Tx>28 29</Tx>
    <Rx>27 30</Rx>
</Measure>
<Measure>
    <Tx>29 30</Tx>
    <Rx>28 31</Rx>
</Measure>
<Measure>
    <Tx>30 31</Tx>
    <Rx>29 32</Rx>
</Measure>
<Measure>
    <Tx>31 32</Tx>
    <Rx>30 33</Rx>
</Measure>
<Measure>
    <Tx>32 33</Tx>
    <Rx>31 34</Rx>
</Measure>
<Measure>
    <Tx>33 34</Tx>
    <Rx>32 35</Rx>
</Measure>
<Measure>
    <Tx>34 35</Tx>
    <Rx>33 36</Rx>
</Measure>
<Measure>
    <Tx>35 36</Tx>
    <Rx>34 37</Rx>
</Measure>
<Measure>
    <Tx>36 37</Tx>
    <Rx>35 38</Rx>
</Measure>
<Measure>
    <Tx>37 38</Tx>
    <Rx>36 39</Rx>
</Measure>
<Measure>
    <Tx>38 39</Tx>
    <Rx>37 40</Rx>
</Measure>
<Measure>
    <Tx>39 40</Tx>
    <Rx>38 41</Rx>
</Measure>
<Measure>
    <Tx>40 41</Tx>
    <Rx>39 42</Rx>
</Measure>
<Measure>
    <Tx>41 42</Tx>
    <Rx>40 43</Rx>
</Measure>
<Measure>
    <Tx>42 43</Tx>
    <Rx>41 44</Rx>
</Measure>
<Measure>
    <Tx>43 44</Tx>
    <Rx>42 45</Rx>
</Measure>
<Measure>
    <Tx>44 45</Tx>
    <Rx>43 46</Rx>
</Measure>
<Measure>
    <Tx>45 46</Tx>
    <Rx>44 47</Rx>
</Measure>
<Measure>
    <Tx>46 47</Tx>
    <Rx>45 48</Rx>
</Measure>
<Measure>
    <Tx>47 48</Tx>
    <Rx>46 49</Rx>
</Measure>
<Measure>
    <Tx>48 49</Tx>
    <Rx>47 50</Rx>
</Measure>
<Measure>
    <Tx>49 50</Tx>
    <Rx>48 51</Rx>
</Measure>
<Measure>
    <Tx>50 51</Tx>
    <Rx>49 52</Rx>
</Measure>
<Measure>
    <Tx>51 52</Tx>
    <Rx>50 53</Rx>
</Measure>
<Measure>
    <Tx>52 53</Tx>
    <Rx>51 54</Rx>
</Measure>
<Measure>
    <Tx>53 54</Tx>
    <Rx>52 55</Rx>
</Measure>
<Measure>
    <Tx>54 55</Tx>
    <Rx>53 56</Rx>
</Measure>
<Measure>
    <Tx>55 56</Tx>
    <Rx>54 57</Rx>
</Measure>
<Measure>
    <Tx>56 57</Tx>
    <Rx>55 58</Rx>
</Measure>
<Measure>
    <Tx>57 58</Tx>
    <Rx>56 59</Rx>
</Measure>
<Measure>
    <Tx>58 59</Tx>
    <Rx>57 60</Rx>
</Measure>
<Measure>
    <Tx>59 60</Tx>
    <Rx>58 61</Rx>
</Measure>
<Measure>
    <Tx>60 61</Tx>
    <Rx>59 62</Rx>
</Measure>
<Measure>
    <Tx>61 62</Tx>
    <Rx>60 63</Rx>
</Measure>
<Measure>
    <Tx>62 63</Tx>
    <Rx>61 64</Rx>
</Measure>
</Sequence>
</Protocol>