<?xml version="1.0" encoding="UTF-8" ?>
<Protocol>
<Name>Reciprocal_R_Wenner64</Name>
<Description>Individual reciprocal measurements generated from Wenner64.xml - One reciprocal per Tx-Rx pair</Description>
<SpreadFile>4x16.xml</SpreadFile>
<Arraycode>11</Arraycode>
<Sequence>
<Measure>
    <Tx>22 43</Tx>
    <Rx>1 64</Rx>
</Measure>
<Measure>
    <Tx>21 41</Tx>
    <Rx>1 61</Rx>
</Measure>
<Measure>
    <Tx>22 42</Tx>
    <Rx>2 62</Rx>
</Measure>
<Measure>
    <Tx>23 43</Tx>
    <Rx>3 63</Rx>
</Measure>
<Measure>
    <Tx>24 44</Tx>
    <Rx>4 64</Rx>
</Measure>
<Measure>
    <Tx>20 39</Tx>
    <Rx>1 58</Rx>
</Measure>
<Measure>
    <Tx>21 40</Tx>
    <Rx>2 59</Rx>
</Measure>
<Measure>
    <Tx>22 41</Tx>
    <Rx>3 60</Rx>
</Measure>
<Measure>
    <Tx>23 42</Tx>
    <Rx>4 61</Rx>
</Measure>
<Measure>
    <Tx>24 43</Tx>
    <Rx>5 62</Rx>
</Measure>
<Measure>
    <Tx>25 44</Tx>
    <Rx>6 63</Rx>
</Measure>
<Measure>
    <Tx>26 45</Tx>
    <Rx>7 64</Rx>
</Measure>
<Measure>
    <Tx>19 37</Tx>
    <Rx>1 55</Rx>
</Measure>
<Measure>
    <Tx>20 38</Tx>
    <Rx>2 56</Rx>
</Measure>
<Measure>
    <Tx>21 39</Tx>
    <Rx>3 57</Rx>
</Measure>
<Measure>
    <Tx>22 40</Tx>
    <Rx>4 58</Rx>
</Measure>
<Measure>
    <Tx>23 41</Tx>
    <Rx>5 59</Rx>
</Measure>
<Measure>
    <Tx>24 42</Tx>
    <Rx>6 60</Rx>
</Measure>
<Measure>
    <Tx>25 43</Tx>
    <Rx>7 61</Rx>
</Measure>
<Measure>
    <Tx>26 44</Tx>
    <Rx>8 62</Rx>
</Measure>
<Measure>
    <Tx>27 45</Tx>
    <Rx>9 63</Rx>
</Measure>
<Measure>
    <Tx>28 46</Tx>
    <Rx>10 64</Rx>
</Measure>
<Measure>
    <Tx>18 35</Tx>
    <Rx>1 52</Rx>
</Measure>
<Measure>
    <Tx>19 36</Tx>
    <Rx>2 53</Rx>
</Measure>
<Measure>
    <Tx>20 37</Tx>
    <Rx>3 54</Rx>
</Measure>
<Measure>
    <Tx>21 38</Tx>
    <Rx>4 55</Rx>
</Measure>
<Measure>
    <Tx>22 39</Tx>
    <Rx>5 56</Rx>
</Measure>
<Measure>
    <Tx>23 40</Tx>
    <Rx>6 57</Rx>
</Measure>
<Measure>
    <Tx>24 41</Tx>
    <Rx>7 58</Rx>
</Measure>
<Measure>
    <Tx>25 42</Tx>
    <Rx>8 59</Rx>
</Measure>
<Measure>
    <Tx>26 43</Tx>
    <Rx>9 60</Rx>
</Measure>
<Measure>
    <Tx>27 44</Tx>
    <Rx>10 61</Rx>
</Measure>
<Measure>
    <Tx>28 45</Tx>
    <Rx>11 62</Rx>
</Measure>
<Measure>
    <Tx>29 46</Tx>
    <Rx>12 63</Rx>
</Measure>
<Measure>
    <Tx>30 47</Tx>
    <Rx>13 64</Rx>
</Measure>
<Measure>
    <Tx>17 33</Tx>
    <Rx>1 49</Rx>
</Measure>
<Measure>
    <Tx>18 34</Tx>
    <Rx>2 50</Rx>
</Measure>
<Measure>
    <Tx>19 35</Tx>
    <Rx>3 51</Rx>
</Measure>
<Measure>
    <Tx>20 36</Tx>
    <Rx>4 52</Rx>
</Measure>
<Measure>
    <Tx>21 37</Tx>
    <Rx>5 53</Rx>
</Measure>
<Measure>
    <Tx>22 38</Tx>
    <Rx>6 54</Rx>
</Measure>
<Measure>
    <Tx>23 39</Tx>
    <Rx>7 55</Rx>
</Measure>
<Measure>
    <Tx>24 40</Tx>
    <Rx>8 56</Rx>
</Measure>
<Measure>
    <Tx>25 41</Tx>
    <Rx>9 57</Rx>
</Measure>
<Measure>
    <Tx>26 42</Tx>
    <Rx>10 58</Rx>
</Measure>
<Measure>
    <Tx>27 43</Tx>
    <Rx>11 59</Rx>
</Measure>
<Measure>
    <Tx>28 44</Tx>
    <Rx>12 60</Rx>
</Measure>
<Measure>
    <Tx>29 45</Tx>
    <Rx>13 61</Rx>
</Measure>
<Measure>
    <Tx>30 46</Tx>
    <Rx>14 62</Rx>
</Measure>
<Measure>
    <Tx>31 47</Tx>
    <Rx>15 63</Rx>
</Measure>
<Measure>
    <Tx>32 48</Tx>
    <Rx>16 64</Rx>
</Measure>
<Measure>
    <Tx>16 31</Tx>
    <Rx>1 46</Rx>
</Measure>
<Measure>
    <Tx>17 32</Tx>
    <Rx>2 47</Rx>
</Measure>
<Measure>
    <Tx>18 33</Tx>
    <Rx>3 48</Rx>
</Measure>
<Measure>
    <Tx>19 34</Tx>
    <Rx>4 49</Rx>
</Measure>
<Measure>
    <Tx>20 35</Tx>
    <Rx>5 50</Rx>
</Measure>
<Measure>
    <Tx>21 36</Tx>
    <Rx>6 51</Rx>
</Measure>
<Measure>
    <Tx>22 37</Tx>
    <Rx>7 52</Rx>
</Measure>
<Measure>
    <Tx>23 38</Tx>
    <Rx>8 53</Rx>
</Measure>
<Measure>
    <Tx>24 39</Tx>
    <Rx>9 54</Rx>
</Measure>
<Measure>
    <Tx>25 40</Tx>
    <Rx>10 55</Rx>
</Measure>
<Measure>
    <Tx>26 41</Tx>
    <Rx>11 56</Rx>
</Measure>
<Measure>
    <Tx>27 42</Tx>
    <Rx>12 57</Rx>
</Measure>
<Measure>
    <Tx>28 43</Tx>
    <Rx>13 58</Rx>
</Measure>
<Measure>
    <Tx>29 44</Tx>
    <Rx>14 59</Rx>
</Measure>
<Measure>
    <Tx>30 45</Tx>
    <Rx>15 60</Rx>
</Measure>
<Measure>
    <Tx>31 46</Tx>
    <Rx>16 61</Rx>
</Measure>
<Measure>
    <Tx>32 47</Tx>
    <Rx>17 62</Rx>
</Measure>
<Measure>
    <Tx>33 48</Tx>
    <Rx>18 63</Rx>
</Measure>
<Measure>
    <Tx>34 49</Tx>
    <Rx>19 64</Rx>
</Measure>
<Measure>
    <Tx>15 29</Tx>
    <Rx>1 43</Rx>
</Measure>
<Measure>
    <Tx>16 30</Tx>
    <Rx>2 44</Rx>
</Measure>
<Measure>
    <Tx>17 31</Tx>
    <Rx>3 45</Rx>
</Measure>
<Measure>
    <Tx>18 32</Tx>
    <Rx>4 46</Rx>
</Measure>
<Measure>
    <Tx>19 33</Tx>
    <Rx>5 47</Rx>
</Measure>
<Measure>
    <Tx>20 34</Tx>
    <Rx>6 48</Rx>
</Measure>
<Measure>
    <Tx>21 35</Tx>
    <Rx>7 49</Rx>
</Measure>
<Measure>
    <Tx>22 36</Tx>
    <Rx>8 50</Rx>
</Measure>
<Measure>
    <Tx>23 37</Tx>
    <Rx>9 51</Rx>
</Measure>
<Measure>
    <Tx>24 38</Tx>
    <Rx>10 52</Rx>
</Measure>
<Measure>
    <Tx>25 39</Tx>
    <Rx>11 53</Rx>
</Measure>
<Measure>
    <Tx>26 40</Tx>
    <Rx>12 54</Rx>
</Measure>
<Measure>
    <Tx>27 41</Tx>
    <Rx>13 55</Rx>
</Measure>
<Measure>
    <Tx>28 42</Tx>
    <Rx>14 56</Rx>
</Measure>
<Measure>
    <Tx>29 43</Tx>
    <Rx>15 57</Rx>
</Measure>
<Measure>
    <Tx>30 44</Tx>
    <Rx>16 58</Rx>
</Measure>
<Measure>
    <Tx>31 45</Tx>
    <Rx>17 59</Rx>
</Measure>
<Measure>
    <Tx>32 46</Tx>
    <Rx>18 60</Rx>
</Measure>
<Measure>
    <Tx>33 47</Tx>
    <Rx>19 61</Rx>
</Measure>
<Measure>
    <Tx>34 48</Tx>
    <Rx>20 62</Rx>
</Measure>
<Measure>
    <Tx>35 49</Tx>
    <Rx>21 63</Rx>
</Measure>
<Measure>
    <Tx>36 50</Tx>
    <Rx>22 64</Rx>
</Measure>
<Measure>
    <Tx>14 27</Tx>
    <Rx>1 40</Rx>
</Measure>
<Measure>
    <Tx>15 28</Tx>
    <Rx>2 41</Rx>
</Measure>
<Measure>
    <Tx>16 29</Tx>
    <Rx>3 42</Rx>
</Measure>
<Measure>
    <Tx>17 30</Tx>
    <Rx>4 43</Rx>
</Measure>
<Measure>
    <Tx>18 31</Tx>
    <Rx>5 44</Rx>
</Measure>
<Measure>
    <Tx>19 32</Tx>
    <Rx>6 45</Rx>
</Measure>
<Measure>
    <Tx>20 33</Tx>
    <Rx>7 46</Rx>
</Measure>
<Measure>
    <Tx>21 34</Tx>
    <Rx>8 47</Rx>
</Measure>
<Measure>
    <Tx>22 35</Tx>
    <Rx>9 48</Rx>
</Measure>
<Measure>
    <Tx>23 36</Tx>
    <Rx>10 49</Rx>
</Measure>
<Measure>
    <Tx>24 37</Tx>
    <Rx>11 50</Rx>
</Measure>
<Measure>
    <Tx>25 38</Tx>
    <Rx>12 51</Rx>
</Measure>
<Measure>
    <Tx>26 39</Tx>
    <Rx>13 52</Rx>
</Measure>
<Measure>
    <Tx>27 40</Tx>
    <Rx>14 53</Rx>
</Measure>
<Measure>
    <Tx>28 41</Tx>
    <Rx>15 54</Rx>
</Measure>
<Measure>
    <Tx>29 42</Tx>
    <Rx>16 55</Rx>
</Measure>
<Measure>
    <Tx>30 43</Tx>
    <Rx>17 56</Rx>
</Measure>
<Measure>
    <Tx>31 44</Tx>
    <Rx>18 57</Rx>
</Measure>
<Measure>
    <Tx>32 45</Tx>
    <Rx>19 58</Rx>
</Measure>
<Measure>
    <Tx>33 46</Tx>
    <Rx>20 59</Rx>
</Measure>
<Measure>
    <Tx>34 47</Tx>
    <Rx>21 60</Rx>
</Measure>
<Measure>
    <Tx>35 48</Tx>
    <Rx>22 61</Rx>
</Measure>
<Measure>
    <Tx>36 49</Tx>
    <Rx>23 62</Rx>
</Measure>
<Measure>
    <Tx>37 50</Tx>
    <Rx>24 63</Rx>
</Measure>
<Measure>
    <Tx>38 51</Tx>
    <Rx>25 64</Rx>
</Measure>
<Measure>
    <Tx>13 25</Tx>
    <Rx>1 37</Rx>
</Measure>
<Measure>
    <Tx>14 26</Tx>
    <Rx>2 38</Rx>
</Measure>
<Measure>
    <Tx>15 27</Tx>
    <Rx>3 39</Rx>
</Measure>
<Measure>
    <Tx>16 28</Tx>
    <Rx>4 40</Rx>
</Measure>
<Measure>
    <Tx>17 29</Tx>
    <Rx>5 41</Rx>
</Measure>
<Measure>
    <Tx>18 30</Tx>
    <Rx>6 42</Rx>
</Measure>
<Measure>
    <Tx>19 31</Tx>
    <Rx>7 43</Rx>
</Measure>
<Measure>
    <Tx>20 32</Tx>
    <Rx>8 44</Rx>
</Measure>
<Measure>
    <Tx>21 33</Tx>
    <Rx>9 45</Rx>
</Measure>
<Measure>
    <Tx>22 34</Tx>
    <Rx>10 46</Rx>
</Measure>
<Measure>
    <Tx>23 35</Tx>
    <Rx>11 47</Rx>
</Measure>
<Measure>
    <Tx>24 36</Tx>
    <Rx>12 48</Rx>
</Measure>
<Measure>
    <Tx>25 37</Tx>
    <Rx>13 49</Rx>
</Measure>
<Measure>
    <Tx>26 38</Tx>
    <Rx>14 50</Rx>
</Measure>
<Measure>
    <Tx>27 39</Tx>
    <Rx>15 51</Rx>
</Measure>
<Measure>
    <Tx>28 40</Tx>
    <Rx>16 52</Rx>
</Measure>
<Measure>
    <Tx>29 41</Tx>
    <Rx>17 53</Rx>
</Measure>
<Measure>
    <Tx>30 42</Tx>
    <Rx>18 54</Rx>
</Measure>
<Measure>
    <Tx>31 43</Tx>
    <Rx>19 55</Rx>
</Measure>
<Measure>
    <Tx>32 44</Tx>
    <Rx>20 56</Rx>
</Measure>
<Measure>
    <Tx>33 45</Tx>
    <Rx>21 57</Rx>
</Measure>
<Measure>
    <Tx>34 46</Tx>
    <Rx>22 58</Rx>
</Measure>
<Measure>
    <Tx>35 47</Tx>
    <Rx>23 59</Rx>
</Measure>
<Measure>
    <Tx>36 48</Tx>
    <Rx>24 60</Rx>
</Measure>
<Measure>
    <Tx>37 49</Tx>
    <Rx>25 61</Rx>
</Measure>
<Measure>
    <Tx>38 50</Tx>
    <Rx>26 62</Rx>
</Measure>
<Measure>
    <Tx>39 51</Tx>
    <Rx>27 63</Rx>
</Measure>
<Measure>
    <Tx>40 52</Tx>
    <Rx>28 64</Rx>
</Measure>
<Measure>
    <Tx>12 23</Tx>
    <Rx>1 34</Rx>
</Measure>
<Measure>
    <Tx>13 24</Tx>
    <Rx>2 35</Rx>
</Measure>
<Measure>
    <Tx>14 25</Tx>
    <Rx>3 36</Rx>
</Measure>
<Measure>
    <Tx>15 26</Tx>
    <Rx>4 37</Rx>
</Measure>
<Measure>
    <Tx>16 27</Tx>
    <Rx>5 38</Rx>
</Measure>
<Measure>
    <Tx>17 28</Tx>
    <Rx>6 39</Rx>
</Measure>
<Measure>
    <Tx>18 29</Tx>
    <Rx>7 40</Rx>
</Measure>
<Measure>
    <Tx>19 30</Tx>
    <Rx>8 41</Rx>
</Measure>
<Measure>
    <Tx>20 31</Tx>
    <Rx>9 42</Rx>
</Measure>
<Measure>
    <Tx>21 32</Tx>
    <Rx>10 43</Rx>
</Measure>
<Measure>
    <Tx>22 33</Tx>
    <Rx>11 44</Rx>
</Measure>
<Measure>
    <Tx>23 34</Tx>
    <Rx>12 45</Rx>
</Measure>
<Measure>
    <Tx>24 35</Tx>
    <Rx>13 46</Rx>
</Measure>
<Measure>
    <Tx>25 36</Tx>
    <Rx>14 47</Rx>
</Measure>
<Measure>
    <Tx>26 37</Tx>
    <Rx>15 48</Rx>
</Measure>
<Measure>
    <Tx>27 38</Tx>
    <Rx>16 49</Rx>
</Measure>
<Measure>
    <Tx>28 39</Tx>
    <Rx>17 50</Rx>
</Measure>
<Measure>
    <Tx>29 40</Tx>
    <Rx>18 51</Rx>
</Measure>
<Measure>
    <Tx>30 41</Tx>
    <Rx>19 52</Rx>
</Measure>
<Measure>
    <Tx>31 42</Tx>
    <Rx>20 53</Rx>
</Measure>
<Measure>
    <Tx>32 43</Tx>
    <Rx>21 54</Rx>
</Measure>
<Measure>
    <Tx>33 44</Tx>
    <Rx>22 55</Rx>
</Measure>
<Measure>
    <Tx>34 45</Tx>
    <Rx>23 56</Rx>
</Measure>
<Measure>
    <Tx>35 46</Tx>
    <Rx>24 57</Rx>
</Measure>
<Measure>
    <Tx>36 47</Tx>
    <Rx>25 58</Rx>
</Measure>
<Measure>
    <Tx>37 48</Tx>
    <Rx>26 59</Rx>
</Measure>
<Measure>
    <Tx>38 49</Tx>
    <Rx>27 60</Rx>
</Measure>
<Measure>
    <Tx>39 50</Tx>
    <Rx>28 61</Rx>
</Measure>
<Measure>
    <Tx>40 51</Tx>
    <Rx>29 62</Rx>
</Measure>
<Measure>
    <Tx>41 52</Tx>
    <Rx>30 63</Rx>
</Measure>
<Measure>
    <Tx>42 53</Tx>
    <Rx>31 64</Rx>
</Measure>
<Measure>
    <Tx>11 21</Tx>
    <Rx>1 31</Rx>
</Measure>
<Measure>
    <Tx>41 51</Tx>
    <Rx>31 61</Rx>
</Measure>
<Measure>
    <Tx>12 22</Tx>
    <Rx>2 32</Rx>
</Measure>
<Measure>
    <Tx>42 52</Tx>
    <Rx>32 62</Rx>
</Measure>
<Measure>
    <Tx>13 23</Tx>
    <Rx>3 33</Rx>
</Measure>
<Measure>
    <Tx>43 53</Tx>
    <Rx>33 63</Rx>
</Measure>
<Measure>
    <Tx>14 24</Tx>
    <Rx>4 34</Rx>
</Measure>
<Measure>
    <Tx>44 54</Tx>
    <Rx>34 64</Rx>
</Measure>
<Measure>
    <Tx>15 25</Tx>
    <Rx>5 35</Rx>
</Measure>
<Measure>
    <Tx>16 26</Tx>
    <Rx>6 36</Rx>
</Measure>
<Measure>
    <Tx>17 27</Tx>
    <Rx>7 37</Rx>
</Measure>
<Measure>
    <Tx>18 28</Tx>
    <Rx>8 38</Rx>
</Measure>
<Measure>
    <Tx>19 29</Tx>
    <Rx>9 39</Rx>
</Measure>
<Measure>
    <Tx>20 30</Tx>
    <Rx>10 40</Rx>
</Measure>
<Measure>
    <Tx>21 31</Tx>
    <Rx>11 41</Rx>
</Measure>
<Measure>
    <Tx>22 32</Tx>
    <Rx>12 42</Rx>
</Measure>
<Measure>
    <Tx>23 33</Tx>
    <Rx>13 43</Rx>
</Measure>
<Measure>
    <Tx>24 34</Tx>
    <Rx>14 44</Rx>
</Measure>
<Measure>
    <Tx>25 35</Tx>
    <Rx>15 45</Rx>
</Measure>
<Measure>
    <Tx>26 36</Tx>
    <Rx>16 46</Rx>
</Measure>
<Measure>
    <Tx>27 37</Tx>
    <Rx>17 47</Rx>
</Measure>
<Measure>
    <Tx>28 38</Tx>
    <Rx>18 48</Rx>
</Measure>
<Measure>
    <Tx>29 39</Tx>
    <Rx>19 49</Rx>
</Measure>
<Measure>
    <Tx>30 40</Tx>
    <Rx>20 50</Rx>
</Measure>
<Measure>
    <Tx>31 41</Tx>
    <Rx>21 51</Rx>
</Measure>
<Measure>
    <Tx>32 42</Tx>
    <Rx>22 52</Rx>
</Measure>
<Measure>
    <Tx>33 43</Tx>
    <Rx>23 53</Rx>
</Measure>
<Measure>
    <Tx>34 44</Tx>
    <Rx>24 54</Rx>
</Measure>
<Measure>
    <Tx>35 45</Tx>
    <Rx>25 55</Rx>
</Measure>
<Measure>
    <Tx>36 46</Tx>
    <Rx>26 56</Rx>
</Measure>
<Measure>
    <Tx>37 47</Tx>
    <Rx>27 57</Rx>
</Measure>
<Measure>
    <Tx>38 48</Tx>
    <Rx>28 58</Rx>
</Measure>
<Measure>
    <Tx>39 49</Tx>
    <Rx>29 59</Rx>
</Measure>
<Measure>
    <Tx>40 50</Tx>
    <Rx>30 60</Rx>
</Measure>
<Measure>
    <Tx>10 19</Tx>
    <Rx>1 28</Rx>
</Measure>
<Measure>
    <Tx>37 46</Tx>
    <Rx>28 55</Rx>
</Measure>
<Measure>
    <Tx>11 20</Tx>
    <Rx>2 29</Rx>
</Measure>
<Measure>
    <Tx>38 47</Tx>
    <Rx>29 56</Rx>
</Measure>
<Measure>
    <Tx>12 21</Tx>
    <Rx>3 30</Rx>
</Measure>
<Measure>
    <Tx>39 48</Tx>
    <Rx>30 57</Rx>
</Measure>
<Measure>
    <Tx>13 22</Tx>
    <Rx>4 31</Rx>
</Measure>
<Measure>
    <Tx>40 49</Tx>
    <Rx>31 58</Rx>
</Measure>
<Measure>
    <Tx>14 23</Tx>
    <Rx>5 32</Rx>
</Measure>
<Measure>
    <Tx>41 50</Tx>
    <Rx>32 59</Rx>
</Measure>
<Measure>
    <Tx>15 24</Tx>
    <Rx>6 33</Rx>
</Measure>
<Measure>
    <Tx>42 51</Tx>
    <Rx>33 60</Rx>
</Measure>
<Measure>
    <Tx>16 25</Tx>
    <Rx>7 34</Rx>
</Measure>
<Measure>
    <Tx>43 52</Tx>
    <Rx>34 61</Rx>
</Measure>
<Measure>
    <Tx>17 26</Tx>
    <Rx>8 35</Rx>
</Measure>
<Measure>
    <Tx>44 53</Tx>
    <Rx>35 62</Rx>
</Measure>
<Measure>
    <Tx>18 27</Tx>
    <Rx>9 36</Rx>
</Measure>
<Measure>
    <Tx>45 54</Tx>
    <Rx>36 63</Rx>
</Measure>
<Measure>
    <Tx>19 28</Tx>
    <Rx>10 37</Rx>
</Measure>
<Measure>
    <Tx>46 55</Tx>
    <Rx>37 64</Rx>
</Measure>
<Measure>
    <Tx>20 29</Tx>
    <Rx>11 38</Rx>
</Measure>
<Measure>
    <Tx>21 30</Tx>
    <Rx>12 39</Rx>
</Measure>
<Measure>
    <Tx>22 31</Tx>
    <Rx>13 40</Rx>
</Measure>
<Measure>
    <Tx>23 32</Tx>
    <Rx>14 41</Rx>
</Measure>
<Measure>
    <Tx>24 33</Tx>
    <Rx>15 42</Rx>
</Measure>
<Measure>
    <Tx>25 34</Tx>
    <Rx>16 43</Rx>
</Measure>
<Measure>
    <Tx>26 35</Tx>
    <Rx>17 44</Rx>
</Measure>
<Measure>
    <Tx>27 36</Tx>
    <Rx>18 45</Rx>
</Measure>
<Measure>
    <Tx>28 37</Tx>
    <Rx>19 46</Rx>
</Measure>
<Measure>
    <Tx>29 38</Tx>
    <Rx>20 47</Rx>
</Measure>
<Measure>
    <Tx>30 39</Tx>
    <Rx>21 48</Rx>
</Measure>
<Measure>
    <Tx>31 40</Tx>
    <Rx>22 49</Rx>
</Measure>
<Measure>
    <Tx>32 41</Tx>
    <Rx>23 50</Rx>
</Measure>
<Measure>
    <Tx>33 42</Tx>
    <Rx>24 51</Rx>
</Measure>
<Measure>
    <Tx>34 43</Tx>
    <Rx>25 52</Rx>
</Measure>
<Measure>
    <Tx>35 44</Tx>
    <Rx>26 53</Rx>
</Measure>
<Measure>
    <Tx>36 45</Tx>
    <Rx>27 54</Rx>
</Measure>
<Measure>
    <Tx>9 17</Tx>
    <Rx>1 25</Rx>
</Measure>
<Measure>
    <Tx>33 41</Tx>
    <Rx>25 49</Rx>
</Measure>
<Measure>
    <Tx>10 18</Tx>
    <Rx>2 26</Rx>
</Measure>
<Measure>
    <Tx>34 42</Tx>
    <Rx>26 50</Rx>
</Measure>
<Measure>
    <Tx>11 19</Tx>
    <Rx>3 27</Rx>
</Measure>
<Measure>
    <Tx>35 43</Tx>
    <Rx>27 51</Rx>
</Measure>
<Measure>
    <Tx>12 20</Tx>
    <Rx>4 28</Rx>
</Measure>
<Measure>
    <Tx>36 44</Tx>
    <Rx>28 52</Rx>
</Measure>
<Measure>
    <Tx>13 21</Tx>
    <Rx>5 29</Rx>
</Measure>
<Measure>
    <Tx>37 45</Tx>
    <Rx>29 53</Rx>
</Measure>
<Measure>
    <Tx>14 22</Tx>
    <Rx>6 30</Rx>
</Measure>
<Measure>
    <Tx>38 46</Tx>
    <Rx>30 54</Rx>
</Measure>
<Measure>
    <Tx>15 23</Tx>
    <Rx>7 31</Rx>
</Measure>
<Measure>
    <Tx>39 47</Tx>
    <Rx>31 55</Rx>
</Measure>
<Measure>
    <Tx>16 24</Tx>
    <Rx>8 32</Rx>
</Measure>
<Measure>
    <Tx>40 48</Tx>
    <Rx>32 56</Rx>
</Measure>
<Measure>
    <Tx>17 25</Tx>
    <Rx>9 33</Rx>
</Measure>
<Measure>
    <Tx>41 49</Tx>
    <Rx>33 57</Rx>
</Measure>
<Measure>
    <Tx>18 26</Tx>
    <Rx>10 34</Rx>
</Measure>
<Measure>
    <Tx>42 50</Tx>
    <Rx>34 58</Rx>
</Measure>
<Measure>
    <Tx>19 27</Tx>
    <Rx>11 35</Rx>
</Measure>
<Measure>
    <Tx>43 51</Tx>
    <Rx>35 59</Rx>
</Measure>
<Measure>
    <Tx>20 28</Tx>
    <Rx>12 36</Rx>
</Measure>
<Measure>
    <Tx>44 52</Tx>
    <Rx>36 60</Rx>
</Measure>
<Measure>
    <Tx>21 29</Tx>
    <Rx>13 37</Rx>
</Measure>
<Measure>
    <Tx>45 53</Tx>
    <Rx>37 61</Rx>
</Measure>
<Measure>
    <Tx>22 30</Tx>
    <Rx>14 38</Rx>
</Measure>
<Measure>
    <Tx>46 54</Tx>
    <Rx>38 62</Rx>
</Measure>
<Measure>
    <Tx>23 31</Tx>
    <Rx>15 39</Rx>
</Measure>
<Measure>
    <Tx>47 55</Tx>
    <Rx>39 63</Rx>
</Measure>
<Measure>
    <Tx>24 32</Tx>
    <Rx>16 40</Rx>
</Measure>
<Measure>
    <Tx>48 56</Tx>
    <Rx>40 64</Rx>
</Measure>
<Measure>
    <Tx>25 33</Tx>
    <Rx>17 41</Rx>
</Measure>
<Measure>
    <Tx>26 34</Tx>
    <Rx>18 42</Rx>
</Measure>
<Measure>
    <Tx>27 35</Tx>
    <Rx>19 43</Rx>
</Measure>
<Measure>
    <Tx>28 36</Tx>
    <Rx>20 44</Rx>
</Measure>
<Measure>
    <Tx>29 37</Tx>
    <Rx>21 45</Rx>
</Measure>
<Measure>
    <Tx>30 38</Tx>
    <Rx>22 46</Rx>
</Measure>
<Measure>
    <Tx>31 39</Tx>
    <Rx>23 47</Rx>
</Measure>
<Measure>
    <Tx>32 40</Tx>
    <Rx>24 48</Rx>
</Measure>
<Measure>
    <Tx>8 15</Tx>
    <Rx>1 22</Rx>
</Measure>
<Measure>
    <Tx>29 36</Tx>
    <Rx>22 43</Rx>
</Measure>
<Measure>
    <Tx>50 57</Tx>
    <Rx>43 64</Rx>
</Measure>
<Measure>
    <Tx>9 16</Tx>
    <Rx>2 23</Rx>
</Measure>
<Measure>
    <Tx>30 37</Tx>
    <Rx>23 44</Rx>
</Measure>
<Measure>
    <Tx>10 17</Tx>
    <Rx>3 24</Rx>
</Measure>
<Measure>
    <Tx>31 38</Tx>
    <Rx>24 45</Rx>
</Measure>
<Measure>
    <Tx>11 18</Tx>
    <Rx>4 25</Rx>
</Measure>
<Measure>
    <Tx>32 39</Tx>
    <Rx>25 46</Rx>
</Measure>
<Measure>
    <Tx>12 19</Tx>
    <Rx>5 26</Rx>
</Measure>
<Measure>
    <Tx>33 40</Tx>
    <Rx>26 47</Rx>
</Measure>
<Measure>
    <Tx>13 20</Tx>
    <Rx>6 27</Rx>
</Measure>
<Measure>
    <Tx>34 41</Tx>
    <Rx>27 48</Rx>
</Measure>
<Measure>
    <Tx>14 21</Tx>
    <Rx>7 28</Rx>
</Measure>
<Measure>
    <Tx>35 42</Tx>
    <Rx>28 49</Rx>
</Measure>
<Measure>
    <Tx>15 22</Tx>
    <Rx>8 29</Rx>
</Measure>
<Measure>
    <Tx>36 43</Tx>
    <Rx>29 50</Rx>
</Measure>
<Measure>
    <Tx>16 23</Tx>
    <Rx>9 30</Rx>
</Measure>
<Measure>
    <Tx>37 44</Tx>
    <Rx>30 51</Rx>
</Measure>
<Measure>
    <Tx>17 24</Tx>
    <Rx>10 31</Rx>
</Measure>
<Measure>
    <Tx>38 45</Tx>
    <Rx>31 52</Rx>
</Measure>
<Measure>
    <Tx>18 25</Tx>
    <Rx>11 32</Rx>
</Measure>
<Measure>
    <Tx>39 46</Tx>
    <Rx>32 53</Rx>
</Measure>
<Measure>
    <Tx>19 26</Tx>
    <Rx>12 33</Rx>
</Measure>
<Measure>
    <Tx>40 47</Tx>
    <Rx>33 54</Rx>
</Measure>
<Measure>
    <Tx>20 27</Tx>
    <Rx>13 34</Rx>
</Measure>
<Measure>
    <Tx>41 48</Tx>
    <Rx>34 55</Rx>
</Measure>
<Measure>
    <Tx>21 28</Tx>
    <Rx>14 35</Rx>
</Measure>
<Measure>
    <Tx>42 49</Tx>
    <Rx>35 56</Rx>
</Measure>
<Measure>
    <Tx>22 29</Tx>
    <Rx>15 36</Rx>
</Measure>
<Measure>
    <Tx>43 50</Tx>
    <Rx>36 57</Rx>
</Measure>
<Measure>
    <Tx>23 30</Tx>
    <Rx>16 37</Rx>
</Measure>
<Measure>
    <Tx>44 51</Tx>
    <Rx>37 58</Rx>
</Measure>
<Measure>
    <Tx>24 31</Tx>
    <Rx>17 38</Rx>
</Measure>
<Measure>
    <Tx>45 52</Tx>
    <Rx>38 59</Rx>
</Measure>
<Measure>
    <Tx>25 32</Tx>
    <Rx>18 39</Rx>
</Measure>
<Measure>
    <Tx>46 53</Tx>
    <Rx>39 60</Rx>
</Measure>
<Measure>
    <Tx>26 33</Tx>
    <Rx>19 40</Rx>
</Measure>
<Measure>
    <Tx>47 54</Tx>
    <Rx>40 61</Rx>
</Measure>
<Measure>
    <Tx>27 34</Tx>
    <Rx>20 41</Rx>
</Measure>
<Measure>
    <Tx>48 55</Tx>
    <Rx>41 62</Rx>
</Measure>
<Measure>
    <Tx>28 35</Tx>
    <Rx>21 42</Rx>
</Measure>
<Measure>
    <Tx>49 56</Tx>
    <Rx>42 63</Rx>
</Measure>
<Measure>
    <Tx>7 13</Tx>
    <Rx>1 19</Rx>
</Measure>
<Measure>
    <Tx>25 31</Tx>
    <Rx>19 37</Rx>
</Measure>
<Measure>
    <Tx>43 49</Tx>
    <Rx>37 55</Rx>
</Measure>
<Measure>
    <Tx>8 14</Tx>
    <Rx>2 20</Rx>
</Measure>
<Measure>
    <Tx>26 32</Tx>
    <Rx>20 38</Rx>
</Measure>
<Measure>
    <Tx>44 50</Tx>
    <Rx>38 56</Rx>
</Measure>
<Measure>
    <Tx>9 15</Tx>
    <Rx>3 21</Rx>
</Measure>
<Measure>
    <Tx>27 33</Tx>
    <Rx>21 39</Rx>
</Measure>
<Measure>
    <Tx>45 51</Tx>
    <Rx>39 57</Rx>
</Measure>
<Measure>
    <Tx>10 16</Tx>
    <Rx>4 22</Rx>
</Measure>
<Measure>
    <Tx>28 34</Tx>
    <Rx>22 40</Rx>
</Measure>
<Measure>
    <Tx>46 52</Tx>
    <Rx>40 58</Rx>
</Measure>
<Measure>
    <Tx>11 17</Tx>
    <Rx>5 23</Rx>
</Measure>
<Measure>
    <Tx>29 35</Tx>
    <Rx>23 41</Rx>
</Measure>
<Measure>
    <Tx>47 53</Tx>
    <Rx>41 59</Rx>
</Measure>
<Measure>
    <Tx>12 18</Tx>
    <Rx>6 24</Rx>
</Measure>
<Measure>
    <Tx>30 36</Tx>
    <Rx>24 42</Rx>
</Measure>
<Measure>
    <Tx>48 54</Tx>
    <Rx>42 60</Rx>
</Measure>
<Measure>
    <Tx>13 19</Tx>
    <Rx>7 25</Rx>
</Measure>
<Measure>
    <Tx>31 37</Tx>
    <Rx>25 43</Rx>
</Measure>
<Measure>
    <Tx>49 55</Tx>
    <Rx>43 61</Rx>
</Measure>
<Measure>
    <Tx>14 20</Tx>
    <Rx>8 26</Rx>
</Measure>
<Measure>
    <Tx>32 38</Tx>
    <Rx>26 44</Rx>
</Measure>
<Measure>
    <Tx>50 56</Tx>
    <Rx>44 62</Rx>
</Measure>
<Measure>
    <Tx>15 21</Tx>
    <Rx>9 27</Rx>
</Measure>
<Measure>
    <Tx>33 39</Tx>
    <Rx>27 45</Rx>
</Measure>
<Measure>
    <Tx>51 57</Tx>
    <Rx>45 63</Rx>
</Measure>
<Measure>
    <Tx>16 22</Tx>
    <Rx>10 28</Rx>
</Measure>
<Measure>
    <Tx>34 40</Tx>
    <Rx>28 46</Rx>
</Measure>
<Measure>
    <Tx>52 58</Tx>
    <Rx>46 64</Rx>
</Measure>
<Measure>
    <Tx>17 23</Tx>
    <Rx>11 29</Rx>
</Measure>
<Measure>
    <Tx>35 41</Tx>
    <Rx>29 47</Rx>
</Measure>
<Measure>
    <Tx>18 24</Tx>
    <Rx>12 30</Rx>
</Measure>
<Measure>
    <Tx>36 42</Tx>
    <Rx>30 48</Rx>
</Measure>
<Measure>
    <Tx>19 25</Tx>
    <Rx>13 31</Rx>
</Measure>
<Measure>
    <Tx>37 43</Tx>
    <Rx>31 49</Rx>
</Measure>
<Measure>
    <Tx>20 26</Tx>
    <Rx>14 32</Rx>
</Measure>
<Measure>
    <Tx>38 44</Tx>
    <Rx>32 50</Rx>
</Measure>
<Measure>
    <Tx>21 27</Tx>
    <Rx>15 33</Rx>
</Measure>
<Measure>
    <Tx>39 45</Tx>
    <Rx>33 51</Rx>
</Measure>
<Measure>
    <Tx>22 28</Tx>
    <Rx>16 34</Rx>
</Measure>
<Measure>
    <Tx>40 46</Tx>
    <Rx>34 52</Rx>
</Measure>
<Measure>
    <Tx>23 29</Tx>
    <Rx>17 35</Rx>
</Measure>
<Measure>
    <Tx>41 47</Tx>
    <Rx>35 53</Rx>
</Measure>
<Measure>
    <Tx>24 30</Tx>
    <Rx>18 36</Rx>
</Measure>
<Measure>
    <Tx>42 48</Tx>
    <Rx>36 54</Rx>
</Measure>
<Measure>
    <Tx>6 11</Tx>
    <Rx>1 16</Rx>
</Measure>
<Measure>
    <Tx>21 26</Tx>
    <Rx>16 31</Rx>
</Measure>
<Measure>
    <Tx>36 41</Tx>
    <Rx>31 46</Rx>
</Measure>
<Measure>
    <Tx>51 56</Tx>
    <Rx>46 61</Rx>
</Measure>
<Measure>
    <Tx>7 12</Tx>
    <Rx>2 17</Rx>
</Measure>
<Measure>
    <Tx>22 27</Tx>
    <Rx>17 32</Rx>
</Measure>
<Measure>
    <Tx>37 42</Tx>
    <Rx>32 47</Rx>
</Measure>
<Measure>
    <Tx>52 57</Tx>
    <Rx>47 62</Rx>
</Measure>
<Measure>
    <Tx>8 13</Tx>
    <Rx>3 18</Rx>
</Measure>
<Measure>
    <Tx>23 28</Tx>
    <Rx>18 33</Rx>
</Measure>
<Measure>
    <Tx>38 43</Tx>
    <Rx>33 48</Rx>
</Measure>
<Measure>
    <Tx>53 58</Tx>
    <Rx>48 63</Rx>
</Measure>
<Measure>
    <Tx>9 14</Tx>
    <Rx>4 19</Rx>
</Measure>
<Measure>
    <Tx>24 29</Tx>
    <Rx>19 34</Rx>
</Measure>
<Measure>
    <Tx>39 44</Tx>
    <Rx>34 49</Rx>
</Measure>
<Measure>
    <Tx>54 59</Tx>
    <Rx>49 64</Rx>
</Measure>
<Measure>
    <Tx>10 15</Tx>
    <Rx>5 20</Rx>
</Measure>
<Measure>
    <Tx>25 30</Tx>
    <Rx>20 35</Rx>
</Measure>
<Measure>
    <Tx>40 45</Tx>
    <Rx>35 50</Rx>
</Measure>
<Measure>
    <Tx>11 16</Tx>
    <Rx>6 21</Rx>
</Measure>
<Measure>
    <Tx>26 31</Tx>
    <Rx>21 36</Rx>
</Measure>
<Measure>
    <Tx>41 46</Tx>
    <Rx>36 51</Rx>
</Measure>
<Measure>
    <Tx>12 17</Tx>
    <Rx>7 22</Rx>
</Measure>
<Measure>
    <Tx>27 32</Tx>
    <Rx>22 37</Rx>
</Measure>
<Measure>
    <Tx>42 47</Tx>
    <Rx>37 52</Rx>
</Measure>
<Measure>
    <Tx>13 18</Tx>
    <Rx>8 23</Rx>
</Measure>
<Measure>
    <Tx>28 33</Tx>
    <Rx>23 38</Rx>
</Measure>
<Measure>
    <Tx>43 48</Tx>
    <Rx>38 53</Rx>
</Measure>
<Measure>
    <Tx>14 19</Tx>
    <Rx>9 24</Rx>
</Measure>
<Measure>
    <Tx>29 34</Tx>
    <Rx>24 39</Rx>
</Measure>
<Measure>
    <Tx>44 49</Tx>
    <Rx>39 54</Rx>
</Measure>
<Measure>
    <Tx>15 20</Tx>
    <Rx>10 25</Rx>
</Measure>
<Measure>
    <Tx>30 35</Tx>
    <Rx>25 40</Rx>
</Measure>
<Measure>
    <Tx>45 50</Tx>
    <Rx>40 55</Rx>
</Measure>
<Measure>
    <Tx>16 21</Tx>
    <Rx>11 26</Rx>
</Measure>
<Measure>
    <Tx>31 36</Tx>
    <Rx>26 41</Rx>
</Measure>
<Measure>
    <Tx>46 51</Tx>
    <Rx>41 56</Rx>
</Measure>
<Measure>
    <Tx>17 22</Tx>
    <Rx>12 27</Rx>
</Measure>
<Measure>
    <Tx>32 37</Tx>
    <Rx>27 42</Rx>
</Measure>
<Measure>
    <Tx>47 52</Tx>
    <Rx>42 57</Rx>
</Measure>
<Measure>
    <Tx>18 23</Tx>
    <Rx>13 28</Rx>
</Measure>
<Measure>
    <Tx>33 38</Tx>
    <Rx>28 43</Rx>
</Measure>
<Measure>
    <Tx>48 53</Tx>
    <Rx>43 58</Rx>
</Measure>
<Measure>
    <Tx>19 24</Tx>
    <Rx>14 29</Rx>
</Measure>
<Measure>
    <Tx>34 39</Tx>
    <Rx>29 44</Rx>
</Measure>
<Measure>
    <Tx>49 54</Tx>
    <Rx>44 59</Rx>
</Measure>
<Measure>
    <Tx>20 25</Tx>
    <Rx>15 30</Rx>
</Measure>
<Measure>
    <Tx>35 40</Tx>
    <Rx>30 45</Rx>
</Measure>
<Measure>
    <Tx>50 55</Tx>
    <Rx>45 60</Rx>
</Measure>
<Measure>
    <Tx>5 9</Tx>
    <Rx>1 13</Rx>
</Measure>
<Measure>
    <Tx>17 21</Tx>
    <Rx>13 25</Rx>
</Measure>
<Measure>
    <Tx>29 33</Tx>
    <Rx>25 37</Rx>
</Measure>
<Measure>
    <Tx>41 45</Tx>
    <Rx>37 49</Rx>
</Measure>
<Measure>
    <Tx>53 57</Tx>
    <Rx>49 61</Rx>
</Measure>
<Measure>
    <Tx>6 10</Tx>
    <Rx>2 14</Rx>
</Measure>
<Measure>
    <Tx>18 22</Tx>
    <Rx>14 26</Rx>
</Measure>
<Measure>
    <Tx>30 34</Tx>
    <Rx>26 38</Rx>
</Measure>
<Measure>
    <Tx>42 46</Tx>
    <Rx>38 50</Rx>
</Measure>
<Measure>
    <Tx>54 58</Tx>
    <Rx>50 62</Rx>
</Measure>
<Measure>
    <Tx>7 11</Tx>
    <Rx>3 15</Rx>
</Measure>
<Measure>
    <Tx>19 23</Tx>
    <Rx>15 27</Rx>
</Measure>
<Measure>
    <Tx>31 35</Tx>
    <Rx>27 39</Rx>
</Measure>
<Measure>
    <Tx>43 47</Tx>
    <Rx>39 51</Rx>
</Measure>
<Measure>
    <Tx>55 59</Tx>
    <Rx>51 63</Rx>
</Measure>
<Measure>
    <Tx>8 12</Tx>
    <Rx>4 16</Rx>
</Measure>
<Measure>
    <Tx>20 24</Tx>
    <Rx>16 28</Rx>
</Measure>
<Measure>
    <Tx>32 36</Tx>
    <Rx>28 40</Rx>
</Measure>
<Measure>
    <Tx>44 48</Tx>
    <Rx>40 52</Rx>
</Measure>
<Measure>
    <Tx>56 60</Tx>
    <Rx>52 64</Rx>
</Measure>
<Measure>
    <Tx>9 13</Tx>
    <Rx>5 17</Rx>
</Measure>
<Measure>
    <Tx>21 25</Tx>
    <Rx>17 29</Rx>
</Measure>
<Measure>
    <Tx>33 37</Tx>
    <Rx>29 41</Rx>
</Measure>
<Measure>
    <Tx>45 49</Tx>
    <Rx>41 53</Rx>
</Measure>
<Measure>
    <Tx>10 14</Tx>
    <Rx>6 18</Rx>
</Measure>
<Measure>
    <Tx>22 26</Tx>
    <Rx>18 30</Rx>
</Measure>
<Measure>
    <Tx>34 38</Tx>
    <Rx>30 42</Rx>
</Measure>
<Measure>
    <Tx>46 50</Tx>
    <Rx>42 54</Rx>
</Measure>
<Measure>
    <Tx>11 15</Tx>
    <Rx>7 19</Rx>
</Measure>
<Measure>
    <Tx>23 27</Tx>
    <Rx>19 31</Rx>
</Measure>
<Measure>
    <Tx>35 39</Tx>
    <Rx>31 43</Rx>
</Measure>
<Measure>
    <Tx>47 51</Tx>
    <Rx>43 55</Rx>
</Measure>
<Measure>
    <Tx>12 16</Tx>
    <Rx>8 20</Rx>
</Measure>
<Measure>
    <Tx>24 28</Tx>
    <Rx>20 32</Rx>
</Measure>
<Measure>
    <Tx>36 40</Tx>
    <Rx>32 44</Rx>
</Measure>
<Measure>
    <Tx>48 52</Tx>
    <Rx>44 56</Rx>
</Measure>
<Measure>
    <Tx>13 17</Tx>
    <Rx>9 21</Rx>
</Measure>
<Measure>
    <Tx>25 29</Tx>
    <Rx>21 33</Rx>
</Measure>
<Measure>
    <Tx>37 41</Tx>
    <Rx>33 45</Rx>
</Measure>
<Measure>
    <Tx>49 53</Tx>
    <Rx>45 57</Rx>
</Measure>
<Measure>
    <Tx>14 18</Tx>
    <Rx>10 22</Rx>
</Measure>
<Measure>
    <Tx>26 30</Tx>
    <Rx>22 34</Rx>
</Measure>
<Measure>
    <Tx>38 42</Tx>
    <Rx>34 46</Rx>
</Measure>
<Measure>
    <Tx>50 54</Tx>
    <Rx>46 58</Rx>
</Measure>
<Measure>
    <Tx>15 19</Tx>
    <Rx>11 23</Rx>
</Measure>
<Measure>
    <Tx>27 31</Tx>
    <Rx>23 35</Rx>
</Measure>
<Measure>
    <Tx>39 43</Tx>
    <Rx>35 47</Rx>
</Measure>
<Measure>
    <Tx>51 55</Tx>
    <Rx>47 59</Rx>
</Measure>
<Measure>
    <Tx>16 20</Tx>
    <Rx>12 24</Rx>
</Measure>
<Measure>
    <Tx>28 32</Tx>
    <Rx>24 36</Rx>
</Measure>
<Measure>
    <Tx>40 44</Tx>
    <Rx>36 48</Rx>
</Measure>
<Measure>
    <Tx>52 56</Tx>
    <Rx>48 60</Rx>
</Measure>
<Measure>
    <Tx>4 7</Tx>
    <Rx>1 10</Rx>
</Measure>
<Measure>
    <Tx>13 16</Tx>
    <Rx>10 19</Rx>
</Measure>
<Measure>
    <Tx>22 25</Tx>
    <Rx>19 28</Rx>
</Measure>
<Measure>
    <Tx>31 34</Tx>
    <Rx>28 37</Rx>
</Measure>
<Measure>
    <Tx>40 43</Tx>
    <Rx>37 46</Rx>
</Measure>
<Measure>
    <Tx>49 52</Tx>
    <Rx>46 55</Rx>
</Measure>
<Measure>
    <Tx>58 61</Tx>
    <Rx>55 64</Rx>
</Measure>
<Measure>
    <Tx>5 8</Tx>
    <Rx>2 11</Rx>
</Measure>
<Measure>
    <Tx>14 17</Tx>
    <Rx>11 20</Rx>
</Measure>
<Measure>
    <Tx>23 26</Tx>
    <Rx>20 29</Rx>
</Measure>
<Measure>
    <Tx>32 35</Tx>
    <Rx>29 38</Rx>
</Measure>
<Measure>
    <Tx>41 44</Tx>
    <Rx>38 47</Rx>
</Measure>
<Measure>
    <Tx>50 53</Tx>
    <Rx>47 56</Rx>
</Measure>
<Measure>
    <Tx>6 9</Tx>
    <Rx>3 12</Rx>
</Measure>
<Measure>
    <Tx>15 18</Tx>
    <Rx>12 21</Rx>
</Measure>
<Measure>
    <Tx>24 27</Tx>
    <Rx>21 30</Rx>
</Measure>
<Measure>
    <Tx>33 36</Tx>
    <Rx>30 39</Rx>
</Measure>
<Measure>
    <Tx>42 45</Tx>
    <Rx>39 48</Rx>
</Measure>
<Measure>
    <Tx>51 54</Tx>
    <Rx>48 57</Rx>
</Measure>
<Measure>
    <Tx>7 10</Tx>
    <Rx>4 13</Rx>
</Measure>
<Measure>
    <Tx>16 19</Tx>
    <Rx>13 22</Rx>
</Measure>
<Measure>
    <Tx>25 28</Tx>
    <Rx>22 31</Rx>
</Measure>
<Measure>
    <Tx>34 37</Tx>
    <Rx>31 40</Rx>
</Measure>
<Measure>
    <Tx>43 46</Tx>
    <Rx>40 49</Rx>
</Measure>
<Measure>
    <Tx>52 55</Tx>
    <Rx>49 58</Rx>
</Measure>
<Measure>
    <Tx>8 11</Tx>
    <Rx>5 14</Rx>
</Measure>
<Measure>
    <Tx>17 20</Tx>
    <Rx>14 23</Rx>
</Measure>
<Measure>
    <Tx>26 29</Tx>
    <Rx>23 32</Rx>
</Measure>
<Measure>
    <Tx>35 38</Tx>
    <Rx>32 41</Rx>
</Measure>
<Measure>
    <Tx>44 47</Tx>
    <Rx>41 50</Rx>
</Measure>
<Measure>
    <Tx>53 56</Tx>
    <Rx>50 59</Rx>
</Measure>
<Measure>
    <Tx>9 12</Tx>
    <Rx>6 15</Rx>
</Measure>
<Measure>
    <Tx>18 21</Tx>
    <Rx>15 24</Rx>
</Measure>
<Measure>
    <Tx>27 30</Tx>
    <Rx>24 33</Rx>
</Measure>
<Measure>
    <Tx>36 39</Tx>
    <Rx>33 42</Rx>
</Measure>
<Measure>
    <Tx>45 48</Tx>
    <Rx>42 51</Rx>
</Measure>
<Measure>
    <Tx>54 57</Tx>
    <Rx>51 60</Rx>
</Measure>
<Measure>
    <Tx>10 13</Tx>
    <Rx>7 16</Rx>
</Measure>
<Measure>
    <Tx>19 22</Tx>
    <Rx>16 25</Rx>
</Measure>
<Measure>
    <Tx>28 31</Tx>
    <Rx>25 34</Rx>
</Measure>
<Measure>
    <Tx>37 40</Tx>
    <Rx>34 43</Rx>
</Measure>
<Measure>
    <Tx>46 49</Tx>
    <Rx>43 52</Rx>
</Measure>
<Measure>
    <Tx>55 58</Tx>
    <Rx>52 61</Rx>
</Measure>
<Measure>
    <Tx>11 14</Tx>
    <Rx>8 17</Rx>
</Measure>
<Measure>
    <Tx>20 23</Tx>
    <Rx>17 26</Rx>
</Measure>
<Measure>
    <Tx>29 32</Tx>
    <Rx>26 35</Rx>
</Measure>
<Measure>
    <Tx>38 41</Tx>
    <Rx>35 44</Rx>
</Measure>
<Measure>
    <Tx>47 50</Tx>
    <Rx>44 53</Rx>
</Measure>
<Measure>
    <Tx>56 59</Tx>
    <Rx>53 62</Rx>
</Measure>
<Measure>
    <Tx>12 15</Tx>
    <Rx>9 18</Rx>
</Measure>
<Measure>
    <Tx>21 24</Tx>
    <Rx>18 27</Rx>
</Measure>
<Measure>
    <Tx>30 33</Tx>
    <Rx>27 36</Rx>
</Measure>
<Measure>
    <Tx>39 42</Tx>
    <Rx>36 45</Rx>
</Measure>
<Measure>
    <Tx>48 51</Tx>
    <Rx>45 54</Rx>
</Measure>
<Measure>
    <Tx>57 60</Tx>
    <Rx>54 63</Rx>
</Measure>
<Measure>
    <Tx>3 5</Tx>
    <Rx>1 7</Rx>
</Measure>
<Measure>
    <Tx>9 11</Tx>
    <Rx>7 13</Rx>
</Measure>
<Measure>
    <Tx>15 17</Tx>
    <Rx>13 19</Rx>
</Measure>
<Measure>
    <Tx>21 23</Tx>
    <Rx>19 25</Rx>
</Measure>
<Measure>
    <Tx>27 29</Tx>
    <Rx>25 31</Rx>
</Measure>
<Measure>
    <Tx>33 35</Tx>
    <Rx>31 37</Rx>
</Measure>
<Measure>
    <Tx>39 41</Tx>
    <Rx>37 43</Rx>
</Measure>
<Measure>
    <Tx>45 47</Tx>
    <Rx>43 49</Rx>
</Measure>
<Measure>
    <Tx>51 53</Tx>
    <Rx>49 55</Rx>
</Measure>
<Measure>
    <Tx>57 59</Tx>
    <Rx>55 61</Rx>
</Measure>
<Measure>
    <Tx>4 6</Tx>
    <Rx>2 8</Rx>
</Measure>
<Measure>
    <Tx>10 12</Tx>
    <Rx>8 14</Rx>
</Measure>
<Measure>
    <Tx>16 18</Tx>
    <Rx>14 20</Rx>
</Measure>
<Measure>
    <Tx>22 24</Tx>
    <Rx>20 26</Rx>
</Measure>
<Measure>
    <Tx>28 30</Tx>
    <Rx>26 32</Rx>
</Measure>
<Measure>
    <Tx>34 36</Tx>
    <Rx>32 38</Rx>
</Measure>
<Measure>
    <Tx>40 42</Tx>
    <Rx>38 44</Rx>
</Measure>
<Measure>
    <Tx>46 48</Tx>
    <Rx>44 50</Rx>
</Measure>
<Measure>
    <Tx>52 54</Tx>
    <Rx>50 56</Rx>
</Measure>
<Measure>
    <Tx>58 60</Tx>
    <Rx>56 62</Rx>
</Measure>
<Measure>
    <Tx>5 7</Tx>
    <Rx>3 9</Rx>
</Measure>
<Measure>
    <Tx>11 13</Tx>
    <Rx>9 15</Rx>
</Measure>
<Measure>
    <Tx>17 19</Tx>
    <Rx>15 21</Rx>
</Measure>
<Measure>
    <Tx>23 25</Tx>
    <Rx>21 27</Rx>
</Measure>
<Measure>
    <Tx>29 31</Tx>
    <Rx>27 33</Rx>
</Measure>
<Measure>
    <Tx>35 37</Tx>
    <Rx>33 39</Rx>
</Measure>
<Measure>
    <Tx>41 43</Tx>
    <Rx>39 45</Rx>
</Measure>
<Measure>
    <Tx>47 49</Tx>
    <Rx>45 51</Rx>
</Measure>
<Measure>
    <Tx>53 55</Tx>
    <Rx>51 57</Rx>
</Measure>
<Measure>
    <Tx>59 61</Tx>
    <Rx>57 63</Rx>
</Measure>
<Measure>
    <Tx>6 8</Tx>
    <Rx>4 10</Rx>
</Measure>
<Measure>
    <Tx>12 14</Tx>
    <Rx>10 16</Rx>
</Measure>
<Measure>
    <Tx>18 20</Tx>
    <Rx>16 22</Rx>
</Measure>
<Measure>
    <Tx>24 26</Tx>
    <Rx>22 28</Rx>
</Measure>
<Measure>
    <Tx>30 32</Tx>
    <Rx>28 34</Rx>
</Measure>
<Measure>
    <Tx>36 38</Tx>
    <Rx>34 40</Rx>
</Measure>
<Measure>
    <Tx>42 44</Tx>
    <Rx>40 46</Rx>
</Measure>
<Measure>
    <Tx>48 50</Tx>
    <Rx>46 52</Rx>
</Measure>
<Measure>
    <Tx>54 56</Tx>
    <Rx>52 58</Rx>
</Measure>
<Measure>
    <Tx>60 62</Tx>
    <Rx>58 64</Rx>
</Measure>
<Measure>
    <Tx>7 9</Tx>
    <Rx>5 11</Rx>
</Measure>
<Measure>
    <Tx>13 15</Tx>
    <Rx>11 17</Rx>
</Measure>
<Measure>
    <Tx>19 21</Tx>
    <Rx>17 23</Rx>
</Measure>
<Measure>
    <Tx>25 27</Tx>
    <Rx>23 29</Rx>
</Measure>
<Measure>
    <Tx>31 33</Tx>
    <Rx>29 35</Rx>
</Measure>
<Measure>
    <Tx>37 39</Tx>
    <Rx>35 41</Rx>
</Measure>
<Measure>
    <Tx>43 45</Tx>
    <Rx>41 47</Rx>
</Measure>
<Measure>
    <Tx>49 51</Tx>
    <Rx>47 53</Rx>
</Measure>
<Measure>
    <Tx>55 57</Tx>
    <Rx>53 59</Rx>
</Measure>
<Measure>
    <Tx>8 10</Tx>
    <Rx>6 12</Rx>
</Measure>
<Measure>
    <Tx>14 16</Tx>
    <Rx>12 18</Rx>
</Measure>
<Measure>
    <Tx>20 22</Tx>
    <Rx>18 24</Rx>
</Measure>
<Measure>
    <Tx>26 28</Tx>
    <Rx>24 30</Rx>
</Measure>
<Measure>
    <Tx>32 34</Tx>
    <Rx>30 36</Rx>
</Measure>
<Measure>
    <Tx>38 40</Tx>
    <Rx>36 42</Rx>
</Measure>
<Measure>
    <Tx>44 46</Tx>
    <Rx>42 48</Rx>
</Measure>
<Measure>
    <Tx>50 52</Tx>
    <Rx>48 54</Rx>
</Measure>
<Measure>
    <Tx>56 58</Tx>
    <Rx>54 60</Rx>
</Measure>
<Measure>
    <Tx>2 3</Tx>
    <Rx>1 4</Rx>
</Measure>
<Measure>
    <Tx>5 6</Tx>
    <Rx>4 7</Rx>
</Measure>
<Measure>
    <Tx>8 9</Tx>
    <Rx>7 10</Rx>
</Measure>
<Measure>
    <Tx>11 12</Tx>
    <Rx>10 13</Rx>
</Measure>
<Measure>
    <Tx>14 15</Tx>
    <Rx>13 16</Rx>
</Measure>
<Measure>
    <Tx>17 18</Tx>
    <Rx>16 19</Rx>
</Measure>
<Measure>
    <Tx>20 21</Tx>
    <Rx>19 22</Rx>
</Measure>
<Measure>
    <Tx>23 24</Tx>
    <Rx>22 25</Rx>
</Measure>
<Measure>
    <Tx>26 27</Tx>
    <Rx>25 28</Rx>
</Measure>
<Measure>
    <Tx>29 30</Tx>
    <Rx>28 31</Rx>
</Measure>
<Measure>
    <Tx>32 33</Tx>
    <Rx>31 34</Rx>
</Measure>
<Measure>
    <Tx>35 36</Tx>
    <Rx>34 37</Rx>
</Measure>
<Measure>
    <Tx>38 39</Tx>
    <Rx>37 40</Rx>
</Measure>
<Measure>
    <Tx>41 42</Tx>
    <Rx>40 43</Rx>
</Measure>
<Measure>
    <Tx>44 45</Tx>
    <Rx>43 46</Rx>
</Measure>
<Measure>
    <Tx>47 48</Tx>
    <Rx>46 49</Rx>
</Measure>
<Measure>
    <Tx>50 51</Tx>
    <Rx>49 52</Rx>
</Measure>
<Measure>
    <Tx>53 54</Tx>
    <Rx>52 55</Rx>
</Measure>
<Measure>
    <Tx>56 57</Tx>
    <Rx>55 58</Rx>
</Measure>
<Measure>
    <Tx>59 60</Tx>
    <Rx>58 61</Rx>
</Measure>
<Measure>
    <Tx>62 63</Tx>
    <Rx>61 64</Rx>
</Measure>
<Measure>
    <Tx>3 4</Tx>
    <Rx>2 5</Rx>
</Measure>
<Measure>
    <Tx>6 7</Tx>
    <Rx>5 8</Rx>
</Measure>
<Measure>
    <Tx>9 10</Tx>
    <Rx>8 11</Rx>
</Measure>
<Measure>
    <Tx>12 13</Tx>
    <Rx>11 14</Rx>
</Measure>
<Measure>
    <Tx>15 16</Tx>
    <Rx>14 17</Rx>
</Measure>
<Measure>
    <Tx>18 19</Tx>
    <Rx>17 20</Rx>
</Measure>
<Measure>
    <Tx>21 22</Tx>
    <Rx>20 23</Rx>
</Measure>
<Measure>
    <Tx>24 25</Tx>
    <Rx>23 26</Rx>
</Measure>
<Measure>
    <Tx>27 28</Tx>
    <Rx>26 29</Rx>
</Measure>
<Measure>
    <Tx>30 31</Tx>
    <Rx>29 32</Rx>
</Measure>
<Measure>
    <Tx>33 34</Tx>
    <Rx>32 35</Rx>
</Measure>
<Measure>
    <Tx>36 37</Tx>
    <Rx>35 38</Rx>
</Measure>
<Measure>
    <Tx>39 40</Tx>
    <Rx>38 41</Rx>
</Measure>
<Measure>
    <Tx>42 43</Tx>
    <Rx>41 44</Rx>
</Measure>
<Measure>
    <Tx>45 46</Tx>
    <Rx>44 47</Rx>
</Measure>
<Measure>
    <Tx>48 49</Tx>
    <Rx>47 50</Rx>
</Measure>
<Measure>
    <Tx>51 52</Tx>
    <Rx>50 53</Rx>
</Measure>
<Measure>
    <Tx>54 55</Tx>
    <Rx>53 56</Rx>
</Measure>
<Measure>
    <Tx>57 58</Tx>
    <Rx>56 59</Rx>
</Measure>
<Measure>
    <Tx>60 61</Tx>
    <Rx>59 62</Rx>
</Measure>
<Measure>
    <Tx>4 5</Tx>
    <Rx>3 6</Rx>
</Measure>
<Measure>
    <Tx>7 8</Tx>
    <Rx>6 9</Rx>
</Measure>
<Measure>
    <Tx>10 11</Tx>
    <Rx>9 12</Rx>
</Measure>
<Measure>
    <Tx>13 14</Tx>
    <Rx>12 15</Rx>
</Measure>
<Measure>
    <Tx>16 17</Tx>
    <Rx>15 18</Rx>
</Measure>
<Measure>
    <Tx>19 20</Tx>
    <Rx>18 21</Rx>
</Measure>
<Measure>
    <Tx>22 23</Tx>
    <Rx>21 24</Rx>
</Measure>
<Measure>
    <Tx>25 26</Tx>
    <Rx>24 27</Rx>
</Measure>
<Measure>
    <Tx>28 29</Tx>
    <Rx>27 30</Rx>
</Measure>
<Measure>
    <Tx>31 32</Tx>
    <Rx>30 33</Rx>
</Measure>
<Measure>
    <Tx>34 35</Tx>
    <Rx>33 36</Rx>
</Measure>
<Measure>
    <Tx>37 38</Tx>
    <Rx>36 39</Rx>
</Measure>
<Measure>
    <Tx>40 41</Tx>
    <Rx>39 42</Rx>
</Measure>
<Measure>
    <Tx>43 44</Tx>
    <Rx>42 45</Rx>
</Measure>
<Measure>
    <Tx>46 47</Tx>
    <Rx>45 48</Rx>
</Measure>
<Measure>
    <Tx>49 50</Tx>
    <Rx>48 51</Rx>
</Measure>
<Measure>
    <Tx>52 53</Tx>
    <Rx>51 54</Rx>
</Measure>
<Measure>
    <Tx>55 56</Tx>
    <Rx>54 57</Rx>
</Measure>
<Measure>
    <Tx>58 59</Tx>
    <Rx>57 60</Rx>
</Measure>
<Measure>
    <Tx>61 62</Tx>
    <Rx>60 63</Rx>
</Measure>
</Sequence>
</Protocol>