<?xml version="1.0" encoding="UTF-8" ?>
<Protocol>
<Name> Schlumberger </Name>
<Description> Schlumberger measuring on spread with 64 electrodes </Description>
<Arraycode> 7 </Arraycode>
<SpreadFile> 4X16.xml </SpreadFile>
<SpreadFile> 2X32increasing.xml </SpreadFile>
<SpreadFile> 2X32mirrored.xml </SpreadFile>

<Sequence>


<Measure>
<Tx> 1 56 </Tx>
<Rx>
26 31
</Rx>
</Measure>

<Measure>
<Tx> 2 57 </Tx>
<Rx>
27 32
</Rx>
</Measure>

<Measure>
<Tx> 3 58 </Tx>
<Rx>
28 33
</Rx>
</Measure>

<Measure>
<Tx> 4 59 </Tx>
<Rx>
29 34
</Rx>
</Measure>

<Measure>
<Tx> 5 60 </Tx>
<Rx>
30 35
</Rx>
</Measure>

<Measure>
<Tx> 6 61 </Tx>
<Rx>
31 36
</Rx>
</Measure>

<Measure>
<Tx> 7 62 </Tx>
<Rx>
32 37
</Rx>
</Measure>

<Measure>
<Tx> 8 63 </Tx>
<Rx>
33 38
</Rx>
</Measure>

<Measure>
<Tx> 9 64 </Tx>
<Rx>
34 39
</Rx>
</Measure>

<Measure>
<Tx> 1 46 </Tx>
<Rx>
21 26
</Rx>
</Measure>

<Measure>
<Tx> 2 47 </Tx>
<Rx>
22 27
</Rx>
</Measure>

<Measure>
<Tx> 3 48 </Tx>
<Rx>
23 28
</Rx>
</Measure>

<Measure>
<Tx> 4 49 </Tx>
<Rx>
24 29
</Rx>
</Measure>

<Measure>
<Tx> 5 50 </Tx>
<Rx>
25 30
</Rx>
</Measure>

<Measure>
<Tx> 6 51 </Tx>
<Rx>
26 31
</Rx>
</Measure>

<Measure>
<Tx> 7 52 </Tx>
<Rx>
27 32
</Rx>
</Measure>

<Measure>
<Tx> 8 53 </Tx>
<Rx>
28 33
</Rx>
</Measure>

<Measure>
<Tx> 9 54 </Tx>
<Rx>
29 34
</Rx>
</Measure>

<Measure>
<Tx> 10 55 </Tx>
<Rx>
30 35
</Rx>
</Measure>

<Measure>
<Tx> 11 56 </Tx>
<Rx>
31 36
</Rx>
</Measure>

<Measure>
<Tx> 12 57 </Tx>
<Rx>
32 37
</Rx>
</Measure>

<Measure>
<Tx> 13 58 </Tx>
<Rx>
33 38
</Rx>
</Measure>

<Measure>
<Tx> 14 59 </Tx>
<Rx>
34 39
</Rx>
</Measure>

<Measure>
<Tx> 15 60 </Tx>
<Rx>
35 40
</Rx>
</Measure>

<Measure>
<Tx> 16 61 </Tx>
<Rx>
36 41
</Rx>
</Measure>

<Measure>
<Tx> 17 62 </Tx>
<Rx>
37 42
</Rx>
</Measure>

<Measure>
<Tx> 18 63 </Tx>
<Rx>
38 43
</Rx>
</Measure>

<Measure>
<Tx> 19 64 </Tx>
<Rx>
39 44
</Rx>
</Measure>

<Measure>
<Tx> 1 36 </Tx>
<Rx>
16 21
</Rx>
</Measure>

<Measure>
<Tx> 2 37 </Tx>
<Rx>
17 22
</Rx>
</Measure>

<Measure>
<Tx> 3 38 </Tx>
<Rx>
18 23
</Rx>
</Measure>

<Measure>
<Tx> 4 39 </Tx>
<Rx>
19 24
</Rx>
</Measure>

<Measure>
<Tx> 5 40 </Tx>
<Rx>
20 25
</Rx>
</Measure>

<Measure>
<Tx> 6 41 </Tx>
<Rx>
21 26
</Rx>
</Measure>

<Measure>
<Tx> 7 42 </Tx>
<Rx>
22 27
</Rx>
</Measure>

<Measure>
<Tx> 8 43 </Tx>
<Rx>
23 28
</Rx>
</Measure>

<Measure>
<Tx> 9 44 </Tx>
<Rx>
24 29
</Rx>
</Measure>

<Measure>
<Tx> 10 45 </Tx>
<Rx>
25 30
</Rx>
</Measure>

<Measure>
<Tx> 11 46 </Tx>
<Rx>
26 31
</Rx>
</Measure>

<Measure>
<Tx> 12 47 </Tx>
<Rx>
27 32
</Rx>
</Measure>

<Measure>
<Tx> 13 48 </Tx>
<Rx>
28 33
</Rx>
</Measure>

<Measure>
<Tx> 14 49 </Tx>
<Rx>
29 34
</Rx>
</Measure>

<Measure>
<Tx> 15 50 </Tx>
<Rx>
30 35
</Rx>
</Measure>

<Measure>
<Tx> 16 51 </Tx>
<Rx>
31 36
</Rx>
</Measure>

<Measure>
<Tx> 17 52 </Tx>
<Rx>
32 37
</Rx>
</Measure>

<Measure>
<Tx> 18 53 </Tx>
<Rx>
33 38
</Rx>
</Measure>

<Measure>
<Tx> 19 54 </Tx>
<Rx>
34 39
</Rx>
</Measure>

<Measure>
<Tx> 20 55 </Tx>
<Rx>
35 40
</Rx>
</Measure>

<Measure>
<Tx> 21 56 </Tx>
<Rx>
36 41
</Rx>
</Measure>

<Measure>
<Tx> 22 57 </Tx>
<Rx>
37 42
</Rx>
</Measure>

<Measure>
<Tx> 23 58 </Tx>
<Rx>
38 43
</Rx>
</Measure>

<Measure>
<Tx> 24 59 </Tx>
<Rx>
39 44
</Rx>
</Measure>

<Measure>
<Tx> 25 60 </Tx>
<Rx>
40 45
</Rx>
</Measure>

<Measure>
<Tx> 26 61 </Tx>
<Rx>
41 46
</Rx>
</Measure>

<Measure>
<Tx> 27 62 </Tx>
<Rx>
42 47
</Rx>
</Measure>

<Measure>
<Tx> 28 63 </Tx>
<Rx>
43 48
</Rx>
</Measure>

<Measure>
<Tx> 29 64 </Tx>
<Rx>
44 49
</Rx>
</Measure>

<Measure>
<Tx> 1 26 </Tx>
<Rx>
11 16
</Rx>
</Measure>

<Measure>
<Tx> 2 27 </Tx>
<Rx>
12 17
</Rx>
</Measure>

<Measure>
<Tx> 3 28 </Tx>
<Rx>
13 18
</Rx>
</Measure>

<Measure>
<Tx> 4 29 </Tx>
<Rx>
14 19
</Rx>
</Measure>

<Measure>
<Tx> 5 30 </Tx>
<Rx>
15 20
</Rx>
</Measure>

<Measure>
<Tx> 6 31 </Tx>
<Rx>
16 21
</Rx>
</Measure>

<Measure>
<Tx> 7 32 </Tx>
<Rx>
17 22
</Rx>
</Measure>

<Measure>
<Tx> 8 33 </Tx>
<Rx>
18 23
</Rx>
</Measure>

<Measure>
<Tx> 9 34 </Tx>
<Rx>
19 24
</Rx>
</Measure>

<Measure>
<Tx> 10 35 </Tx>
<Rx>
20 25
</Rx>
</Measure>

<Measure>
<Tx> 11 36 </Tx>
<Rx>
21 26
</Rx>
</Measure>

<Measure>
<Tx> 12 37 </Tx>
<Rx>
22 27
</Rx>
</Measure>

<Measure>
<Tx> 13 38 </Tx>
<Rx>
23 28
</Rx>
</Measure>

<Measure>
<Tx> 14 39 </Tx>
<Rx>
24 29
</Rx>
</Measure>

<Measure>
<Tx> 15 40 </Tx>
<Rx>
25 30
</Rx>
</Measure>

<Measure>
<Tx> 16 41 </Tx>
<Rx>
26 31
</Rx>
</Measure>

<Measure>
<Tx> 17 42 </Tx>
<Rx>
27 32
</Rx>
</Measure>

<Measure>
<Tx> 18 43 </Tx>
<Rx>
28 33
</Rx>
</Measure>

<Measure>
<Tx> 19 44 </Tx>
<Rx>
29 34
</Rx>
</Measure>

<Measure>
<Tx> 20 45 </Tx>
<Rx>
30 35
</Rx>
</Measure>

<Measure>
<Tx> 21 46 </Tx>
<Rx>
31 36
</Rx>
</Measure>

<Measure>
<Tx> 22 47 </Tx>
<Rx>
32 37
</Rx>
</Measure>

<Measure>
<Tx> 23 48 </Tx>
<Rx>
33 38
</Rx>
</Measure>

<Measure>
<Tx> 24 49 </Tx>
<Rx>
34 39
</Rx>
</Measure>

<Measure>
<Tx> 25 50 </Tx>
<Rx>
35 40
</Rx>
</Measure>

<Measure>
<Tx> 26 51 </Tx>
<Rx>
36 41
</Rx>
</Measure>

<Measure>
<Tx> 27 52 </Tx>
<Rx>
37 42
</Rx>
</Measure>

<Measure>
<Tx> 28 53 </Tx>
<Rx>
38 43
</Rx>
</Measure>

<Measure>
<Tx> 29 54 </Tx>
<Rx>
39 44
</Rx>
</Measure>

<Measure>
<Tx> 30 55 </Tx>
<Rx>
40 45
</Rx>
</Measure>

<Measure>
<Tx> 31 56 </Tx>
<Rx>
41 46
</Rx>
</Measure>

<Measure>
<Tx> 32 57 </Tx>
<Rx>
42 47
</Rx>
</Measure>

<Measure>
<Tx> 33 58 </Tx>
<Rx>
43 48
</Rx>
</Measure>

<Measure>
<Tx> 34 59 </Tx>
<Rx>
44 49
</Rx>
</Measure>

<Measure>
<Tx> 35 60 </Tx>
<Rx>
45 50
</Rx>
</Measure>

<Measure>
<Tx> 36 61 </Tx>
<Rx>
46 51
</Rx>
</Measure>

<Measure>
<Tx> 37 62 </Tx>
<Rx>
47 52
</Rx>
</Measure>

<Measure>
<Tx> 38 63 </Tx>
<Rx>
48 53
</Rx>
</Measure>

<Measure>
<Tx> 39 64 </Tx>
<Rx>
49 54
</Rx>
</Measure>

<Measure>
<Tx> 1 16 </Tx>
<Rx>
6 11
</Rx>
</Measure>

<Measure>
<Tx> 2 17 </Tx>
<Rx>
7 12
</Rx>
</Measure>

<Measure>
<Tx> 3 18 </Tx>
<Rx>
8 13
</Rx>
</Measure>

<Measure>
<Tx> 4 19 </Tx>
<Rx>
9 14
</Rx>
</Measure>

<Measure>
<Tx> 5 20 </Tx>
<Rx>
10 15
</Rx>
</Measure>

<Measure>
<Tx> 6 21 </Tx>
<Rx>
11 16
</Rx>
</Measure>

<Measure>
<Tx> 7 22 </Tx>
<Rx>
12 17
</Rx>
</Measure>

<Measure>
<Tx> 8 23 </Tx>
<Rx>
13 18
</Rx>
</Measure>

<Measure>
<Tx> 9 24 </Tx>
<Rx>
14 19
</Rx>
</Measure>

<Measure>
<Tx> 10 25 </Tx>
<Rx>
15 20
</Rx>
</Measure>

<Measure>
<Tx> 11 26 </Tx>
<Rx>
16 21
</Rx>
</Measure>

<Measure>
<Tx> 12 27 </Tx>
<Rx>
17 22
</Rx>
</Measure>

<Measure>
<Tx> 13 28 </Tx>
<Rx>
18 23
</Rx>
</Measure>

<Measure>
<Tx> 14 29 </Tx>
<Rx>
19 24
</Rx>
</Measure>

<Measure>
<Tx> 15 30 </Tx>
<Rx>
20 25
</Rx>
</Measure>

<Measure>
<Tx> 16 31 </Tx>
<Rx>
21 26
</Rx>
</Measure>

<Measure>
<Tx> 17 32 </Tx>
<Rx>
22 27
</Rx>
</Measure>

<Measure>
<Tx> 18 33 </Tx>
<Rx>
23 28
</Rx>
</Measure>

<Measure>
<Tx> 19 34 </Tx>
<Rx>
24 29
</Rx>
</Measure>

<Measure>
<Tx> 20 35 </Tx>
<Rx>
25 30
</Rx>
</Measure>

<Measure>
<Tx> 21 36 </Tx>
<Rx>
26 31
</Rx>
</Measure>

<Measure>
<Tx> 22 37 </Tx>
<Rx>
27 32
</Rx>
</Measure>

<Measure>
<Tx> 23 38 </Tx>
<Rx>
28 33
</Rx>
</Measure>

<Measure>
<Tx> 24 39 </Tx>
<Rx>
29 34
</Rx>
</Measure>

<Measure>
<Tx> 25 40 </Tx>
<Rx>
30 35
</Rx>
</Measure>

<Measure>
<Tx> 26 41 </Tx>
<Rx>
31 36
</Rx>
</Measure>

<Measure>
<Tx> 27 42 </Tx>
<Rx>
32 37
</Rx>
</Measure>

<Measure>
<Tx> 28 43 </Tx>
<Rx>
33 38
</Rx>
</Measure>

<Measure>
<Tx> 29 44 </Tx>
<Rx>
34 39
</Rx>
</Measure>

<Measure>
<Tx> 30 45 </Tx>
<Rx>
35 40
</Rx>
</Measure>

<Measure>
<Tx> 31 46 </Tx>
<Rx>
36 41
</Rx>
</Measure>

<Measure>
<Tx> 32 47 </Tx>
<Rx>
37 42
</Rx>
</Measure>

<Measure>
<Tx> 33 48 </Tx>
<Rx>
38 43
</Rx>
</Measure>

<Measure>
<Tx> 34 49 </Tx>
<Rx>
39 44
</Rx>
</Measure>

<Measure>
<Tx> 35 50 </Tx>
<Rx>
40 45
</Rx>
</Measure>

<Measure>
<Tx> 36 51 </Tx>
<Rx>
41 46
</Rx>
</Measure>

<Measure>
<Tx> 37 52 </Tx>
<Rx>
42 47
</Rx>
</Measure>

<Measure>
<Tx> 38 53 </Tx>
<Rx>
43 48
</Rx>
</Measure>

<Measure>
<Tx> 39 54 </Tx>
<Rx>
44 49
</Rx>
</Measure>

<Measure>
<Tx> 40 55 </Tx>
<Rx>
45 50
</Rx>
</Measure>

<Measure>
<Tx> 41 56 </Tx>
<Rx>
46 51
</Rx>
</Measure>

<Measure>
<Tx> 42 57 </Tx>
<Rx>
47 52
</Rx>
</Measure>

<Measure>
<Tx> 43 58 </Tx>
<Rx>
48 53
</Rx>
</Measure>

<Measure>
<Tx> 44 59 </Tx>
<Rx>
49 54
</Rx>
</Measure>

<Measure>
<Tx> 45 60 </Tx>
<Rx>
50 55
</Rx>
</Measure>

<Measure>
<Tx> 46 61 </Tx>
<Rx>
51 56
</Rx>
</Measure>

<Measure>
<Tx> 47 62 </Tx>
<Rx>
52 57
</Rx>
</Measure>

<Measure>
<Tx> 48 63 </Tx>
<Rx>
53 58
</Rx>
</Measure>

<Measure>
<Tx> 49 64 </Tx>
<Rx>
54 59
</Rx>
</Measure>

<Measure>
<Tx> 1 61 </Tx>
<Rx>
29 33
</Rx>
</Measure>

<Measure>
<Tx> 2 62 </Tx>
<Rx>
30 34
</Rx>
</Measure>

<Measure>
<Tx> 3 63 </Tx>
<Rx>
31 35
</Rx>
</Measure>

<Measure>
<Tx> 4 64 </Tx>
<Rx>
32 36
</Rx>
</Measure>

<Measure>
<Tx> 1 53 </Tx>
<Rx>
25 29
</Rx>
</Measure>

<Measure>
<Tx> 2 54 </Tx>
<Rx>
26 30
</Rx>
</Measure>

<Measure>
<Tx> 3 55 </Tx>
<Rx>
27 31
</Rx>
</Measure>

<Measure>
<Tx> 4 56 </Tx>
<Rx>
28 32
</Rx>
</Measure>

<Measure>
<Tx> 5 57 </Tx>
<Rx>
29 33
</Rx>
</Measure>

<Measure>
<Tx> 6 58 </Tx>
<Rx>
30 34
</Rx>
</Measure>

<Measure>
<Tx> 7 59 </Tx>
<Rx>
31 35
</Rx>
</Measure>

<Measure>
<Tx> 8 60 </Tx>
<Rx>
32 36
</Rx>
</Measure>

<Measure>
<Tx> 9 61 </Tx>
<Rx>
33 37
</Rx>
</Measure>

<Measure>
<Tx> 10 62 </Tx>
<Rx>
34 38
</Rx>
</Measure>

<Measure>
<Tx> 11 63 </Tx>
<Rx>
35 39
</Rx>
</Measure>

<Measure>
<Tx> 12 64 </Tx>
<Rx>
36 40
</Rx>
</Measure>

<Measure>
<Tx> 1 45 </Tx>
<Rx>
21 25
</Rx>
</Measure>

<Measure>
<Tx> 2 46 </Tx>
<Rx>
22 26
</Rx>
</Measure>

<Measure>
<Tx> 3 47 </Tx>
<Rx>
23 27
</Rx>
</Measure>

<Measure>
<Tx> 4 48 </Tx>
<Rx>
24 28
</Rx>
</Measure>

<Measure>
<Tx> 5 49 </Tx>
<Rx>
25 29
</Rx>
</Measure>

<Measure>
<Tx> 6 50 </Tx>
<Rx>
26 30
</Rx>
</Measure>

<Measure>
<Tx> 7 51 </Tx>
<Rx>
27 31
</Rx>
</Measure>

<Measure>
<Tx> 8 52 </Tx>
<Rx>
28 32
</Rx>
</Measure>

<Measure>
<Tx> 9 53 </Tx>
<Rx>
29 33
</Rx>
</Measure>

<Measure>
<Tx> 10 54 </Tx>
<Rx>
30 34
</Rx>
</Measure>

<Measure>
<Tx> 11 55 </Tx>
<Rx>
31 35
</Rx>
</Measure>

<Measure>
<Tx> 12 56 </Tx>
<Rx>
32 36
</Rx>
</Measure>

<Measure>
<Tx> 13 57 </Tx>
<Rx>
33 37
</Rx>
</Measure>

<Measure>
<Tx> 14 58 </Tx>
<Rx>
34 38
</Rx>
</Measure>

<Measure>
<Tx> 15 59 </Tx>
<Rx>
35 39
</Rx>
</Measure>

<Measure>
<Tx> 16 60 </Tx>
<Rx>
36 40
</Rx>
</Measure>

<Measure>
<Tx> 17 61 </Tx>
<Rx>
37 41
</Rx>
</Measure>

<Measure>
<Tx> 18 62 </Tx>
<Rx>
38 42
</Rx>
</Measure>

<Measure>
<Tx> 19 63 </Tx>
<Rx>
39 43
</Rx>
</Measure>

<Measure>
<Tx> 20 64 </Tx>
<Rx>
40 44
</Rx>
</Measure>

<Measure>
<Tx> 1 37 </Tx>
<Rx>
17 21
</Rx>
</Measure>

<Measure>
<Tx> 2 38 </Tx>
<Rx>
18 22
</Rx>
</Measure>

<Measure>
<Tx> 3 39 </Tx>
<Rx>
19 23
</Rx>
</Measure>

<Measure>
<Tx> 4 40 </Tx>
<Rx>
20 24
</Rx>
</Measure>

<Measure>
<Tx> 5 41 </Tx>
<Rx>
21 25
</Rx>
</Measure>

<Measure>
<Tx> 6 42 </Tx>
<Rx>
22 26
</Rx>
</Measure>

<Measure>
<Tx> 7 43 </Tx>
<Rx>
23 27
</Rx>
</Measure>

<Measure>
<Tx> 8 44 </Tx>
<Rx>
24 28
</Rx>
</Measure>

<Measure>
<Tx> 9 45 </Tx>
<Rx>
25 29
</Rx>
</Measure>

<Measure>
<Tx> 10 46 </Tx>
<Rx>
26 30
</Rx>
</Measure>

<Measure>
<Tx> 11 47 </Tx>
<Rx>
27 31
</Rx>
</Measure>

<Measure>
<Tx> 12 48 </Tx>
<Rx>
28 32
</Rx>
</Measure>

<Measure>
<Tx> 13 49 </Tx>
<Rx>
29 33
</Rx>
</Measure>

<Measure>
<Tx> 14 50 </Tx>
<Rx>
30 34
</Rx>
</Measure>

<Measure>
<Tx> 15 51 </Tx>
<Rx>
31 35
</Rx>
</Measure>

<Measure>
<Tx> 16 52 </Tx>
<Rx>
32 36
</Rx>
</Measure>

<Measure>
<Tx> 17 53 </Tx>
<Rx>
33 37
</Rx>
</Measure>

<Measure>
<Tx> 18 54 </Tx>
<Rx>
34 38
</Rx>
</Measure>

<Measure>
<Tx> 19 55 </Tx>
<Rx>
35 39
</Rx>
</Measure>

<Measure>
<Tx> 20 56 </Tx>
<Rx>
36 40
</Rx>
</Measure>

<Measure>
<Tx> 21 57 </Tx>
<Rx>
37 41
</Rx>
</Measure>

<Measure>
<Tx> 22 58 </Tx>
<Rx>
38 42
</Rx>
</Measure>

<Measure>
<Tx> 23 59 </Tx>
<Rx>
39 43
</Rx>
</Measure>

<Measure>
<Tx> 24 60 </Tx>
<Rx>
40 44
</Rx>
</Measure>

<Measure>
<Tx> 25 61 </Tx>
<Rx>
41 45
</Rx>
</Measure>

<Measure>
<Tx> 26 62 </Tx>
<Rx>
42 46
</Rx>
</Measure>

<Measure>
<Tx> 27 63 </Tx>
<Rx>
43 47
</Rx>
</Measure>

<Measure>
<Tx> 28 64 </Tx>
<Rx>
44 48
</Rx>
</Measure>

<Measure>
<Tx> 1 29 </Tx>
<Rx>
13 17
</Rx>
</Measure>

<Measure>
<Tx> 2 30 </Tx>
<Rx>
14 18
</Rx>
</Measure>

<Measure>
<Tx> 3 31 </Tx>
<Rx>
15 19
</Rx>
</Measure>

<Measure>
<Tx> 4 32 </Tx>
<Rx>
16 20
</Rx>
</Measure>

<Measure>
<Tx> 5 33 </Tx>
<Rx>
17 21
</Rx>
</Measure>

<Measure>
<Tx> 6 34 </Tx>
<Rx>
18 22
</Rx>
</Measure>

<Measure>
<Tx> 7 35 </Tx>
<Rx>
19 23
</Rx>
</Measure>

<Measure>
<Tx> 8 36 </Tx>
<Rx>
20 24
</Rx>
</Measure>

<Measure>
<Tx> 9 37 </Tx>
<Rx>
21 25
</Rx>
</Measure>

<Measure>
<Tx> 10 38 </Tx>
<Rx>
22 26
</Rx>
</Measure>

<Measure>
<Tx> 11 39 </Tx>
<Rx>
23 27
</Rx>
</Measure>

<Measure>
<Tx> 12 40 </Tx>
<Rx>
24 28
</Rx>
</Measure>

<Measure>
<Tx> 13 41 </Tx>
<Rx>
25 29
</Rx>
</Measure>

<Measure>
<Tx> 14 42 </Tx>
<Rx>
26 30
</Rx>
</Measure>

<Measure>
<Tx> 15 43 </Tx>
<Rx>
27 31
</Rx>
</Measure>

<Measure>
<Tx> 16 44 </Tx>
<Rx>
28 32
</Rx>
</Measure>

<Measure>
<Tx> 17 45 </Tx>
<Rx>
29 33
</Rx>
</Measure>

<Measure>
<Tx> 18 46 </Tx>
<Rx>
30 34
</Rx>
</Measure>

<Measure>
<Tx> 19 47 </Tx>
<Rx>
31 35
</Rx>
</Measure>

<Measure>
<Tx> 20 48 </Tx>
<Rx>
32 36
</Rx>
</Measure>

<Measure>
<Tx> 21 49 </Tx>
<Rx>
33 37
</Rx>
</Measure>

<Measure>
<Tx> 22 50 </Tx>
<Rx>
34 38
</Rx>
</Measure>

<Measure>
<Tx> 23 51 </Tx>
<Rx>
35 39
</Rx>
</Measure>

<Measure>
<Tx> 24 52 </Tx>
<Rx>
36 40
</Rx>
</Measure>

<Measure>
<Tx> 25 53 </Tx>
<Rx>
37 41
</Rx>
</Measure>

<Measure>
<Tx> 26 54 </Tx>
<Rx>
38 42
</Rx>
</Measure>

<Measure>
<Tx> 27 55 </Tx>
<Rx>
39 43
</Rx>
</Measure>

<Measure>
<Tx> 28 56 </Tx>
<Rx>
40 44
</Rx>
</Measure>

<Measure>
<Tx> 29 57 </Tx>
<Rx>
41 45
</Rx>
</Measure>

<Measure>
<Tx> 30 58 </Tx>
<Rx>
42 46
</Rx>
</Measure>

<Measure>
<Tx> 31 59 </Tx>
<Rx>
43 47
</Rx>
</Measure>

<Measure>
<Tx> 32 60 </Tx>
<Rx>
44 48
</Rx>
</Measure>

<Measure>
<Tx> 33 61 </Tx>
<Rx>
45 49
</Rx>
</Measure>

<Measure>
<Tx> 34 62 </Tx>
<Rx>
46 50
</Rx>
</Measure>

<Measure>
<Tx> 35 63 </Tx>
<Rx>
47 51
</Rx>
</Measure>

<Measure>
<Tx> 36 64 </Tx>
<Rx>
48 52
</Rx>
</Measure>

<Measure>
<Tx> 1 21 </Tx>
<Rx>
9 13
</Rx>
</Measure>

<Measure>
<Tx> 2 22 </Tx>
<Rx>
10 14
</Rx>
</Measure>

<Measure>
<Tx> 3 23 </Tx>
<Rx>
11 15
</Rx>
</Measure>

<Measure>
<Tx> 4 24 </Tx>
<Rx>
12 16
</Rx>
</Measure>

<Measure>
<Tx> 5 25 </Tx>
<Rx>
13 17
</Rx>
</Measure>

<Measure>
<Tx> 6 26 </Tx>
<Rx>
14 18
</Rx>
</Measure>

<Measure>
<Tx> 7 27 </Tx>
<Rx>
15 19
</Rx>
</Measure>

<Measure>
<Tx> 8 28 </Tx>
<Rx>
16 20
</Rx>
</Measure>

<Measure>
<Tx> 9 29 </Tx>
<Rx>
17 21
</Rx>
</Measure>

<Measure>
<Tx> 10 30 </Tx>
<Rx>
18 22
</Rx>
</Measure>

<Measure>
<Tx> 11 31 </Tx>
<Rx>
19 23
</Rx>
</Measure>

<Measure>
<Tx> 12 32 </Tx>
<Rx>
20 24
</Rx>
</Measure>

<Measure>
<Tx> 13 33 </Tx>
<Rx>
21 25
</Rx>
</Measure>

<Measure>
<Tx> 14 34 </Tx>
<Rx>
22 26
</Rx>
</Measure>

<Measure>
<Tx> 15 35 </Tx>
<Rx>
23 27
</Rx>
</Measure>

<Measure>
<Tx> 16 36 </Tx>
<Rx>
24 28
</Rx>
</Measure>

<Measure>
<Tx> 17 37 </Tx>
<Rx>
25 29
</Rx>
</Measure>

<Measure>
<Tx> 18 38 </Tx>
<Rx>
26 30
</Rx>
</Measure>

<Measure>
<Tx> 19 39 </Tx>
<Rx>
27 31
</Rx>
</Measure>

<Measure>
<Tx> 20 40 </Tx>
<Rx>
28 32
</Rx>
</Measure>

<Measure>
<Tx> 21 41 </Tx>
<Rx>
29 33
</Rx>
</Measure>

<Measure>
<Tx> 22 42 </Tx>
<Rx>
30 34
</Rx>
</Measure>

<Measure>
<Tx> 23 43 </Tx>
<Rx>
31 35
</Rx>
</Measure>

<Measure>
<Tx> 24 44 </Tx>
<Rx>
32 36
</Rx>
</Measure>

<Measure>
<Tx> 25 45 </Tx>
<Rx>
33 37
</Rx>
</Measure>

<Measure>
<Tx> 26 46 </Tx>
<Rx>
34 38
</Rx>
</Measure>

<Measure>
<Tx> 27 47 </Tx>
<Rx>
35 39
</Rx>
</Measure>

<Measure>
<Tx> 28 48 </Tx>
<Rx>
36 40
</Rx>
</Measure>

<Measure>
<Tx> 29 49 </Tx>
<Rx>
37 41
</Rx>
</Measure>

<Measure>
<Tx> 30 50 </Tx>
<Rx>
38 42
</Rx>
</Measure>

<Measure>
<Tx> 31 51 </Tx>
<Rx>
39 43
</Rx>
</Measure>

<Measure>
<Tx> 32 52 </Tx>
<Rx>
40 44
</Rx>
</Measure>

<Measure>
<Tx> 33 53 </Tx>
<Rx>
41 45
</Rx>
</Measure>

<Measure>
<Tx> 34 54 </Tx>
<Rx>
42 46
</Rx>
</Measure>

<Measure>
<Tx> 35 55 </Tx>
<Rx>
43 47
</Rx>
</Measure>

<Measure>
<Tx> 36 56 </Tx>
<Rx>
44 48
</Rx>
</Measure>

<Measure>
<Tx> 37 57 </Tx>
<Rx>
45 49
</Rx>
</Measure>

<Measure>
<Tx> 38 58 </Tx>
<Rx>
46 50
</Rx>
</Measure>

<Measure>
<Tx> 39 59 </Tx>
<Rx>
47 51
</Rx>
</Measure>

<Measure>
<Tx> 40 60 </Tx>
<Rx>
48 52
</Rx>
</Measure>

<Measure>
<Tx> 41 61 </Tx>
<Rx>
49 53
</Rx>
</Measure>

<Measure>
<Tx> 42 62 </Tx>
<Rx>
50 54
</Rx>
</Measure>

<Measure>
<Tx> 43 63 </Tx>
<Rx>
51 55
</Rx>
</Measure>

<Measure>
<Tx> 44 64 </Tx>
<Rx>
52 56
</Rx>
</Measure>

<Measure>
<Tx> 1 13 </Tx>
<Rx>
5 9
</Rx>
</Measure>

<Measure>
<Tx> 2 14 </Tx>
<Rx>
6 10
</Rx>
</Measure>

<Measure>
<Tx> 3 15 </Tx>
<Rx>
7 11
</Rx>
</Measure>

<Measure>
<Tx> 4 16 </Tx>
<Rx>
8 12
</Rx>
</Measure>

<Measure>
<Tx> 5 17 </Tx>
<Rx>
9 13
</Rx>
</Measure>

<Measure>
<Tx> 6 18 </Tx>
<Rx>
10 14
</Rx>
</Measure>

<Measure>
<Tx> 7 19 </Tx>
<Rx>
11 15
</Rx>
</Measure>

<Measure>
<Tx> 8 20 </Tx>
<Rx>
12 16
</Rx>
</Measure>

<Measure>
<Tx> 9 21 </Tx>
<Rx>
13 17
</Rx>
</Measure>

<Measure>
<Tx> 10 22 </Tx>
<Rx>
14 18
</Rx>
</Measure>

<Measure>
<Tx> 11 23 </Tx>
<Rx>
15 19
</Rx>
</Measure>

<Measure>
<Tx> 12 24 </Tx>
<Rx>
16 20
</Rx>
</Measure>

<Measure>
<Tx> 13 25 </Tx>
<Rx>
17 21
</Rx>
</Measure>

<Measure>
<Tx> 14 26 </Tx>
<Rx>
18 22
</Rx>
</Measure>

<Measure>
<Tx> 15 27 </Tx>
<Rx>
19 23
</Rx>
</Measure>

<Measure>
<Tx> 16 28 </Tx>
<Rx>
20 24
</Rx>
</Measure>

<Measure>
<Tx> 17 29 </Tx>
<Rx>
21 25
</Rx>
</Measure>

<Measure>
<Tx> 18 30 </Tx>
<Rx>
22 26
</Rx>
</Measure>

<Measure>
<Tx> 19 31 </Tx>
<Rx>
23 27
</Rx>
</Measure>

<Measure>
<Tx> 20 32 </Tx>
<Rx>
24 28
</Rx>
</Measure>

<Measure>
<Tx> 21 33 </Tx>
<Rx>
25 29
</Rx>
</Measure>

<Measure>
<Tx> 22 34 </Tx>
<Rx>
26 30
</Rx>
</Measure>

<Measure>
<Tx> 23 35 </Tx>
<Rx>
27 31
</Rx>
</Measure>

<Measure>
<Tx> 24 36 </Tx>
<Rx>
28 32
</Rx>
</Measure>

<Measure>
<Tx> 25 37 </Tx>
<Rx>
29 33
</Rx>
</Measure>

<Measure>
<Tx> 26 38 </Tx>
<Rx>
30 34
</Rx>
</Measure>

<Measure>
<Tx> 27 39 </Tx>
<Rx>
31 35
</Rx>
</Measure>

<Measure>
<Tx> 28 40 </Tx>
<Rx>
32 36
</Rx>
</Measure>

<Measure>
<Tx> 29 41 </Tx>
<Rx>
33 37
</Rx>
</Measure>

<Measure>
<Tx> 30 42 </Tx>
<Rx>
34 38
</Rx>
</Measure>

<Measure>
<Tx> 31 43 </Tx>
<Rx>
35 39
</Rx>
</Measure>

<Measure>
<Tx> 32 44 </Tx>
<Rx>
36 40
</Rx>
</Measure>

<Measure>
<Tx> 33 45 </Tx>
<Rx>
37 41
</Rx>
</Measure>

<Measure>
<Tx> 34 46 </Tx>
<Rx>
38 42
</Rx>
</Measure>

<Measure>
<Tx> 35 47 </Tx>
<Rx>
39 43
</Rx>
</Measure>

<Measure>
<Tx> 36 48 </Tx>
<Rx>
40 44
</Rx>
</Measure>

<Measure>
<Tx> 37 49 </Tx>
<Rx>
41 45
</Rx>
</Measure>

<Measure>
<Tx> 38 50 </Tx>
<Rx>
42 46
</Rx>
</Measure>

<Measure>
<Tx> 39 51 </Tx>
<Rx>
43 47
</Rx>
</Measure>

<Measure>
<Tx> 40 52 </Tx>
<Rx>
44 48
</Rx>
</Measure>

<Measure>
<Tx> 41 53 </Tx>
<Rx>
45 49
</Rx>
</Measure>

<Measure>
<Tx> 42 54 </Tx>
<Rx>
46 50
</Rx>
</Measure>

<Measure>
<Tx> 43 55 </Tx>
<Rx>
47 51
</Rx>
</Measure>

<Measure>
<Tx> 44 56 </Tx>
<Rx>
48 52
</Rx>
</Measure>

<Measure>
<Tx> 45 57 </Tx>
<Rx>
49 53
</Rx>
</Measure>

<Measure>
<Tx> 46 58 </Tx>
<Rx>
50 54
</Rx>
</Measure>

<Measure>
<Tx> 47 59 </Tx>
<Rx>
51 55
</Rx>
</Measure>

<Measure>
<Tx> 48 60 </Tx>
<Rx>
52 56
</Rx>
</Measure>

<Measure>
<Tx> 49 61 </Tx>
<Rx>
53 57
</Rx>
</Measure>

<Measure>
<Tx> 50 62 </Tx>
<Rx>
54 58
</Rx>
</Measure>

<Measure>
<Tx> 51 63 </Tx>
<Rx>
55 59
</Rx>
</Measure>

<Measure>
<Tx> 52 64 </Tx>
<Rx>
56 60
</Rx>
</Measure>

<Measure>
<Tx> 1 46 </Tx>
<Rx>
22 25
</Rx>
</Measure>

<Measure>
<Tx> 2 47 </Tx>
<Rx>
23 26
</Rx>
</Measure>

<Measure>
<Tx> 3 48 </Tx>
<Rx>
24 27
</Rx>
</Measure>

<Measure>
<Tx> 4 49 </Tx>
<Rx>
25 28
</Rx>
</Measure>

<Measure>
<Tx> 5 50 </Tx>
<Rx>
26 29
</Rx>
</Measure>

<Measure>
<Tx> 6 51 </Tx>
<Rx>
27 30
</Rx>
</Measure>

<Measure>
<Tx> 7 52 </Tx>
<Rx>
28 31
</Rx>
</Measure>

<Measure>
<Tx> 8 53 </Tx>
<Rx>
29 32
</Rx>
</Measure>

<Measure>
<Tx> 9 54 </Tx>
<Rx>
30 33
</Rx>
</Measure>

<Measure>
<Tx> 10 55 </Tx>
<Rx>
31 34
</Rx>
</Measure>

<Measure>
<Tx> 11 56 </Tx>
<Rx>
32 35
</Rx>
</Measure>

<Measure>
<Tx> 12 57 </Tx>
<Rx>
33 36
</Rx>
</Measure>

<Measure>
<Tx> 13 58 </Tx>
<Rx>
34 37
</Rx>
</Measure>

<Measure>
<Tx> 14 59 </Tx>
<Rx>
35 38
</Rx>
</Measure>

<Measure>
<Tx> 15 60 </Tx>
<Rx>
36 39
</Rx>
</Measure>

<Measure>
<Tx> 16 61 </Tx>
<Rx>
37 40
</Rx>
</Measure>

<Measure>
<Tx> 17 62 </Tx>
<Rx>
38 41
</Rx>
</Measure>

<Measure>
<Tx> 18 63 </Tx>
<Rx>
39 42
</Rx>
</Measure>

<Measure>
<Tx> 19 64 </Tx>
<Rx>
40 43
</Rx>
</Measure>

<Measure>
<Tx> 1 40 </Tx>
<Rx>
19 22
</Rx>
</Measure>

<Measure>
<Tx> 2 41 </Tx>
<Rx>
20 23
</Rx>
</Measure>

<Measure>
<Tx> 3 42 </Tx>
<Rx>
21 24
</Rx>
</Measure>

<Measure>
<Tx> 4 43 </Tx>
<Rx>
22 25
</Rx>
</Measure>

<Measure>
<Tx> 5 44 </Tx>
<Rx>
23 26
</Rx>
</Measure>

<Measure>
<Tx> 6 45 </Tx>
<Rx>
24 27
</Rx>
</Measure>

<Measure>
<Tx> 7 46 </Tx>
<Rx>
25 28
</Rx>
</Measure>

<Measure>
<Tx> 8 47 </Tx>
<Rx>
26 29
</Rx>
</Measure>

<Measure>
<Tx> 9 48 </Tx>
<Rx>
27 30
</Rx>
</Measure>

<Measure>
<Tx> 10 49 </Tx>
<Rx>
28 31
</Rx>
</Measure>

<Measure>
<Tx> 11 50 </Tx>
<Rx>
29 32
</Rx>
</Measure>

<Measure>
<Tx> 12 51 </Tx>
<Rx>
30 33
</Rx>
</Measure>

<Measure>
<Tx> 13 52 </Tx>
<Rx>
31 34
</Rx>
</Measure>

<Measure>
<Tx> 14 53 </Tx>
<Rx>
32 35
</Rx>
</Measure>

<Measure>
<Tx> 15 54 </Tx>
<Rx>
33 36
</Rx>
</Measure>

<Measure>
<Tx> 16 55 </Tx>
<Rx>
34 37
</Rx>
</Measure>

<Measure>
<Tx> 17 56 </Tx>
<Rx>
35 38
</Rx>
</Measure>

<Measure>
<Tx> 18 57 </Tx>
<Rx>
36 39
</Rx>
</Measure>

<Measure>
<Tx> 19 58 </Tx>
<Rx>
37 40
</Rx>
</Measure>

<Measure>
<Tx> 20 59 </Tx>
<Rx>
38 41
</Rx>
</Measure>

<Measure>
<Tx> 21 60 </Tx>
<Rx>
39 42
</Rx>
</Measure>

<Measure>
<Tx> 22 61 </Tx>
<Rx>
40 43
</Rx>
</Measure>

<Measure>
<Tx> 23 62 </Tx>
<Rx>
41 44
</Rx>
</Measure>

<Measure>
<Tx> 24 63 </Tx>
<Rx>
42 45
</Rx>
</Measure>

<Measure>
<Tx> 25 64 </Tx>
<Rx>
43 46
</Rx>
</Measure>

<Measure>
<Tx> 1 34 </Tx>
<Rx>
16 19
</Rx>
</Measure>

<Measure>
<Tx> 2 35 </Tx>
<Rx>
17 20
</Rx>
</Measure>

<Measure>
<Tx> 3 36 </Tx>
<Rx>
18 21
</Rx>
</Measure>

<Measure>
<Tx> 4 37 </Tx>
<Rx>
19 22
</Rx>
</Measure>

<Measure>
<Tx> 5 38 </Tx>
<Rx>
20 23
</Rx>
</Measure>

<Measure>
<Tx> 6 39 </Tx>
<Rx>
21 24
</Rx>
</Measure>

<Measure>
<Tx> 7 40 </Tx>
<Rx>
22 25
</Rx>
</Measure>

<Measure>
<Tx> 8 41 </Tx>
<Rx>
23 26
</Rx>
</Measure>

<Measure>
<Tx> 9 42 </Tx>
<Rx>
24 27
</Rx>
</Measure>

<Measure>
<Tx> 10 43 </Tx>
<Rx>
25 28
</Rx>
</Measure>

<Measure>
<Tx> 11 44 </Tx>
<Rx>
26 29
</Rx>
</Measure>

<Measure>
<Tx> 12 45 </Tx>
<Rx>
27 30
</Rx>
</Measure>

<Measure>
<Tx> 13 46 </Tx>
<Rx>
28 31
</Rx>
</Measure>

<Measure>
<Tx> 14 47 </Tx>
<Rx>
29 32
</Rx>
</Measure>

<Measure>
<Tx> 15 48 </Tx>
<Rx>
30 33
</Rx>
</Measure>

<Measure>
<Tx> 16 49 </Tx>
<Rx>
31 34
</Rx>
</Measure>

<Measure>
<Tx> 17 50 </Tx>
<Rx>
32 35
</Rx>
</Measure>

<Measure>
<Tx> 18 51 </Tx>
<Rx>
33 36
</Rx>
</Measure>

<Measure>
<Tx> 19 52 </Tx>
<Rx>
34 37
</Rx>
</Measure>

<Measure>
<Tx> 20 53 </Tx>
<Rx>
35 38
</Rx>
</Measure>

<Measure>
<Tx> 21 54 </Tx>
<Rx>
36 39
</Rx>
</Measure>

<Measure>
<Tx> 22 55 </Tx>
<Rx>
37 40
</Rx>
</Measure>

<Measure>
<Tx> 23 56 </Tx>
<Rx>
38 41
</Rx>
</Measure>

<Measure>
<Tx> 24 57 </Tx>
<Rx>
39 42
</Rx>
</Measure>

<Measure>
<Tx> 25 58 </Tx>
<Rx>
40 43
</Rx>
</Measure>

<Measure>
<Tx> 26 59 </Tx>
<Rx>
41 44
</Rx>
</Measure>

<Measure>
<Tx> 27 60 </Tx>
<Rx>
42 45
</Rx>
</Measure>

<Measure>
<Tx> 28 61 </Tx>
<Rx>
43 46
</Rx>
</Measure>

<Measure>
<Tx> 29 62 </Tx>
<Rx>
44 47
</Rx>
</Measure>

<Measure>
<Tx> 30 63 </Tx>
<Rx>
45 48
</Rx>
</Measure>

<Measure>
<Tx> 31 64 </Tx>
<Rx>
46 49
</Rx>
</Measure>

<Measure>
<Tx> 1 28 </Tx>
<Rx>
13 16
</Rx>
</Measure>

<Measure>
<Tx> 2 29 </Tx>
<Rx>
14 17
</Rx>
</Measure>

<Measure>
<Tx> 3 30 </Tx>
<Rx>
15 18
</Rx>
</Measure>

<Measure>
<Tx> 4 31 </Tx>
<Rx>
16 19
</Rx>
</Measure>

<Measure>
<Tx> 5 32 </Tx>
<Rx>
17 20
</Rx>
</Measure>

<Measure>
<Tx> 6 33 </Tx>
<Rx>
18 21
</Rx>
</Measure>

<Measure>
<Tx> 7 34 </Tx>
<Rx>
19 22
</Rx>
</Measure>

<Measure>
<Tx> 8 35 </Tx>
<Rx>
20 23
</Rx>
</Measure>

<Measure>
<Tx> 9 36 </Tx>
<Rx>
21 24
</Rx>
</Measure>

<Measure>
<Tx> 10 37 </Tx>
<Rx>
22 25
</Rx>
</Measure>

<Measure>
<Tx> 11 38 </Tx>
<Rx>
23 26
</Rx>
</Measure>

<Measure>
<Tx> 12 39 </Tx>
<Rx>
24 27
</Rx>
</Measure>

<Measure>
<Tx> 13 40 </Tx>
<Rx>
25 28
</Rx>
</Measure>

<Measure>
<Tx> 14 41 </Tx>
<Rx>
26 29
</Rx>
</Measure>

<Measure>
<Tx> 15 42 </Tx>
<Rx>
27 30
</Rx>
</Measure>

<Measure>
<Tx> 16 43 </Tx>
<Rx>
28 31
</Rx>
</Measure>

<Measure>
<Tx> 17 44 </Tx>
<Rx>
29 32
</Rx>
</Measure>

<Measure>
<Tx> 18 45 </Tx>
<Rx>
30 33
</Rx>
</Measure>

<Measure>
<Tx> 19 46 </Tx>
<Rx>
31 34
</Rx>
</Measure>

<Measure>
<Tx> 20 47 </Tx>
<Rx>
32 35
</Rx>
</Measure>

<Measure>
<Tx> 21 48 </Tx>
<Rx>
33 36
</Rx>
</Measure>

<Measure>
<Tx> 22 49 </Tx>
<Rx>
34 37
</Rx>
</Measure>

<Measure>
<Tx> 23 50 </Tx>
<Rx>
35 38
</Rx>
</Measure>

<Measure>
<Tx> 24 51 </Tx>
<Rx>
36 39
</Rx>
</Measure>

<Measure>
<Tx> 25 52 </Tx>
<Rx>
37 40
</Rx>
</Measure>

<Measure>
<Tx> 26 53 </Tx>
<Rx>
38 41
</Rx>
</Measure>

<Measure>
<Tx> 27 54 </Tx>
<Rx>
39 42
</Rx>
</Measure>

<Measure>
<Tx> 28 55 </Tx>
<Rx>
40 43
</Rx>
</Measure>

<Measure>
<Tx> 29 56 </Tx>
<Rx>
41 44
</Rx>
</Measure>

<Measure>
<Tx> 30 57 </Tx>
<Rx>
42 45
</Rx>
</Measure>

<Measure>
<Tx> 31 58 </Tx>
<Rx>
43 46
</Rx>
</Measure>

<Measure>
<Tx> 32 59 </Tx>
<Rx>
44 47
</Rx>
</Measure>

<Measure>
<Tx> 33 60 </Tx>
<Rx>
45 48
</Rx>
</Measure>

<Measure>
<Tx> 34 61 </Tx>
<Rx>
46 49
</Rx>
</Measure>

<Measure>
<Tx> 35 62 </Tx>
<Rx>
47 50
</Rx>
</Measure>

<Measure>
<Tx> 36 63 </Tx>
<Rx>
48 51
</Rx>
</Measure>

<Measure>
<Tx> 37 64 </Tx>
<Rx>
49 52
</Rx>
</Measure>

<Measure>
<Tx> 1 22 </Tx>
<Rx>
10 13
</Rx>
</Measure>

<Measure>
<Tx> 2 23 </Tx>
<Rx>
11 14
</Rx>
</Measure>

<Measure>
<Tx> 3 24 </Tx>
<Rx>
12 15
</Rx>
</Measure>

<Measure>
<Tx> 4 25 </Tx>
<Rx>
13 16
</Rx>
</Measure>

<Measure>
<Tx> 5 26 </Tx>
<Rx>
14 17
</Rx>
</Measure>

<Measure>
<Tx> 6 27 </Tx>
<Rx>
15 18
</Rx>
</Measure>

<Measure>
<Tx> 7 28 </Tx>
<Rx>
16 19
</Rx>
</Measure>

<Measure>
<Tx> 8 29 </Tx>
<Rx>
17 20
</Rx>
</Measure>

<Measure>
<Tx> 9 30 </Tx>
<Rx>
18 21
</Rx>
</Measure>

<Measure>
<Tx> 10 31 </Tx>
<Rx>
19 22
</Rx>
</Measure>

<Measure>
<Tx> 11 32 </Tx>
<Rx>
20 23
</Rx>
</Measure>

<Measure>
<Tx> 12 33 </Tx>
<Rx>
21 24
</Rx>
</Measure>

<Measure>
<Tx> 13 34 </Tx>
<Rx>
22 25
</Rx>
</Measure>

<Measure>
<Tx> 14 35 </Tx>
<Rx>
23 26
</Rx>
</Measure>

<Measure>
<Tx> 15 36 </Tx>
<Rx>
24 27
</Rx>
</Measure>

<Measure>
<Tx> 16 37 </Tx>
<Rx>
25 28
</Rx>
</Measure>

<Measure>
<Tx> 17 38 </Tx>
<Rx>
26 29
</Rx>
</Measure>

<Measure>
<Tx> 18 39 </Tx>
<Rx>
27 30
</Rx>
</Measure>

<Measure>
<Tx> 19 40 </Tx>
<Rx>
28 31
</Rx>
</Measure>

<Measure>
<Tx> 20 41 </Tx>
<Rx>
29 32
</Rx>
</Measure>

<Measure>
<Tx> 21 42 </Tx>
<Rx>
30 33
</Rx>
</Measure>

<Measure>
<Tx> 22 43 </Tx>
<Rx>
31 34
</Rx>
</Measure>

<Measure>
<Tx> 23 44 </Tx>
<Rx>
32 35
</Rx>
</Measure>

<Measure>
<Tx> 24 45 </Tx>
<Rx>
33 36
</Rx>
</Measure>

<Measure>
<Tx> 25 46 </Tx>
<Rx>
34 37
</Rx>
</Measure>

<Measure>
<Tx> 26 47 </Tx>
<Rx>
35 38
</Rx>
</Measure>

<Measure>
<Tx> 27 48 </Tx>
<Rx>
36 39
</Rx>
</Measure>

<Measure>
<Tx> 28 49 </Tx>
<Rx>
37 40
</Rx>
</Measure>

<Measure>
<Tx> 29 50 </Tx>
<Rx>
38 41
</Rx>
</Measure>

<Measure>
<Tx> 30 51 </Tx>
<Rx>
39 42
</Rx>
</Measure>

<Measure>
<Tx> 31 52 </Tx>
<Rx>
40 43
</Rx>
</Measure>

<Measure>
<Tx> 32 53 </Tx>
<Rx>
41 44
</Rx>
</Measure>

<Measure>
<Tx> 33 54 </Tx>
<Rx>
42 45
</Rx>
</Measure>

<Measure>
<Tx> 34 55 </Tx>
<Rx>
43 46
</Rx>
</Measure>

<Measure>
<Tx> 35 56 </Tx>
<Rx>
44 47
</Rx>
</Measure>

<Measure>
<Tx> 36 57 </Tx>
<Rx>
45 48
</Rx>
</Measure>

<Measure>
<Tx> 37 58 </Tx>
<Rx>
46 49
</Rx>
</Measure>

<Measure>
<Tx> 38 59 </Tx>
<Rx>
47 50
</Rx>
</Measure>

<Measure>
<Tx> 39 60 </Tx>
<Rx>
48 51
</Rx>
</Measure>

<Measure>
<Tx> 40 61 </Tx>
<Rx>
49 52
</Rx>
</Measure>

<Measure>
<Tx> 41 62 </Tx>
<Rx>
50 53
</Rx>
</Measure>

<Measure>
<Tx> 42 63 </Tx>
<Rx>
51 54
</Rx>
</Measure>

<Measure>
<Tx> 43 64 </Tx>
<Rx>
52 55
</Rx>
</Measure>

<Measure>
<Tx> 1 16 </Tx>
<Rx>
7 10
</Rx>
</Measure>

<Measure>
<Tx> 2 17 </Tx>
<Rx>
8 11
</Rx>
</Measure>

<Measure>
<Tx> 3 18 </Tx>
<Rx>
9 12
</Rx>
</Measure>

<Measure>
<Tx> 4 19 </Tx>
<Rx>
10 13
</Rx>
</Measure>

<Measure>
<Tx> 5 20 </Tx>
<Rx>
11 14
</Rx>
</Measure>

<Measure>
<Tx> 6 21 </Tx>
<Rx>
12 15
</Rx>
</Measure>

<Measure>
<Tx> 7 22 </Tx>
<Rx>
13 16
</Rx>
</Measure>

<Measure>
<Tx> 8 23 </Tx>
<Rx>
14 17
</Rx>
</Measure>

<Measure>
<Tx> 9 24 </Tx>
<Rx>
15 18
</Rx>
</Measure>

<Measure>
<Tx> 10 25 </Tx>
<Rx>
16 19
</Rx>
</Measure>

<Measure>
<Tx> 11 26 </Tx>
<Rx>
17 20
</Rx>
</Measure>

<Measure>
<Tx> 12 27 </Tx>
<Rx>
18 21
</Rx>
</Measure>

<Measure>
<Tx> 13 28 </Tx>
<Rx>
19 22
</Rx>
</Measure>

<Measure>
<Tx> 14 29 </Tx>
<Rx>
20 23
</Rx>
</Measure>

<Measure>
<Tx> 15 30 </Tx>
<Rx>
21 24
</Rx>
</Measure>

<Measure>
<Tx> 16 31 </Tx>
<Rx>
22 25
</Rx>
</Measure>

<Measure>
<Tx> 17 32 </Tx>
<Rx>
23 26
</Rx>
</Measure>

<Measure>
<Tx> 18 33 </Tx>
<Rx>
24 27
</Rx>
</Measure>

<Measure>
<Tx> 19 34 </Tx>
<Rx>
25 28
</Rx>
</Measure>

<Measure>
<Tx> 20 35 </Tx>
<Rx>
26 29
</Rx>
</Measure>

<Measure>
<Tx> 21 36 </Tx>
<Rx>
27 30
</Rx>
</Measure>

<Measure>
<Tx> 22 37 </Tx>
<Rx>
28 31
</Rx>
</Measure>

<Measure>
<Tx> 23 38 </Tx>
<Rx>
29 32
</Rx>
</Measure>

<Measure>
<Tx> 24 39 </Tx>
<Rx>
30 33
</Rx>
</Measure>

<Measure>
<Tx> 25 40 </Tx>
<Rx>
31 34
</Rx>
</Measure>

<Measure>
<Tx> 26 41 </Tx>
<Rx>
32 35
</Rx>
</Measure>

<Measure>
<Tx> 27 42 </Tx>
<Rx>
33 36
</Rx>
</Measure>

<Measure>
<Tx> 28 43 </Tx>
<Rx>
34 37
</Rx>
</Measure>

<Measure>
<Tx> 29 44 </Tx>
<Rx>
35 38
</Rx>
</Measure>

<Measure>
<Tx> 30 45 </Tx>
<Rx>
36 39
</Rx>
</Measure>

<Measure>
<Tx> 31 46 </Tx>
<Rx>
37 40
</Rx>
</Measure>

<Measure>
<Tx> 32 47 </Tx>
<Rx>
38 41
</Rx>
</Measure>

<Measure>
<Tx> 33 48 </Tx>
<Rx>
39 42
</Rx>
</Measure>

<Measure>
<Tx> 34 49 </Tx>
<Rx>
40 43
</Rx>
</Measure>

<Measure>
<Tx> 35 50 </Tx>
<Rx>
41 44
</Rx>
</Measure>

<Measure>
<Tx> 36 51 </Tx>
<Rx>
42 45
</Rx>
</Measure>

<Measure>
<Tx> 37 52 </Tx>
<Rx>
43 46
</Rx>
</Measure>

<Measure>
<Tx> 38 53 </Tx>
<Rx>
44 47
</Rx>
</Measure>

<Measure>
<Tx> 39 54 </Tx>
<Rx>
45 48
</Rx>
</Measure>

<Measure>
<Tx> 40 55 </Tx>
<Rx>
46 49
</Rx>
</Measure>

<Measure>
<Tx> 41 56 </Tx>
<Rx>
47 50
</Rx>
</Measure>

<Measure>
<Tx> 42 57 </Tx>
<Rx>
48 51
</Rx>
</Measure>

<Measure>
<Tx> 43 58 </Tx>
<Rx>
49 52
</Rx>
</Measure>

<Measure>
<Tx> 44 59 </Tx>
<Rx>
50 53
</Rx>
</Measure>

<Measure>
<Tx> 45 60 </Tx>
<Rx>
51 54
</Rx>
</Measure>

<Measure>
<Tx> 46 61 </Tx>
<Rx>
52 55
</Rx>
</Measure>

<Measure>
<Tx> 47 62 </Tx>
<Rx>
53 56
</Rx>
</Measure>

<Measure>
<Tx> 48 63 </Tx>
<Rx>
54 57
</Rx>
</Measure>

<Measure>
<Tx> 49 64 </Tx>
<Rx>
55 58
</Rx>
</Measure>

<Measure>
<Tx> 1 10 </Tx>
<Rx>
4 7
</Rx>
</Measure>

<Measure>
<Tx> 2 11 </Tx>
<Rx>
5 8
</Rx>
</Measure>

<Measure>
<Tx> 3 12 </Tx>
<Rx>
6 9
</Rx>
</Measure>

<Measure>
<Tx> 4 13 </Tx>
<Rx>
7 10
</Rx>
</Measure>

<Measure>
<Tx> 5 14 </Tx>
<Rx>
8 11
</Rx>
</Measure>

<Measure>
<Tx> 6 15 </Tx>
<Rx>
9 12
</Rx>
</Measure>

<Measure>
<Tx> 7 16 </Tx>
<Rx>
10 13
</Rx>
</Measure>

<Measure>
<Tx> 8 17 </Tx>
<Rx>
11 14
</Rx>
</Measure>

<Measure>
<Tx> 9 18 </Tx>
<Rx>
12 15
</Rx>
</Measure>

<Measure>
<Tx> 10 19 </Tx>
<Rx>
13 16
</Rx>
</Measure>

<Measure>
<Tx> 11 20 </Tx>
<Rx>
14 17
</Rx>
</Measure>

<Measure>
<Tx> 12 21 </Tx>
<Rx>
15 18
</Rx>
</Measure>

<Measure>
<Tx> 13 22 </Tx>
<Rx>
16 19
</Rx>
</Measure>

<Measure>
<Tx> 14 23 </Tx>
<Rx>
17 20
</Rx>
</Measure>

<Measure>
<Tx> 15 24 </Tx>
<Rx>
18 21
</Rx>
</Measure>

<Measure>
<Tx> 16 25 </Tx>
<Rx>
19 22
</Rx>
</Measure>

<Measure>
<Tx> 17 26 </Tx>
<Rx>
20 23
</Rx>
</Measure>

<Measure>
<Tx> 18 27 </Tx>
<Rx>
21 24
</Rx>
</Measure>

<Measure>
<Tx> 19 28 </Tx>
<Rx>
22 25
</Rx>
</Measure>

<Measure>
<Tx> 20 29 </Tx>
<Rx>
23 26
</Rx>
</Measure>

<Measure>
<Tx> 21 30 </Tx>
<Rx>
24 27
</Rx>
</Measure>

<Measure>
<Tx> 22 31 </Tx>
<Rx>
25 28
</Rx>
</Measure>

<Measure>
<Tx> 23 32 </Tx>
<Rx>
26 29
</Rx>
</Measure>

<Measure>
<Tx> 24 33 </Tx>
<Rx>
27 30
</Rx>
</Measure>

<Measure>
<Tx> 25 34 </Tx>
<Rx>
28 31
</Rx>
</Measure>

<Measure>
<Tx> 26 35 </Tx>
<Rx>
29 32
</Rx>
</Measure>

<Measure>
<Tx> 27 36 </Tx>
<Rx>
30 33
</Rx>
</Measure>

<Measure>
<Tx> 28 37 </Tx>
<Rx>
31 34
</Rx>
</Measure>

<Measure>
<Tx> 29 38 </Tx>
<Rx>
32 35
</Rx>
</Measure>

<Measure>
<Tx> 30 39 </Tx>
<Rx>
33 36
</Rx>
</Measure>

<Measure>
<Tx> 31 40 </Tx>
<Rx>
34 37
</Rx>
</Measure>

<Measure>
<Tx> 32 41 </Tx>
<Rx>
35 38
</Rx>
</Measure>

<Measure>
<Tx> 33 42 </Tx>
<Rx>
36 39
</Rx>
</Measure>

<Measure>
<Tx> 34 43 </Tx>
<Rx>
37 40
</Rx>
</Measure>

<Measure>
<Tx> 35 44 </Tx>
<Rx>
38 41
</Rx>
</Measure>

<Measure>
<Tx> 36 45 </Tx>
<Rx>
39 42
</Rx>
</Measure>

<Measure>
<Tx> 37 46 </Tx>
<Rx>
40 43
</Rx>
</Measure>

<Measure>
<Tx> 38 47 </Tx>
<Rx>
41 44
</Rx>
</Measure>

<Measure>
<Tx> 39 48 </Tx>
<Rx>
42 45
</Rx>
</Measure>

<Measure>
<Tx> 40 49 </Tx>
<Rx>
43 46
</Rx>
</Measure>

<Measure>
<Tx> 41 50 </Tx>
<Rx>
44 47
</Rx>
</Measure>

<Measure>
<Tx> 42 51 </Tx>
<Rx>
45 48
</Rx>
</Measure>

<Measure>
<Tx> 43 52 </Tx>
<Rx>
46 49
</Rx>
</Measure>

<Measure>
<Tx> 44 53 </Tx>
<Rx>
47 50
</Rx>
</Measure>

<Measure>
<Tx> 45 54 </Tx>
<Rx>
48 51
</Rx>
</Measure>

<Measure>
<Tx> 46 55 </Tx>
<Rx>
49 52
</Rx>
</Measure>

<Measure>
<Tx> 47 56 </Tx>
<Rx>
50 53
</Rx>
</Measure>

<Measure>
<Tx> 48 57 </Tx>
<Rx>
51 54
</Rx>
</Measure>

<Measure>
<Tx> 49 58 </Tx>
<Rx>
52 55
</Rx>
</Measure>

<Measure>
<Tx> 50 59 </Tx>
<Rx>
53 56
</Rx>
</Measure>

<Measure>
<Tx> 51 60 </Tx>
<Rx>
54 57
</Rx>
</Measure>

<Measure>
<Tx> 52 61 </Tx>
<Rx>
55 58
</Rx>
</Measure>

<Measure>
<Tx> 53 62 </Tx>
<Rx>
56 59
</Rx>
</Measure>

<Measure>
<Tx> 54 63 </Tx>
<Rx>
57 60
</Rx>
</Measure>

<Measure>
<Tx> 55 64 </Tx>
<Rx>
58 61
</Rx>
</Measure>

<Measure>
<Tx> 1 31 </Tx>
<Rx>
15 17
</Rx>
</Measure>

<Measure>
<Tx> 2 32 </Tx>
<Rx>
16 18
</Rx>
</Measure>

<Measure>
<Tx> 3 33 </Tx>
<Rx>
17 19
</Rx>
</Measure>

<Measure>
<Tx> 4 34 </Tx>
<Rx>
18 20
</Rx>
</Measure>

<Measure>
<Tx> 5 35 </Tx>
<Rx>
19 21
</Rx>
</Measure>

<Measure>
<Tx> 6 36 </Tx>
<Rx>
20 22
</Rx>
</Measure>

<Measure>
<Tx> 7 37 </Tx>
<Rx>
21 23
</Rx>
</Measure>

<Measure>
<Tx> 8 38 </Tx>
<Rx>
22 24
</Rx>
</Measure>

<Measure>
<Tx> 9 39 </Tx>
<Rx>
23 25
</Rx>
</Measure>

<Measure>
<Tx> 10 40 </Tx>
<Rx>
24 26
</Rx>
</Measure>

<Measure>
<Tx> 11 41 </Tx>
<Rx>
25 27
</Rx>
</Measure>

<Measure>
<Tx> 12 42 </Tx>
<Rx>
26 28
</Rx>
</Measure>

<Measure>
<Tx> 13 43 </Tx>
<Rx>
27 29
</Rx>
</Measure>

<Measure>
<Tx> 14 44 </Tx>
<Rx>
28 30
</Rx>
</Measure>

<Measure>
<Tx> 15 45 </Tx>
<Rx>
29 31
</Rx>
</Measure>

<Measure>
<Tx> 16 46 </Tx>
<Rx>
30 32
</Rx>
</Measure>

<Measure>
<Tx> 17 47 </Tx>
<Rx>
31 33
</Rx>
</Measure>

<Measure>
<Tx> 18 48 </Tx>
<Rx>
32 34
</Rx>
</Measure>

<Measure>
<Tx> 19 49 </Tx>
<Rx>
33 35
</Rx>
</Measure>

<Measure>
<Tx> 20 50 </Tx>
<Rx>
34 36
</Rx>
</Measure>

<Measure>
<Tx> 21 51 </Tx>
<Rx>
35 37
</Rx>
</Measure>

<Measure>
<Tx> 22 52 </Tx>
<Rx>
36 38
</Rx>
</Measure>

<Measure>
<Tx> 23 53 </Tx>
<Rx>
37 39
</Rx>
</Measure>

<Measure>
<Tx> 24 54 </Tx>
<Rx>
38 40
</Rx>
</Measure>

<Measure>
<Tx> 25 55 </Tx>
<Rx>
39 41
</Rx>
</Measure>

<Measure>
<Tx> 26 56 </Tx>
<Rx>
40 42
</Rx>
</Measure>

<Measure>
<Tx> 27 57 </Tx>
<Rx>
41 43
</Rx>
</Measure>

<Measure>
<Tx> 28 58 </Tx>
<Rx>
42 44
</Rx>
</Measure>

<Measure>
<Tx> 29 59 </Tx>
<Rx>
43 45
</Rx>
</Measure>

<Measure>
<Tx> 30 60 </Tx>
<Rx>
44 46
</Rx>
</Measure>

<Measure>
<Tx> 31 61 </Tx>
<Rx>
45 47
</Rx>
</Measure>

<Measure>
<Tx> 32 62 </Tx>
<Rx>
46 48
</Rx>
</Measure>

<Measure>
<Tx> 33 63 </Tx>
<Rx>
47 49
</Rx>
</Measure>

<Measure>
<Tx> 34 64 </Tx>
<Rx>
48 50
</Rx>
</Measure>

<Measure>
<Tx> 1 27 </Tx>
<Rx>
13 15
</Rx>
</Measure>

<Measure>
<Tx> 2 28 </Tx>
<Rx>
14 16
</Rx>
</Measure>

<Measure>
<Tx> 3 29 </Tx>
<Rx>
15 17
</Rx>
</Measure>

<Measure>
<Tx> 4 30 </Tx>
<Rx>
16 18
</Rx>
</Measure>

<Measure>
<Tx> 5 31 </Tx>
<Rx>
17 19
</Rx>
</Measure>

<Measure>
<Tx> 6 32 </Tx>
<Rx>
18 20
</Rx>
</Measure>

<Measure>
<Tx> 7 33 </Tx>
<Rx>
19 21
</Rx>
</Measure>

<Measure>
<Tx> 8 34 </Tx>
<Rx>
20 22
</Rx>
</Measure>

<Measure>
<Tx> 9 35 </Tx>
<Rx>
21 23
</Rx>
</Measure>

<Measure>
<Tx> 10 36 </Tx>
<Rx>
22 24
</Rx>
</Measure>

<Measure>
<Tx> 11 37 </Tx>
<Rx>
23 25
</Rx>
</Measure>

<Measure>
<Tx> 12 38 </Tx>
<Rx>
24 26
</Rx>
</Measure>

<Measure>
<Tx> 13 39 </Tx>
<Rx>
25 27
</Rx>
</Measure>

<Measure>
<Tx> 14 40 </Tx>
<Rx>
26 28
</Rx>
</Measure>

<Measure>
<Tx> 15 41 </Tx>
<Rx>
27 29
</Rx>
</Measure>

<Measure>
<Tx> 16 42 </Tx>
<Rx>
28 30
</Rx>
</Measure>

<Measure>
<Tx> 17 43 </Tx>
<Rx>
29 31
</Rx>
</Measure>

<Measure>
<Tx> 18 44 </Tx>
<Rx>
30 32
</Rx>
</Measure>

<Measure>
<Tx> 19 45 </Tx>
<Rx>
31 33
</Rx>
</Measure>

<Measure>
<Tx> 20 46 </Tx>
<Rx>
32 34
</Rx>
</Measure>

<Measure>
<Tx> 21 47 </Tx>
<Rx>
33 35
</Rx>
</Measure>

<Measure>
<Tx> 22 48 </Tx>
<Rx>
34 36
</Rx>
</Measure>

<Measure>
<Tx> 23 49 </Tx>
<Rx>
35 37
</Rx>
</Measure>

<Measure>
<Tx> 24 50 </Tx>
<Rx>
36 38
</Rx>
</Measure>

<Measure>
<Tx> 25 51 </Tx>
<Rx>
37 39
</Rx>
</Measure>

<Measure>
<Tx> 26 52 </Tx>
<Rx>
38 40
</Rx>
</Measure>

<Measure>
<Tx> 27 53 </Tx>
<Rx>
39 41
</Rx>
</Measure>

<Measure>
<Tx> 28 54 </Tx>
<Rx>
40 42
</Rx>
</Measure>

<Measure>
<Tx> 29 55 </Tx>
<Rx>
41 43
</Rx>
</Measure>

<Measure>
<Tx> 30 56 </Tx>
<Rx>
42 44
</Rx>
</Measure>

<Measure>
<Tx> 31 57 </Tx>
<Rx>
43 45
</Rx>
</Measure>

<Measure>
<Tx> 32 58 </Tx>
<Rx>
44 46
</Rx>
</Measure>

<Measure>
<Tx> 33 59 </Tx>
<Rx>
45 47
</Rx>
</Measure>

<Measure>
<Tx> 34 60 </Tx>
<Rx>
46 48
</Rx>
</Measure>

<Measure>
<Tx> 35 61 </Tx>
<Rx>
47 49
</Rx>
</Measure>

<Measure>
<Tx> 36 62 </Tx>
<Rx>
48 50
</Rx>
</Measure>

<Measure>
<Tx> 37 63 </Tx>
<Rx>
49 51
</Rx>
</Measure>

<Measure>
<Tx> 38 64 </Tx>
<Rx>
50 52
</Rx>
</Measure>

<Measure>
<Tx> 1 23 </Tx>
<Rx>
11 13
</Rx>
</Measure>

<Measure>
<Tx> 2 24 </Tx>
<Rx>
12 14
</Rx>
</Measure>

<Measure>
<Tx> 3 25 </Tx>
<Rx>
13 15
</Rx>
</Measure>

<Measure>
<Tx> 4 26 </Tx>
<Rx>
14 16
</Rx>
</Measure>

<Measure>
<Tx> 5 27 </Tx>
<Rx>
15 17
</Rx>
</Measure>

<Measure>
<Tx> 6 28 </Tx>
<Rx>
16 18
</Rx>
</Measure>

<Measure>
<Tx> 7 29 </Tx>
<Rx>
17 19
</Rx>
</Measure>

<Measure>
<Tx> 8 30 </Tx>
<Rx>
18 20
</Rx>
</Measure>

<Measure>
<Tx> 9 31 </Tx>
<Rx>
19 21
</Rx>
</Measure>

<Measure>
<Tx> 10 32 </Tx>
<Rx>
20 22
</Rx>
</Measure>

<Measure>
<Tx> 11 33 </Tx>
<Rx>
21 23
</Rx>
</Measure>

<Measure>
<Tx> 12 34 </Tx>
<Rx>
22 24
</Rx>
</Measure>

<Measure>
<Tx> 13 35 </Tx>
<Rx>
23 25
</Rx>
</Measure>

<Measure>
<Tx> 14 36 </Tx>
<Rx>
24 26
</Rx>
</Measure>

<Measure>
<Tx> 15 37 </Tx>
<Rx>
25 27
</Rx>
</Measure>

<Measure>
<Tx> 16 38 </Tx>
<Rx>
26 28
</Rx>
</Measure>

<Measure>
<Tx> 17 39 </Tx>
<Rx>
27 29
</Rx>
</Measure>

<Measure>
<Tx> 18 40 </Tx>
<Rx>
28 30
</Rx>
</Measure>

<Measure>
<Tx> 19 41 </Tx>
<Rx>
29 31
</Rx>
</Measure>

<Measure>
<Tx> 20 42 </Tx>
<Rx>
30 32
</Rx>
</Measure>

<Measure>
<Tx> 21 43 </Tx>
<Rx>
31 33
</Rx>
</Measure>

<Measure>
<Tx> 22 44 </Tx>
<Rx>
32 34
</Rx>
</Measure>

<Measure>
<Tx> 23 45 </Tx>
<Rx>
33 35
</Rx>
</Measure>

<Measure>
<Tx> 24 46 </Tx>
<Rx>
34 36
</Rx>
</Measure>

<Measure>
<Tx> 25 47 </Tx>
<Rx>
35 37
</Rx>
</Measure>

<Measure>
<Tx> 26 48 </Tx>
<Rx>
36 38
</Rx>
</Measure>

<Measure>
<Tx> 27 49 </Tx>
<Rx>
37 39
</Rx>
</Measure>

<Measure>
<Tx> 28 50 </Tx>
<Rx>
38 40
</Rx>
</Measure>

<Measure>
<Tx> 29 51 </Tx>
<Rx>
39 41
</Rx>
</Measure>

<Measure>
<Tx> 30 52 </Tx>
<Rx>
40 42
</Rx>
</Measure>

<Measure>
<Tx> 31 53 </Tx>
<Rx>
41 43
</Rx>
</Measure>

<Measure>
<Tx> 32 54 </Tx>
<Rx>
42 44
</Rx>
</Measure>

<Measure>
<Tx> 33 55 </Tx>
<Rx>
43 45
</Rx>
</Measure>

<Measure>
<Tx> 34 56 </Tx>
<Rx>
44 46
</Rx>
</Measure>

<Measure>
<Tx> 35 57 </Tx>
<Rx>
45 47
</Rx>
</Measure>

<Measure>
<Tx> 36 58 </Tx>
<Rx>
46 48
</Rx>
</Measure>

<Measure>
<Tx> 37 59 </Tx>
<Rx>
47 49
</Rx>
</Measure>

<Measure>
<Tx> 38 60 </Tx>
<Rx>
48 50
</Rx>
</Measure>

<Measure>
<Tx> 39 61 </Tx>
<Rx>
49 51
</Rx>
</Measure>

<Measure>
<Tx> 40 62 </Tx>
<Rx>
50 52
</Rx>
</Measure>

<Measure>
<Tx> 41 63 </Tx>
<Rx>
51 53
</Rx>
</Measure>

<Measure>
<Tx> 42 64 </Tx>
<Rx>
52 54
</Rx>
</Measure>

<Measure>
<Tx> 1 19 </Tx>
<Rx>
9 11
</Rx>
</Measure>

<Measure>
<Tx> 2 20 </Tx>
<Rx>
10 12
</Rx>
</Measure>

<Measure>
<Tx> 3 21 </Tx>
<Rx>
11 13
</Rx>
</Measure>

<Measure>
<Tx> 4 22 </Tx>
<Rx>
12 14
</Rx>
</Measure>

<Measure>
<Tx> 5 23 </Tx>
<Rx>
13 15
</Rx>
</Measure>

<Measure>
<Tx> 6 24 </Tx>
<Rx>
14 16
</Rx>
</Measure>

<Measure>
<Tx> 7 25 </Tx>
<Rx>
15 17
</Rx>
</Measure>

<Measure>
<Tx> 8 26 </Tx>
<Rx>
16 18
</Rx>
</Measure>

<Measure>
<Tx> 9 27 </Tx>
<Rx>
17 19
</Rx>
</Measure>

<Measure>
<Tx> 10 28 </Tx>
<Rx>
18 20
</Rx>
</Measure>

<Measure>
<Tx> 11 29 </Tx>
<Rx>
19 21
</Rx>
</Measure>

<Measure>
<Tx> 12 30 </Tx>
<Rx>
20 22
</Rx>
</Measure>

<Measure>
<Tx> 13 31 </Tx>
<Rx>
21 23
</Rx>
</Measure>

<Measure>
<Tx> 14 32 </Tx>
<Rx>
22 24
</Rx>
</Measure>

<Measure>
<Tx> 15 33 </Tx>
<Rx>
23 25
</Rx>
</Measure>

<Measure>
<Tx> 16 34 </Tx>
<Rx>
24 26
</Rx>
</Measure>

<Measure>
<Tx> 17 35 </Tx>
<Rx>
25 27
</Rx>
</Measure>

<Measure>
<Tx> 18 36 </Tx>
<Rx>
26 28
</Rx>
</Measure>

<Measure>
<Tx> 19 37 </Tx>
<Rx>
27 29
</Rx>
</Measure>

<Measure>
<Tx> 20 38 </Tx>
<Rx>
28 30
</Rx>
</Measure>

<Measure>
<Tx> 21 39 </Tx>
<Rx>
29 31
</Rx>
</Measure>

<Measure>
<Tx> 22 40 </Tx>
<Rx>
30 32
</Rx>
</Measure>

<Measure>
<Tx> 23 41 </Tx>
<Rx>
31 33
</Rx>
</Measure>

<Measure>
<Tx> 24 42 </Tx>
<Rx>
32 34
</Rx>
</Measure>

<Measure>
<Tx> 25 43 </Tx>
<Rx>
33 35
</Rx>
</Measure>

<Measure>
<Tx> 26 44 </Tx>
<Rx>
34 36
</Rx>
</Measure>

<Measure>
<Tx> 27 45 </Tx>
<Rx>
35 37
</Rx>
</Measure>

<Measure>
<Tx> 28 46 </Tx>
<Rx>
36 38
</Rx>
</Measure>

<Measure>
<Tx> 29 47 </Tx>
<Rx>
37 39
</Rx>
</Measure>

<Measure>
<Tx> 30 48 </Tx>
<Rx>
38 40
</Rx>
</Measure>

<Measure>
<Tx> 31 49 </Tx>
<Rx>
39 41
</Rx>
</Measure>

<Measure>
<Tx> 32 50 </Tx>
<Rx>
40 42
</Rx>
</Measure>

<Measure>
<Tx> 33 51 </Tx>
<Rx>
41 43
</Rx>
</Measure>

<Measure>
<Tx> 34 52 </Tx>
<Rx>
42 44
</Rx>
</Measure>

<Measure>
<Tx> 35 53 </Tx>
<Rx>
43 45
</Rx>
</Measure>

<Measure>
<Tx> 36 54 </Tx>
<Rx>
44 46
</Rx>
</Measure>

<Measure>
<Tx> 37 55 </Tx>
<Rx>
45 47
</Rx>
</Measure>

<Measure>
<Tx> 38 56 </Tx>
<Rx>
46 48
</Rx>
</Measure>

<Measure>
<Tx> 39 57 </Tx>
<Rx>
47 49
</Rx>
</Measure>

<Measure>
<Tx> 40 58 </Tx>
<Rx>
48 50
</Rx>
</Measure>

<Measure>
<Tx> 41 59 </Tx>
<Rx>
49 51
</Rx>
</Measure>

<Measure>
<Tx> 42 60 </Tx>
<Rx>
50 52
</Rx>
</Measure>

<Measure>
<Tx> 43 61 </Tx>
<Rx>
51 53
</Rx>
</Measure>

<Measure>
<Tx> 44 62 </Tx>
<Rx>
52 54
</Rx>
</Measure>

<Measure>
<Tx> 45 63 </Tx>
<Rx>
53 55
</Rx>
</Measure>

<Measure>
<Tx> 46 64 </Tx>
<Rx>
54 56
</Rx>
</Measure>

<Measure>
<Tx> 1 15 </Tx>
<Rx>
7 9
</Rx>
</Measure>

<Measure>
<Tx> 2 16 </Tx>
<Rx>
8 10
</Rx>
</Measure>

<Measure>
<Tx> 3 17 </Tx>
<Rx>
9 11
</Rx>
</Measure>

<Measure>
<Tx> 4 18 </Tx>
<Rx>
10 12
</Rx>
</Measure>

<Measure>
<Tx> 5 19 </Tx>
<Rx>
11 13
</Rx>
</Measure>

<Measure>
<Tx> 6 20 </Tx>
<Rx>
12 14
</Rx>
</Measure>

<Measure>
<Tx> 7 21 </Tx>
<Rx>
13 15
</Rx>
</Measure>

<Measure>
<Tx> 8 22 </Tx>
<Rx>
14 16
</Rx>
</Measure>

<Measure>
<Tx> 9 23 </Tx>
<Rx>
15 17
</Rx>
</Measure>

<Measure>
<Tx> 10 24 </Tx>
<Rx>
16 18
</Rx>
</Measure>

<Measure>
<Tx> 11 25 </Tx>
<Rx>
17 19
</Rx>
</Measure>

<Measure>
<Tx> 12 26 </Tx>
<Rx>
18 20
</Rx>
</Measure>

<Measure>
<Tx> 13 27 </Tx>
<Rx>
19 21
</Rx>
</Measure>

<Measure>
<Tx> 14 28 </Tx>
<Rx>
20 22
</Rx>
</Measure>

<Measure>
<Tx> 15 29 </Tx>
<Rx>
21 23
</Rx>
</Measure>

<Measure>
<Tx> 16 30 </Tx>
<Rx>
22 24
</Rx>
</Measure>

<Measure>
<Tx> 17 31 </Tx>
<Rx>
23 25
</Rx>
</Measure>

<Measure>
<Tx> 18 32 </Tx>
<Rx>
24 26
</Rx>
</Measure>

<Measure>
<Tx> 19 33 </Tx>
<Rx>
25 27
</Rx>
</Measure>

<Measure>
<Tx> 20 34 </Tx>
<Rx>
26 28
</Rx>
</Measure>

<Measure>
<Tx> 21 35 </Tx>
<Rx>
27 29
</Rx>
</Measure>

<Measure>
<Tx> 22 36 </Tx>
<Rx>
28 30
</Rx>
</Measure>

<Measure>
<Tx> 23 37 </Tx>
<Rx>
29 31
</Rx>
</Measure>

<Measure>
<Tx> 24 38 </Tx>
<Rx>
30 32
</Rx>
</Measure>

<Measure>
<Tx> 25 39 </Tx>
<Rx>
31 33
</Rx>
</Measure>

<Measure>
<Tx> 26 40 </Tx>
<Rx>
32 34
</Rx>
</Measure>

<Measure>
<Tx> 27 41 </Tx>
<Rx>
33 35
</Rx>
</Measure>

<Measure>
<Tx> 28 42 </Tx>
<Rx>
34 36
</Rx>
</Measure>

<Measure>
<Tx> 29 43 </Tx>
<Rx>
35 37
</Rx>
</Measure>

<Measure>
<Tx> 30 44 </Tx>
<Rx>
36 38
</Rx>
</Measure>

<Measure>
<Tx> 31 45 </Tx>
<Rx>
37 39
</Rx>
</Measure>

<Measure>
<Tx> 32 46 </Tx>
<Rx>
38 40
</Rx>
</Measure>

<Measure>
<Tx> 33 47 </Tx>
<Rx>
39 41
</Rx>
</Measure>

<Measure>
<Tx> 34 48 </Tx>
<Rx>
40 42
</Rx>
</Measure>

<Measure>
<Tx> 35 49 </Tx>
<Rx>
41 43
</Rx>
</Measure>

<Measure>
<Tx> 36 50 </Tx>
<Rx>
42 44
</Rx>
</Measure>

<Measure>
<Tx> 37 51 </Tx>
<Rx>
43 45
</Rx>
</Measure>

<Measure>
<Tx> 38 52 </Tx>
<Rx>
44 46
</Rx>
</Measure>

<Measure>
<Tx> 39 53 </Tx>
<Rx>
45 47
</Rx>
</Measure>

<Measure>
<Tx> 40 54 </Tx>
<Rx>
46 48
</Rx>
</Measure>

<Measure>
<Tx> 41 55 </Tx>
<Rx>
47 49
</Rx>
</Measure>

<Measure>
<Tx> 42 56 </Tx>
<Rx>
48 50
</Rx>
</Measure>

<Measure>
<Tx> 43 57 </Tx>
<Rx>
49 51
</Rx>
</Measure>

<Measure>
<Tx> 44 58 </Tx>
<Rx>
50 52
</Rx>
</Measure>

<Measure>
<Tx> 45 59 </Tx>
<Rx>
51 53
</Rx>
</Measure>

<Measure>
<Tx> 46 60 </Tx>
<Rx>
52 54
</Rx>
</Measure>

<Measure>
<Tx> 47 61 </Tx>
<Rx>
53 55
</Rx>
</Measure>

<Measure>
<Tx> 48 62 </Tx>
<Rx>
54 56
</Rx>
</Measure>

<Measure>
<Tx> 49 63 </Tx>
<Rx>
55 57
</Rx>
</Measure>

<Measure>
<Tx> 50 64 </Tx>
<Rx>
56 58
</Rx>
</Measure>

<Measure>
<Tx> 1 11 </Tx>
<Rx>
5 7
</Rx>
</Measure>

<Measure>
<Tx> 2 12 </Tx>
<Rx>
6 8
</Rx>
</Measure>

<Measure>
<Tx> 3 13 </Tx>
<Rx>
7 9
</Rx>
</Measure>

<Measure>
<Tx> 4 14 </Tx>
<Rx>
8 10
</Rx>
</Measure>

<Measure>
<Tx> 5 15 </Tx>
<Rx>
9 11
</Rx>
</Measure>

<Measure>
<Tx> 6 16 </Tx>
<Rx>
10 12
</Rx>
</Measure>

<Measure>
<Tx> 7 17 </Tx>
<Rx>
11 13
</Rx>
</Measure>

<Measure>
<Tx> 8 18 </Tx>
<Rx>
12 14
</Rx>
</Measure>

<Measure>
<Tx> 9 19 </Tx>
<Rx>
13 15
</Rx>
</Measure>

<Measure>
<Tx> 10 20 </Tx>
<Rx>
14 16
</Rx>
</Measure>

<Measure>
<Tx> 11 21 </Tx>
<Rx>
15 17
</Rx>
</Measure>

<Measure>
<Tx> 12 22 </Tx>
<Rx>
16 18
</Rx>
</Measure>

<Measure>
<Tx> 13 23 </Tx>
<Rx>
17 19
</Rx>
</Measure>

<Measure>
<Tx> 14 24 </Tx>
<Rx>
18 20
</Rx>
</Measure>

<Measure>
<Tx> 15 25 </Tx>
<Rx>
19 21
</Rx>
</Measure>

<Measure>
<Tx> 16 26 </Tx>
<Rx>
20 22
</Rx>
</Measure>

<Measure>
<Tx> 17 27 </Tx>
<Rx>
21 23
</Rx>
</Measure>

<Measure>
<Tx> 18 28 </Tx>
<Rx>
22 24
</Rx>
</Measure>

<Measure>
<Tx> 19 29 </Tx>
<Rx>
23 25
</Rx>
</Measure>

<Measure>
<Tx> 20 30 </Tx>
<Rx>
24 26
</Rx>
</Measure>

<Measure>
<Tx> 21 31 </Tx>
<Rx>
25 27
</Rx>
</Measure>

<Measure>
<Tx> 22 32 </Tx>
<Rx>
26 28
</Rx>
</Measure>

<Measure>
<Tx> 23 33 </Tx>
<Rx>
27 29
</Rx>
</Measure>

<Measure>
<Tx> 24 34 </Tx>
<Rx>
28 30
</Rx>
</Measure>

<Measure>
<Tx> 25 35 </Tx>
<Rx>
29 31
</Rx>
</Measure>

<Measure>
<Tx> 26 36 </Tx>
<Rx>
30 32
</Rx>
</Measure>

<Measure>
<Tx> 27 37 </Tx>
<Rx>
31 33
</Rx>
</Measure>

<Measure>
<Tx> 28 38 </Tx>
<Rx>
32 34
</Rx>
</Measure>

<Measure>
<Tx> 29 39 </Tx>
<Rx>
33 35
</Rx>
</Measure>

<Measure>
<Tx> 30 40 </Tx>
<Rx>
34 36
</Rx>
</Measure>

<Measure>
<Tx> 31 41 </Tx>
<Rx>
35 37
</Rx>
</Measure>

<Measure>
<Tx> 32 42 </Tx>
<Rx>
36 38
</Rx>
</Measure>

<Measure>
<Tx> 33 43 </Tx>
<Rx>
37 39
</Rx>
</Measure>

<Measure>
<Tx> 34 44 </Tx>
<Rx>
38 40
</Rx>
</Measure>

<Measure>
<Tx> 35 45 </Tx>
<Rx>
39 41
</Rx>
</Measure>

<Measure>
<Tx> 36 46 </Tx>
<Rx>
40 42
</Rx>
</Measure>

<Measure>
<Tx> 37 47 </Tx>
<Rx>
41 43
</Rx>
</Measure>

<Measure>
<Tx> 38 48 </Tx>
<Rx>
42 44
</Rx>
</Measure>

<Measure>
<Tx> 39 49 </Tx>
<Rx>
43 45
</Rx>
</Measure>

<Measure>
<Tx> 40 50 </Tx>
<Rx>
44 46
</Rx>
</Measure>

<Measure>
<Tx> 41 51 </Tx>
<Rx>
45 47
</Rx>
</Measure>

<Measure>
<Tx> 42 52 </Tx>
<Rx>
46 48
</Rx>
</Measure>

<Measure>
<Tx> 43 53 </Tx>
<Rx>
47 49
</Rx>
</Measure>

<Measure>
<Tx> 44 54 </Tx>
<Rx>
48 50
</Rx>
</Measure>

<Measure>
<Tx> 45 55 </Tx>
<Rx>
49 51
</Rx>
</Measure>

<Measure>
<Tx> 46 56 </Tx>
<Rx>
50 52
</Rx>
</Measure>

<Measure>
<Tx> 47 57 </Tx>
<Rx>
51 53
</Rx>
</Measure>

<Measure>
<Tx> 48 58 </Tx>
<Rx>
52 54
</Rx>
</Measure>

<Measure>
<Tx> 49 59 </Tx>
<Rx>
53 55
</Rx>
</Measure>

<Measure>
<Tx> 50 60 </Tx>
<Rx>
54 56
</Rx>
</Measure>

<Measure>
<Tx> 51 61 </Tx>
<Rx>
55 57
</Rx>
</Measure>

<Measure>
<Tx> 52 62 </Tx>
<Rx>
56 58
</Rx>
</Measure>

<Measure>
<Tx> 53 63 </Tx>
<Rx>
57 59
</Rx>
</Measure>

<Measure>
<Tx> 54 64 </Tx>
<Rx>
58 60
</Rx>
</Measure>

<Measure>
<Tx> 1 7 </Tx>
<Rx>
3 5
</Rx>
</Measure>

<Measure>
<Tx> 2 8 </Tx>
<Rx>
4 6
</Rx>
</Measure>

<Measure>
<Tx> 3 9 </Tx>
<Rx>
5 7
</Rx>
</Measure>

<Measure>
<Tx> 4 10 </Tx>
<Rx>
6 8
</Rx>
</Measure>

<Measure>
<Tx> 5 11 </Tx>
<Rx>
7 9
</Rx>
</Measure>

<Measure>
<Tx> 6 12 </Tx>
<Rx>
8 10
</Rx>
</Measure>

<Measure>
<Tx> 7 13 </Tx>
<Rx>
9 11
</Rx>
</Measure>

<Measure>
<Tx> 8 14 </Tx>
<Rx>
10 12
</Rx>
</Measure>

<Measure>
<Tx> 9 15 </Tx>
<Rx>
11 13
</Rx>
</Measure>

<Measure>
<Tx> 10 16 </Tx>
<Rx>
12 14
</Rx>
</Measure>

<Measure>
<Tx> 11 17 </Tx>
<Rx>
13 15
</Rx>
</Measure>

<Measure>
<Tx> 12 18 </Tx>
<Rx>
14 16
</Rx>
</Measure>

<Measure>
<Tx> 13 19 </Tx>
<Rx>
15 17
</Rx>
</Measure>

<Measure>
<Tx> 14 20 </Tx>
<Rx>
16 18
</Rx>
</Measure>

<Measure>
<Tx> 15 21 </Tx>
<Rx>
17 19
</Rx>
</Measure>

<Measure>
<Tx> 16 22 </Tx>
<Rx>
18 20
</Rx>
</Measure>

<Measure>
<Tx> 17 23 </Tx>
<Rx>
19 21
</Rx>
</Measure>

<Measure>
<Tx> 18 24 </Tx>
<Rx>
20 22
</Rx>
</Measure>

<Measure>
<Tx> 19 25 </Tx>
<Rx>
21 23
</Rx>
</Measure>

<Measure>
<Tx> 20 26 </Tx>
<Rx>
22 24
</Rx>
</Measure>

<Measure>
<Tx> 21 27 </Tx>
<Rx>
23 25
</Rx>
</Measure>

<Measure>
<Tx> 22 28 </Tx>
<Rx>
24 26
</Rx>
</Measure>

<Measure>
<Tx> 23 29 </Tx>
<Rx>
25 27
</Rx>
</Measure>

<Measure>
<Tx> 24 30 </Tx>
<Rx>
26 28
</Rx>
</Measure>

<Measure>
<Tx> 25 31 </Tx>
<Rx>
27 29
</Rx>
</Measure>

<Measure>
<Tx> 26 32 </Tx>
<Rx>
28 30
</Rx>
</Measure>

<Measure>
<Tx> 27 33 </Tx>
<Rx>
29 31
</Rx>
</Measure>

<Measure>
<Tx> 28 34 </Tx>
<Rx>
30 32
</Rx>
</Measure>

<Measure>
<Tx> 29 35 </Tx>
<Rx>
31 33
</Rx>
</Measure>

<Measure>
<Tx> 30 36 </Tx>
<Rx>
32 34
</Rx>
</Measure>

<Measure>
<Tx> 31 37 </Tx>
<Rx>
33 35
</Rx>
</Measure>

<Measure>
<Tx> 32 38 </Tx>
<Rx>
34 36
</Rx>
</Measure>

<Measure>
<Tx> 33 39 </Tx>
<Rx>
35 37
</Rx>
</Measure>

<Measure>
<Tx> 34 40 </Tx>
<Rx>
36 38
</Rx>
</Measure>

<Measure>
<Tx> 35 41 </Tx>
<Rx>
37 39
</Rx>
</Measure>

<Measure>
<Tx> 36 42 </Tx>
<Rx>
38 40
</Rx>
</Measure>

<Measure>
<Tx> 37 43 </Tx>
<Rx>
39 41
</Rx>
</Measure>

<Measure>
<Tx> 38 44 </Tx>
<Rx>
40 42
</Rx>
</Measure>

<Measure>
<Tx> 39 45 </Tx>
<Rx>
41 43
</Rx>
</Measure>

<Measure>
<Tx> 40 46 </Tx>
<Rx>
42 44
</Rx>
</Measure>

<Measure>
<Tx> 41 47 </Tx>
<Rx>
43 45
</Rx>
</Measure>

<Measure>
<Tx> 42 48 </Tx>
<Rx>
44 46
</Rx>
</Measure>

<Measure>
<Tx> 43 49 </Tx>
<Rx>
45 47
</Rx>
</Measure>

<Measure>
<Tx> 44 50 </Tx>
<Rx>
46 48
</Rx>
</Measure>

<Measure>
<Tx> 45 51 </Tx>
<Rx>
47 49
</Rx>
</Measure>

<Measure>
<Tx> 46 52 </Tx>
<Rx>
48 50
</Rx>
</Measure>

<Measure>
<Tx> 47 53 </Tx>
<Rx>
49 51
</Rx>
</Measure>

<Measure>
<Tx> 48 54 </Tx>
<Rx>
50 52
</Rx>
</Measure>

<Measure>
<Tx> 49 55 </Tx>
<Rx>
51 53
</Rx>
</Measure>

<Measure>
<Tx> 50 56 </Tx>
<Rx>
52 54
</Rx>
</Measure>

<Measure>
<Tx> 51 57 </Tx>
<Rx>
53 55
</Rx>
</Measure>

<Measure>
<Tx> 52 58 </Tx>
<Rx>
54 56
</Rx>
</Measure>

<Measure>
<Tx> 53 59 </Tx>
<Rx>
55 57
</Rx>
</Measure>

<Measure>
<Tx> 54 60 </Tx>
<Rx>
56 58
</Rx>
</Measure>

<Measure>
<Tx> 55 61 </Tx>
<Rx>
57 59
</Rx>
</Measure>

<Measure>
<Tx> 56 62 </Tx>
<Rx>
58 60
</Rx>
</Measure>

<Measure>
<Tx> 57 63 </Tx>
<Rx>
59 61
</Rx>
</Measure>

<Measure>
<Tx> 58 64 </Tx>
<Rx>
60 62
</Rx>
</Measure>

<Measure>
<Tx> 1 16 </Tx>
<Rx>
8 9
</Rx>
</Measure>

<Measure>
<Tx> 2 17 </Tx>
<Rx>
9 10
</Rx>
</Measure>

<Measure>
<Tx> 3 18 </Tx>
<Rx>
10 11
</Rx>
</Measure>

<Measure>
<Tx> 4 19 </Tx>
<Rx>
11 12
</Rx>
</Measure>

<Measure>
<Tx> 5 20 </Tx>
<Rx>
12 13
</Rx>
</Measure>

<Measure>
<Tx> 6 21 </Tx>
<Rx>
13 14
</Rx>
</Measure>

<Measure>
<Tx> 7 22 </Tx>
<Rx>
14 15
</Rx>
</Measure>

<Measure>
<Tx> 8 23 </Tx>
<Rx>
15 16
</Rx>
</Measure>

<Measure>
<Tx> 9 24 </Tx>
<Rx>
16 17
</Rx>
</Measure>

<Measure>
<Tx> 10 25 </Tx>
<Rx>
17 18
</Rx>
</Measure>

<Measure>
<Tx> 11 26 </Tx>
<Rx>
18 19
</Rx>
</Measure>

<Measure>
<Tx> 12 27 </Tx>
<Rx>
19 20
</Rx>
</Measure>

<Measure>
<Tx> 13 28 </Tx>
<Rx>
20 21
</Rx>
</Measure>

<Measure>
<Tx> 14 29 </Tx>
<Rx>
21 22
</Rx>
</Measure>

<Measure>
<Tx> 15 30 </Tx>
<Rx>
22 23
</Rx>
</Measure>

<Measure>
<Tx> 16 31 </Tx>
<Rx>
23 24
</Rx>
</Measure>

<Measure>
<Tx> 17 32 </Tx>
<Rx>
24 25
</Rx>
</Measure>

<Measure>
<Tx> 18 33 </Tx>
<Rx>
25 26
</Rx>
</Measure>

<Measure>
<Tx> 19 34 </Tx>
<Rx>
26 27
</Rx>
</Measure>

<Measure>
<Tx> 20 35 </Tx>
<Rx>
27 28
</Rx>
</Measure>

<Measure>
<Tx> 21 36 </Tx>
<Rx>
28 29
</Rx>
</Measure>

<Measure>
<Tx> 22 37 </Tx>
<Rx>
29 30
</Rx>
</Measure>

<Measure>
<Tx> 23 38 </Tx>
<Rx>
30 31
</Rx>
</Measure>

<Measure>
<Tx> 24 39 </Tx>
<Rx>
31 32
</Rx>
</Measure>

<Measure>
<Tx> 25 40 </Tx>
<Rx>
32 33
</Rx>
</Measure>

<Measure>
<Tx> 26 41 </Tx>
<Rx>
33 34
</Rx>
</Measure>

<Measure>
<Tx> 27 42 </Tx>
<Rx>
34 35
</Rx>
</Measure>

<Measure>
<Tx> 28 43 </Tx>
<Rx>
35 36
</Rx>
</Measure>

<Measure>
<Tx> 29 44 </Tx>
<Rx>
36 37
</Rx>
</Measure>

<Measure>
<Tx> 30 45 </Tx>
<Rx>
37 38
</Rx>
</Measure>

<Measure>
<Tx> 31 46 </Tx>
<Rx>
38 39
</Rx>
</Measure>

<Measure>
<Tx> 32 47 </Tx>
<Rx>
39 40
</Rx>
</Measure>

<Measure>
<Tx> 33 48 </Tx>
<Rx>
40 41
</Rx>
</Measure>

<Measure>
<Tx> 34 49 </Tx>
<Rx>
41 42
</Rx>
</Measure>

<Measure>
<Tx> 35 50 </Tx>
<Rx>
42 43
</Rx>
</Measure>

<Measure>
<Tx> 36 51 </Tx>
<Rx>
43 44
</Rx>
</Measure>

<Measure>
<Tx> 37 52 </Tx>
<Rx>
44 45
</Rx>
</Measure>

<Measure>
<Tx> 38 53 </Tx>
<Rx>
45 46
</Rx>
</Measure>

<Measure>
<Tx> 39 54 </Tx>
<Rx>
46 47
</Rx>
</Measure>

<Measure>
<Tx> 40 55 </Tx>
<Rx>
47 48
</Rx>
</Measure>

<Measure>
<Tx> 41 56 </Tx>
<Rx>
48 49
</Rx>
</Measure>

<Measure>
<Tx> 42 57 </Tx>
<Rx>
49 50
</Rx>
</Measure>

<Measure>
<Tx> 43 58 </Tx>
<Rx>
50 51
</Rx>
</Measure>

<Measure>
<Tx> 44 59 </Tx>
<Rx>
51 52
</Rx>
</Measure>

<Measure>
<Tx> 45 60 </Tx>
<Rx>
52 53
</Rx>
</Measure>

<Measure>
<Tx> 46 61 </Tx>
<Rx>
53 54
</Rx>
</Measure>

<Measure>
<Tx> 47 62 </Tx>
<Rx>
54 55
</Rx>
</Measure>

<Measure>
<Tx> 48 63 </Tx>
<Rx>
55 56
</Rx>
</Measure>

<Measure>
<Tx> 49 64 </Tx>
<Rx>
56 57
</Rx>
</Measure>

<Measure>
<Tx> 1 14 </Tx>
<Rx>
7 8
</Rx>
</Measure>

<Measure>
<Tx> 2 15 </Tx>
<Rx>
8 9
</Rx>
</Measure>

<Measure>
<Tx> 3 16 </Tx>
<Rx>
9 10
</Rx>
</Measure>

<Measure>
<Tx> 4 17 </Tx>
<Rx>
10 11
</Rx>
</Measure>

<Measure>
<Tx> 5 18 </Tx>
<Rx>
11 12
</Rx>
</Measure>

<Measure>
<Tx> 6 19 </Tx>
<Rx>
12 13
</Rx>
</Measure>

<Measure>
<Tx> 7 20 </Tx>
<Rx>
13 14
</Rx>
</Measure>

<Measure>
<Tx> 8 21 </Tx>
<Rx>
14 15
</Rx>
</Measure>

<Measure>
<Tx> 9 22 </Tx>
<Rx>
15 16
</Rx>
</Measure>

<Measure>
<Tx> 10 23 </Tx>
<Rx>
16 17
</Rx>
</Measure>

<Measure>
<Tx> 11 24 </Tx>
<Rx>
17 18
</Rx>
</Measure>

<Measure>
<Tx> 12 25 </Tx>
<Rx>
18 19
</Rx>
</Measure>

<Measure>
<Tx> 13 26 </Tx>
<Rx>
19 20
</Rx>
</Measure>

<Measure>
<Tx> 14 27 </Tx>
<Rx>
20 21
</Rx>
</Measure>

<Measure>
<Tx> 15 28 </Tx>
<Rx>
21 22
</Rx>
</Measure>

<Measure>
<Tx> 16 29 </Tx>
<Rx>
22 23
</Rx>
</Measure>

<Measure>
<Tx> 17 30 </Tx>
<Rx>
23 24
</Rx>
</Measure>

<Measure>
<Tx> 18 31 </Tx>
<Rx>
24 25
</Rx>
</Measure>

<Measure>
<Tx> 19 32 </Tx>
<Rx>
25 26
</Rx>
</Measure>

<Measure>
<Tx> 20 33 </Tx>
<Rx>
26 27
</Rx>
</Measure>

<Measure>
<Tx> 21 34 </Tx>
<Rx>
27 28
</Rx>
</Measure>

<Measure>
<Tx> 22 35 </Tx>
<Rx>
28 29
</Rx>
</Measure>

<Measure>
<Tx> 23 36 </Tx>
<Rx>
29 30
</Rx>
</Measure>

<Measure>
<Tx> 24 37 </Tx>
<Rx>
30 31
</Rx>
</Measure>

<Measure>
<Tx> 25 38 </Tx>
<Rx>
31 32
</Rx>
</Measure>

<Measure>
<Tx> 26 39 </Tx>
<Rx>
32 33
</Rx>
</Measure>

<Measure>
<Tx> 27 40 </Tx>
<Rx>
33 34
</Rx>
</Measure>

<Measure>
<Tx> 28 41 </Tx>
<Rx>
34 35
</Rx>
</Measure>

<Measure>
<Tx> 29 42 </Tx>
<Rx>
35 36
</Rx>
</Measure>

<Measure>
<Tx> 30 43 </Tx>
<Rx>
36 37
</Rx>
</Measure>

<Measure>
<Tx> 31 44 </Tx>
<Rx>
37 38
</Rx>
</Measure>

<Measure>
<Tx> 32 45 </Tx>
<Rx>
38 39
</Rx>
</Measure>

<Measure>
<Tx> 33 46 </Tx>
<Rx>
39 40
</Rx>
</Measure>

<Measure>
<Tx> 34 47 </Tx>
<Rx>
40 41
</Rx>
</Measure>

<Measure>
<Tx> 35 48 </Tx>
<Rx>
41 42
</Rx>
</Measure>

<Measure>
<Tx> 36 49 </Tx>
<Rx>
42 43
</Rx>
</Measure>

<Measure>
<Tx> 37 50 </Tx>
<Rx>
43 44
</Rx>
</Measure>

<Measure>
<Tx> 38 51 </Tx>
<Rx>
44 45
</Rx>
</Measure>

<Measure>
<Tx> 39 52 </Tx>
<Rx>
45 46
</Rx>
</Measure>

<Measure>
<Tx> 40 53 </Tx>
<Rx>
46 47
</Rx>
</Measure>

<Measure>
<Tx> 41 54 </Tx>
<Rx>
47 48
</Rx>
</Measure>

<Measure>
<Tx> 42 55 </Tx>
<Rx>
48 49
</Rx>
</Measure>

<Measure>
<Tx> 43 56 </Tx>
<Rx>
49 50
</Rx>
</Measure>

<Measure>
<Tx> 44 57 </Tx>
<Rx>
50 51
</Rx>
</Measure>

<Measure>
<Tx> 45 58 </Tx>
<Rx>
51 52
</Rx>
</Measure>

<Measure>
<Tx> 46 59 </Tx>
<Rx>
52 53
</Rx>
</Measure>

<Measure>
<Tx> 47 60 </Tx>
<Rx>
53 54
</Rx>
</Measure>

<Measure>
<Tx> 48 61 </Tx>
<Rx>
54 55
</Rx>
</Measure>

<Measure>
<Tx> 49 62 </Tx>
<Rx>
55 56
</Rx>
</Measure>

<Measure>
<Tx> 50 63 </Tx>
<Rx>
56 57
</Rx>
</Measure>

<Measure>
<Tx> 51 64 </Tx>
<Rx>
57 58
</Rx>
</Measure>

<Measure>
<Tx> 1 12 </Tx>
<Rx>
6 7
</Rx>
</Measure>

<Measure>
<Tx> 2 13 </Tx>
<Rx>
7 8
</Rx>
</Measure>

<Measure>
<Tx> 3 14 </Tx>
<Rx>
8 9
</Rx>
</Measure>

<Measure>
<Tx> 4 15 </Tx>
<Rx>
9 10
</Rx>
</Measure>

<Measure>
<Tx> 5 16 </Tx>
<Rx>
10 11
</Rx>
</Measure>

<Measure>
<Tx> 6 17 </Tx>
<Rx>
11 12
</Rx>
</Measure>

<Measure>
<Tx> 7 18 </Tx>
<Rx>
12 13
</Rx>
</Measure>

<Measure>
<Tx> 8 19 </Tx>
<Rx>
13 14
</Rx>
</Measure>

<Measure>
<Tx> 9 20 </Tx>
<Rx>
14 15
</Rx>
</Measure>

<Measure>
<Tx> 10 21 </Tx>
<Rx>
15 16
</Rx>
</Measure>

<Measure>
<Tx> 11 22 </Tx>
<Rx>
16 17
</Rx>
</Measure>

<Measure>
<Tx> 12 23 </Tx>
<Rx>
17 18
</Rx>
</Measure>

<Measure>
<Tx> 13 24 </Tx>
<Rx>
18 19
</Rx>
</Measure>

<Measure>
<Tx> 14 25 </Tx>
<Rx>
19 20
</Rx>
</Measure>

<Measure>
<Tx> 15 26 </Tx>
<Rx>
20 21
</Rx>
</Measure>

<Measure>
<Tx> 16 27 </Tx>
<Rx>
21 22
</Rx>
</Measure>

<Measure>
<Tx> 17 28 </Tx>
<Rx>
22 23
</Rx>
</Measure>

<Measure>
<Tx> 18 29 </Tx>
<Rx>
23 24
</Rx>
</Measure>

<Measure>
<Tx> 19 30 </Tx>
<Rx>
24 25
</Rx>
</Measure>

<Measure>
<Tx> 20 31 </Tx>
<Rx>
25 26
</Rx>
</Measure>

<Measure>
<Tx> 21 32 </Tx>
<Rx>
26 27
</Rx>
</Measure>

<Measure>
<Tx> 22 33 </Tx>
<Rx>
27 28
</Rx>
</Measure>

<Measure>
<Tx> 23 34 </Tx>
<Rx>
28 29
</Rx>
</Measure>

<Measure>
<Tx> 24 35 </Tx>
<Rx>
29 30
</Rx>
</Measure>

<Measure>
<Tx> 25 36 </Tx>
<Rx>
30 31
</Rx>
</Measure>

<Measure>
<Tx> 26 37 </Tx>
<Rx>
31 32
</Rx>
</Measure>

<Measure>
<Tx> 27 38 </Tx>
<Rx>
32 33
</Rx>
</Measure>

<Measure>
<Tx> 28 39 </Tx>
<Rx>
33 34
</Rx>
</Measure>

<Measure>
<Tx> 29 40 </Tx>
<Rx>
34 35
</Rx>
</Measure>

<Measure>
<Tx> 30 41 </Tx>
<Rx>
35 36
</Rx>
</Measure>

<Measure>
<Tx> 31 42 </Tx>
<Rx>
36 37
</Rx>
</Measure>

<Measure>
<Tx> 32 43 </Tx>
<Rx>
37 38
</Rx>
</Measure>

<Measure>
<Tx> 33 44 </Tx>
<Rx>
38 39
</Rx>
</Measure>

<Measure>
<Tx> 34 45 </Tx>
<Rx>
39 40
</Rx>
</Measure>

<Measure>
<Tx> 35 46 </Tx>
<Rx>
40 41
</Rx>
</Measure>

<Measure>
<Tx> 36 47 </Tx>
<Rx>
41 42
</Rx>
</Measure>

<Measure>
<Tx> 37 48 </Tx>
<Rx>
42 43
</Rx>
</Measure>

<Measure>
<Tx> 38 49 </Tx>
<Rx>
43 44
</Rx>
</Measure>

<Measure>
<Tx> 39 50 </Tx>
<Rx>
44 45
</Rx>
</Measure>

<Measure>
<Tx> 40 51 </Tx>
<Rx>
45 46
</Rx>
</Measure>

<Measure>
<Tx> 41 52 </Tx>
<Rx>
46 47
</Rx>
</Measure>

<Measure>
<Tx> 42 53 </Tx>
<Rx>
47 48
</Rx>
</Measure>

<Measure>
<Tx> 43 54 </Tx>
<Rx>
48 49
</Rx>
</Measure>

<Measure>
<Tx> 44 55 </Tx>
<Rx>
49 50
</Rx>
</Measure>

<Measure>
<Tx> 45 56 </Tx>
<Rx>
50 51
</Rx>
</Measure>

<Measure>
<Tx> 46 57 </Tx>
<Rx>
51 52
</Rx>
</Measure>

<Measure>
<Tx> 47 58 </Tx>
<Rx>
52 53
</Rx>
</Measure>

<Measure>
<Tx> 48 59 </Tx>
<Rx>
53 54
</Rx>
</Measure>

<Measure>
<Tx> 49 60 </Tx>
<Rx>
54 55
</Rx>
</Measure>

<Measure>
<Tx> 50 61 </Tx>
<Rx>
55 56
</Rx>
</Measure>

<Measure>
<Tx> 51 62 </Tx>
<Rx>
56 57
</Rx>
</Measure>

<Measure>
<Tx> 52 63 </Tx>
<Rx>
57 58
</Rx>
</Measure>

<Measure>
<Tx> 53 64 </Tx>
<Rx>
58 59
</Rx>
</Measure>

<Measure>
<Tx> 1 10 </Tx>
<Rx>
5 6
</Rx>
</Measure>

<Measure>
<Tx> 2 11 </Tx>
<Rx>
6 7
</Rx>
</Measure>

<Measure>
<Tx> 3 12 </Tx>
<Rx>
7 8
</Rx>
</Measure>

<Measure>
<Tx> 4 13 </Tx>
<Rx>
8 9
</Rx>
</Measure>

<Measure>
<Tx> 5 14 </Tx>
<Rx>
9 10
</Rx>
</Measure>

<Measure>
<Tx> 6 15 </Tx>
<Rx>
10 11
</Rx>
</Measure>

<Measure>
<Tx> 7 16 </Tx>
<Rx>
11 12
</Rx>
</Measure>

<Measure>
<Tx> 8 17 </Tx>
<Rx>
12 13
</Rx>
</Measure>

<Measure>
<Tx> 9 18 </Tx>
<Rx>
13 14
</Rx>
</Measure>

<Measure>
<Tx> 10 19 </Tx>
<Rx>
14 15
</Rx>
</Measure>

<Measure>
<Tx> 11 20 </Tx>
<Rx>
15 16
</Rx>
</Measure>

<Measure>
<Tx> 12 21 </Tx>
<Rx>
16 17
</Rx>
</Measure>

<Measure>
<Tx> 13 22 </Tx>
<Rx>
17 18
</Rx>
</Measure>

<Measure>
<Tx> 14 23 </Tx>
<Rx>
18 19
</Rx>
</Measure>

<Measure>
<Tx> 15 24 </Tx>
<Rx>
19 20
</Rx>
</Measure>

<Measure>
<Tx> 16 25 </Tx>
<Rx>
20 21
</Rx>
</Measure>

<Measure>
<Tx> 17 26 </Tx>
<Rx>
21 22
</Rx>
</Measure>

<Measure>
<Tx> 18 27 </Tx>
<Rx>
22 23
</Rx>
</Measure>

<Measure>
<Tx> 19 28 </Tx>
<Rx>
23 24
</Rx>
</Measure>

<Measure>
<Tx> 20 29 </Tx>
<Rx>
24 25
</Rx>
</Measure>

<Measure>
<Tx> 21 30 </Tx>
<Rx>
25 26
</Rx>
</Measure>

<Measure>
<Tx> 22 31 </Tx>
<Rx>
26 27
</Rx>
</Measure>

<Measure>
<Tx> 23 32 </Tx>
<Rx>
27 28
</Rx>
</Measure>

<Measure>
<Tx> 24 33 </Tx>
<Rx>
28 29
</Rx>
</Measure>

<Measure>
<Tx> 25 34 </Tx>
<Rx>
29 30
</Rx>
</Measure>

<Measure>
<Tx> 26 35 </Tx>
<Rx>
30 31
</Rx>
</Measure>

<Measure>
<Tx> 27 36 </Tx>
<Rx>
31 32
</Rx>
</Measure>

<Measure>
<Tx> 28 37 </Tx>
<Rx>
32 33
</Rx>
</Measure>

<Measure>
<Tx> 29 38 </Tx>
<Rx>
33 34
</Rx>
</Measure>

<Measure>
<Tx> 30 39 </Tx>
<Rx>
34 35
</Rx>
</Measure>

<Measure>
<Tx> 31 40 </Tx>
<Rx>
35 36
</Rx>
</Measure>

<Measure>
<Tx> 32 41 </Tx>
<Rx>
36 37
</Rx>
</Measure>

<Measure>
<Tx> 33 42 </Tx>
<Rx>
37 38
</Rx>
</Measure>

<Measure>
<Tx> 34 43 </Tx>
<Rx>
38 39
</Rx>
</Measure>

<Measure>
<Tx> 35 44 </Tx>
<Rx>
39 40
</Rx>
</Measure>

<Measure>
<Tx> 36 45 </Tx>
<Rx>
40 41
</Rx>
</Measure>

<Measure>
<Tx> 37 46 </Tx>
<Rx>
41 42
</Rx>
</Measure>

<Measure>
<Tx> 38 47 </Tx>
<Rx>
42 43
</Rx>
</Measure>

<Measure>
<Tx> 39 48 </Tx>
<Rx>
43 44
</Rx>
</Measure>

<Measure>
<Tx> 40 49 </Tx>
<Rx>
44 45
</Rx>
</Measure>

<Measure>
<Tx> 41 50 </Tx>
<Rx>
45 46
</Rx>
</Measure>

<Measure>
<Tx> 42 51 </Tx>
<Rx>
46 47
</Rx>
</Measure>

<Measure>
<Tx> 43 52 </Tx>
<Rx>
47 48
</Rx>
</Measure>

<Measure>
<Tx> 44 53 </Tx>
<Rx>
48 49
</Rx>
</Measure>

<Measure>
<Tx> 45 54 </Tx>
<Rx>
49 50
</Rx>
</Measure>

<Measure>
<Tx> 46 55 </Tx>
<Rx>
50 51
</Rx>
</Measure>

<Measure>
<Tx> 47 56 </Tx>
<Rx>
51 52
</Rx>
</Measure>

<Measure>
<Tx> 48 57 </Tx>
<Rx>
52 53
</Rx>
</Measure>

<Measure>
<Tx> 49 58 </Tx>
<Rx>
53 54
</Rx>
</Measure>

<Measure>
<Tx> 50 59 </Tx>
<Rx>
54 55
</Rx>
</Measure>

<Measure>
<Tx> 51 60 </Tx>
<Rx>
55 56
</Rx>
</Measure>

<Measure>
<Tx> 52 61 </Tx>
<Rx>
56 57
</Rx>
</Measure>

<Measure>
<Tx> 53 62 </Tx>
<Rx>
57 58
</Rx>
</Measure>

<Measure>
<Tx> 54 63 </Tx>
<Rx>
58 59
</Rx>
</Measure>

<Measure>
<Tx> 55 64 </Tx>
<Rx>
59 60
</Rx>
</Measure>

<Measure>
<Tx> 1 8 </Tx>
<Rx>
4 5
</Rx>
</Measure>

<Measure>
<Tx> 2 9 </Tx>
<Rx>
5 6
</Rx>
</Measure>

<Measure>
<Tx> 3 10 </Tx>
<Rx>
6 7
</Rx>
</Measure>

<Measure>
<Tx> 4 11 </Tx>
<Rx>
7 8
</Rx>
</Measure>

<Measure>
<Tx> 5 12 </Tx>
<Rx>
8 9
</Rx>
</Measure>

<Measure>
<Tx> 6 13 </Tx>
<Rx>
9 10
</Rx>
</Measure>

<Measure>
<Tx> 7 14 </Tx>
<Rx>
10 11
</Rx>
</Measure>

<Measure>
<Tx> 8 15 </Tx>
<Rx>
11 12
</Rx>
</Measure>

<Measure>
<Tx> 9 16 </Tx>
<Rx>
12 13
</Rx>
</Measure>

<Measure>
<Tx> 10 17 </Tx>
<Rx>
13 14
</Rx>
</Measure>

<Measure>
<Tx> 11 18 </Tx>
<Rx>
14 15
</Rx>
</Measure>

<Measure>
<Tx> 12 19 </Tx>
<Rx>
15 16
</Rx>
</Measure>

<Measure>
<Tx> 13 20 </Tx>
<Rx>
16 17
</Rx>
</Measure>

<Measure>
<Tx> 14 21 </Tx>
<Rx>
17 18
</Rx>
</Measure>

<Measure>
<Tx> 15 22 </Tx>
<Rx>
18 19
</Rx>
</Measure>

<Measure>
<Tx> 16 23 </Tx>
<Rx>
19 20
</Rx>
</Measure>

<Measure>
<Tx> 17 24 </Tx>
<Rx>
20 21
</Rx>
</Measure>

<Measure>
<Tx> 18 25 </Tx>
<Rx>
21 22
</Rx>
</Measure>

<Measure>
<Tx> 19 26 </Tx>
<Rx>
22 23
</Rx>
</Measure>

<Measure>
<Tx> 20 27 </Tx>
<Rx>
23 24
</Rx>
</Measure>

<Measure>
<Tx> 21 28 </Tx>
<Rx>
24 25
</Rx>
</Measure>

<Measure>
<Tx> 22 29 </Tx>
<Rx>
25 26
</Rx>
</Measure>

<Measure>
<Tx> 23 30 </Tx>
<Rx>
26 27
</Rx>
</Measure>

<Measure>
<Tx> 24 31 </Tx>
<Rx>
27 28
</Rx>
</Measure>

<Measure>
<Tx> 25 32 </Tx>
<Rx>
28 29
</Rx>
</Measure>

<Measure>
<Tx> 26 33 </Tx>
<Rx>
29 30
</Rx>
</Measure>

<Measure>
<Tx> 27 34 </Tx>
<Rx>
30 31
</Rx>
</Measure>

<Measure>
<Tx> 28 35 </Tx>
<Rx>
31 32
</Rx>
</Measure>

<Measure>
<Tx> 29 36 </Tx>
<Rx>
32 33
</Rx>
</Measure>

<Measure>
<Tx> 30 37 </Tx>
<Rx>
33 34
</Rx>
</Measure>

<Measure>
<Tx> 31 38 </Tx>
<Rx>
34 35
</Rx>
</Measure>

<Measure>
<Tx> 32 39 </Tx>
<Rx>
35 36
</Rx>
</Measure>

<Measure>
<Tx> 33 40 </Tx>
<Rx>
36 37
</Rx>
</Measure>

<Measure>
<Tx> 34 41 </Tx>
<Rx>
37 38
</Rx>
</Measure>

<Measure>
<Tx> 35 42 </Tx>
<Rx>
38 39
</Rx>
</Measure>

<Measure>
<Tx> 36 43 </Tx>
<Rx>
39 40
</Rx>
</Measure>

<Measure>
<Tx> 37 44 </Tx>
<Rx>
40 41
</Rx>
</Measure>

<Measure>
<Tx> 38 45 </Tx>
<Rx>
41 42
</Rx>
</Measure>

<Measure>
<Tx> 39 46 </Tx>
<Rx>
42 43
</Rx>
</Measure>

<Measure>
<Tx> 40 47 </Tx>
<Rx>
43 44
</Rx>
</Measure>

<Measure>
<Tx> 41 48 </Tx>
<Rx>
44 45
</Rx>
</Measure>

<Measure>
<Tx> 42 49 </Tx>
<Rx>
45 46
</Rx>
</Measure>

<Measure>
<Tx> 43 50 </Tx>
<Rx>
46 47
</Rx>
</Measure>

<Measure>
<Tx> 44 51 </Tx>
<Rx>
47 48
</Rx>
</Measure>

<Measure>
<Tx> 45 52 </Tx>
<Rx>
48 49
</Rx>
</Measure>

<Measure>
<Tx> 46 53 </Tx>
<Rx>
49 50
</Rx>
</Measure>

<Measure>
<Tx> 47 54 </Tx>
<Rx>
50 51
</Rx>
</Measure>

<Measure>
<Tx> 48 55 </Tx>
<Rx>
51 52
</Rx>
</Measure>

<Measure>
<Tx> 49 56 </Tx>
<Rx>
52 53
</Rx>
</Measure>

<Measure>
<Tx> 50 57 </Tx>
<Rx>
53 54
</Rx>
</Measure>

<Measure>
<Tx> 51 58 </Tx>
<Rx>
54 55
</Rx>
</Measure>

<Measure>
<Tx> 52 59 </Tx>
<Rx>
55 56
</Rx>
</Measure>

<Measure>
<Tx> 53 60 </Tx>
<Rx>
56 57
</Rx>
</Measure>

<Measure>
<Tx> 54 61 </Tx>
<Rx>
57 58
</Rx>
</Measure>

<Measure>
<Tx> 55 62 </Tx>
<Rx>
58 59
</Rx>
</Measure>

<Measure>
<Tx> 56 63 </Tx>
<Rx>
59 60
</Rx>
</Measure>

<Measure>
<Tx> 57 64 </Tx>
<Rx>
60 61
</Rx>
</Measure>

<Measure>
<Tx> 1 6 </Tx>
<Rx>
3 4
</Rx>
</Measure>

<Measure>
<Tx> 2 7 </Tx>
<Rx>
4 5
</Rx>
</Measure>

<Measure>
<Tx> 3 8 </Tx>
<Rx>
5 6
</Rx>
</Measure>

<Measure>
<Tx> 4 9 </Tx>
<Rx>
6 7
</Rx>
</Measure>

<Measure>
<Tx> 5 10 </Tx>
<Rx>
7 8
</Rx>
</Measure>

<Measure>
<Tx> 6 11 </Tx>
<Rx>
8 9
</Rx>
</Measure>

<Measure>
<Tx> 7 12 </Tx>
<Rx>
9 10
</Rx>
</Measure>

<Measure>
<Tx> 8 13 </Tx>
<Rx>
10 11
</Rx>
</Measure>

<Measure>
<Tx> 9 14 </Tx>
<Rx>
11 12
</Rx>
</Measure>

<Measure>
<Tx> 10 15 </Tx>
<Rx>
12 13
</Rx>
</Measure>

<Measure>
<Tx> 11 16 </Tx>
<Rx>
13 14
</Rx>
</Measure>

<Measure>
<Tx> 12 17 </Tx>
<Rx>
14 15
</Rx>
</Measure>

<Measure>
<Tx> 13 18 </Tx>
<Rx>
15 16
</Rx>
</Measure>

<Measure>
<Tx> 14 19 </Tx>
<Rx>
16 17
</Rx>
</Measure>

<Measure>
<Tx> 15 20 </Tx>
<Rx>
17 18
</Rx>
</Measure>

<Measure>
<Tx> 16 21 </Tx>
<Rx>
18 19
</Rx>
</Measure>

<Measure>
<Tx> 17 22 </Tx>
<Rx>
19 20
</Rx>
</Measure>

<Measure>
<Tx> 18 23 </Tx>
<Rx>
20 21
</Rx>
</Measure>

<Measure>
<Tx> 19 24 </Tx>
<Rx>
21 22
</Rx>
</Measure>

<Measure>
<Tx> 20 25 </Tx>
<Rx>
22 23
</Rx>
</Measure>

<Measure>
<Tx> 21 26 </Tx>
<Rx>
23 24
</Rx>
</Measure>

<Measure>
<Tx> 22 27 </Tx>
<Rx>
24 25
</Rx>
</Measure>

<Measure>
<Tx> 23 28 </Tx>
<Rx>
25 26
</Rx>
</Measure>

<Measure>
<Tx> 24 29 </Tx>
<Rx>
26 27
</Rx>
</Measure>

<Measure>
<Tx> 25 30 </Tx>
<Rx>
27 28
</Rx>
</Measure>

<Measure>
<Tx> 26 31 </Tx>
<Rx>
28 29
</Rx>
</Measure>

<Measure>
<Tx> 27 32 </Tx>
<Rx>
29 30
</Rx>
</Measure>

<Measure>
<Tx> 28 33 </Tx>
<Rx>
30 31
</Rx>
</Measure>

<Measure>
<Tx> 29 34 </Tx>
<Rx>
31 32
</Rx>
</Measure>

<Measure>
<Tx> 30 35 </Tx>
<Rx>
32 33
</Rx>
</Measure>

<Measure>
<Tx> 31 36 </Tx>
<Rx>
33 34
</Rx>
</Measure>

<Measure>
<Tx> 32 37 </Tx>
<Rx>
34 35
</Rx>
</Measure>

<Measure>
<Tx> 33 38 </Tx>
<Rx>
35 36
</Rx>
</Measure>

<Measure>
<Tx> 34 39 </Tx>
<Rx>
36 37
</Rx>
</Measure>

<Measure>
<Tx> 35 40 </Tx>
<Rx>
37 38
</Rx>
</Measure>

<Measure>
<Tx> 36 41 </Tx>
<Rx>
38 39
</Rx>
</Measure>

<Measure>
<Tx> 37 42 </Tx>
<Rx>
39 40
</Rx>
</Measure>

<Measure>
<Tx> 38 43 </Tx>
<Rx>
40 41
</Rx>
</Measure>

<Measure>
<Tx> 39 44 </Tx>
<Rx>
41 42
</Rx>
</Measure>

<Measure>
<Tx> 40 45 </Tx>
<Rx>
42 43
</Rx>
</Measure>

<Measure>
<Tx> 41 46 </Tx>
<Rx>
43 44
</Rx>
</Measure>

<Measure>
<Tx> 42 47 </Tx>
<Rx>
44 45
</Rx>
</Measure>

<Measure>
<Tx> 43 48 </Tx>
<Rx>
45 46
</Rx>
</Measure>

<Measure>
<Tx> 44 49 </Tx>
<Rx>
46 47
</Rx>
</Measure>

<Measure>
<Tx> 45 50 </Tx>
<Rx>
47 48
</Rx>
</Measure>

<Measure>
<Tx> 46 51 </Tx>
<Rx>
48 49
</Rx>
</Measure>

<Measure>
<Tx> 47 52 </Tx>
<Rx>
49 50
</Rx>
</Measure>

<Measure>
<Tx> 48 53 </Tx>
<Rx>
50 51
</Rx>
</Measure>

<Measure>
<Tx> 49 54 </Tx>
<Rx>
51 52
</Rx>
</Measure>

<Measure>
<Tx> 50 55 </Tx>
<Rx>
52 53
</Rx>
</Measure>

<Measure>
<Tx> 51 56 </Tx>
<Rx>
53 54
</Rx>
</Measure>

<Measure>
<Tx> 52 57 </Tx>
<Rx>
54 55
</Rx>
</Measure>

<Measure>
<Tx> 53 58 </Tx>
<Rx>
55 56
</Rx>
</Measure>

<Measure>
<Tx> 54 59 </Tx>
<Rx>
56 57
</Rx>
</Measure>

<Measure>
<Tx> 55 60 </Tx>
<Rx>
57 58
</Rx>
</Measure>

<Measure>
<Tx> 56 61 </Tx>
<Rx>
58 59
</Rx>
</Measure>

<Measure>
<Tx> 57 62 </Tx>
<Rx>
59 60
</Rx>
</Measure>

<Measure>
<Tx> 58 63 </Tx>
<Rx>
60 61
</Rx>
</Measure>

<Measure>
<Tx> 59 64 </Tx>
<Rx>
61 62
</Rx>
</Measure>

<Measure>
<Tx> 1 4 </Tx>
<Rx>
2 3
</Rx>
</Measure>

<Measure>
<Tx> 2 5 </Tx>
<Rx>
3 4
</Rx>
</Measure>

<Measure>
<Tx> 3 6 </Tx>
<Rx>
4 5
</Rx>
</Measure>

<Measure>
<Tx> 4 7 </Tx>
<Rx>
5 6
</Rx>
</Measure>

<Measure>
<Tx> 5 8 </Tx>
<Rx>
6 7
</Rx>
</Measure>

<Measure>
<Tx> 6 9 </Tx>
<Rx>
7 8
</Rx>
</Measure>

<Measure>
<Tx> 7 10 </Tx>
<Rx>
8 9
</Rx>
</Measure>

<Measure>
<Tx> 8 11 </Tx>
<Rx>
9 10
</Rx>
</Measure>

<Measure>
<Tx> 9 12 </Tx>
<Rx>
10 11
</Rx>
</Measure>

<Measure>
<Tx> 10 13 </Tx>
<Rx>
11 12
</Rx>
</Measure>

<Measure>
<Tx> 11 14 </Tx>
<Rx>
12 13
</Rx>
</Measure>

<Measure>
<Tx> 12 15 </Tx>
<Rx>
13 14
</Rx>
</Measure>

<Measure>
<Tx> 13 16 </Tx>
<Rx>
14 15
</Rx>
</Measure>

<Measure>
<Tx> 14 17 </Tx>
<Rx>
15 16
</Rx>
</Measure>

<Measure>
<Tx> 15 18 </Tx>
<Rx>
16 17
</Rx>
</Measure>

<Measure>
<Tx> 16 19 </Tx>
<Rx>
17 18
</Rx>
</Measure>

<Measure>
<Tx> 17 20 </Tx>
<Rx>
18 19
</Rx>
</Measure>

<Measure>
<Tx> 18 21 </Tx>
<Rx>
19 20
</Rx>
</Measure>

<Measure>
<Tx> 19 22 </Tx>
<Rx>
20 21
</Rx>
</Measure>

<Measure>
<Tx> 20 23 </Tx>
<Rx>
21 22
</Rx>
</Measure>

<Measure>
<Tx> 21 24 </Tx>
<Rx>
22 23
</Rx>
</Measure>

<Measure>
<Tx> 22 25 </Tx>
<Rx>
23 24
</Rx>
</Measure>

<Measure>
<Tx> 23 26 </Tx>
<Rx>
24 25
</Rx>
</Measure>

<Measure>
<Tx> 24 27 </Tx>
<Rx>
25 26
</Rx>
</Measure>

<Measure>
<Tx> 25 28 </Tx>
<Rx>
26 27
</Rx>
</Measure>

<Measure>
<Tx> 26 29 </Tx>
<Rx>
27 28
</Rx>
</Measure>

<Measure>
<Tx> 27 30 </Tx>
<Rx>
28 29
</Rx>
</Measure>

<Measure>
<Tx> 28 31 </Tx>
<Rx>
29 30
</Rx>
</Measure>

<Measure>
<Tx> 29 32 </Tx>
<Rx>
30 31
</Rx>
</Measure>

<Measure>
<Tx> 30 33 </Tx>
<Rx>
31 32
</Rx>
</Measure>

<Measure>
<Tx> 31 34 </Tx>
<Rx>
32 33
</Rx>
</Measure>

<Measure>
<Tx> 32 35 </Tx>
<Rx>
33 34
</Rx>
</Measure>

<Measure>
<Tx> 33 36 </Tx>
<Rx>
34 35
</Rx>
</Measure>

<Measure>
<Tx> 34 37 </Tx>
<Rx>
35 36
</Rx>
</Measure>

<Measure>
<Tx> 35 38 </Tx>
<Rx>
36 37
</Rx>
</Measure>

<Measure>
<Tx> 36 39 </Tx>
<Rx>
37 38
</Rx>
</Measure>

<Measure>
<Tx> 37 40 </Tx>
<Rx>
38 39
</Rx>
</Measure>

<Measure>
<Tx> 38 41 </Tx>
<Rx>
39 40
</Rx>
</Measure>

<Measure>
<Tx> 39 42 </Tx>
<Rx>
40 41
</Rx>
</Measure>

<Measure>
<Tx> 40 43 </Tx>
<Rx>
41 42
</Rx>
</Measure>

<Measure>
<Tx> 41 44 </Tx>
<Rx>
42 43
</Rx>
</Measure>

<Measure>
<Tx> 42 45 </Tx>
<Rx>
43 44
</Rx>
</Measure>

<Measure>
<Tx> 43 46 </Tx>
<Rx>
44 45
</Rx>
</Measure>

<Measure>
<Tx> 44 47 </Tx>
<Rx>
45 46
</Rx>
</Measure>

<Measure>
<Tx> 45 48 </Tx>
<Rx>
46 47
</Rx>
</Measure>

<Measure>
<Tx> 46 49 </Tx>
<Rx>
47 48
</Rx>
</Measure>

<Measure>
<Tx> 47 50 </Tx>
<Rx>
48 49
</Rx>
</Measure>

<Measure>
<Tx> 48 51 </Tx>
<Rx>
49 50
</Rx>
</Measure>

<Measure>
<Tx> 49 52 </Tx>
<Rx>
50 51
</Rx>
</Measure>

<Measure>
<Tx> 50 53 </Tx>
<Rx>
51 52
</Rx>
</Measure>

<Measure>
<Tx> 51 54 </Tx>
<Rx>
52 53
</Rx>
</Measure>

<Measure>
<Tx> 52 55 </Tx>
<Rx>
53 54
</Rx>
</Measure>

<Measure>
<Tx> 53 56 </Tx>
<Rx>
54 55
</Rx>
</Measure>

<Measure>
<Tx> 54 57 </Tx>
<Rx>
55 56
</Rx>
</Measure>

<Measure>
<Tx> 55 58 </Tx>
<Rx>
56 57
</Rx>
</Measure>

<Measure>
<Tx> 56 59 </Tx>
<Rx>
57 58
</Rx>
</Measure>

<Measure>
<Tx> 57 60 </Tx>
<Rx>
58 59
</Rx>
</Measure>

<Measure>
<Tx> 58 61 </Tx>
<Rx>
59 60
</Rx>
</Measure>

<Measure>
<Tx> 59 62 </Tx>
<Rx>
60 61
</Rx>
</Measure>

<Measure>
<Tx> 60 63 </Tx>
<Rx>
61 62
</Rx>
</Measure>

<Measure>
<Tx> 61 64 </Tx>
<Rx>
62 63
</Rx>
</Measure>

</Sequence>
</Protocol>
