<?xml version="1.0" encoding="UTF-8" ?>
<Protocol>
<Name> Wenner </Name>
<Description> Wenner measuring on spread with 64 electrodes </Description>
<Arraycode> 1 </Arraycode>
<SpreadFile> 4X16.xml </SpreadFile>
<SpreadFile> 2X32increasing.xml </SpreadFile>
<SpreadFile> 2X32mirrored.xml </SpreadFile>

<Sequence>

<Measure>
<Tx> 1 64 </Tx>
<Rx>
22 43
</Rx>
</Measure>

<Measure>
<Tx> 1 61 </Tx>
<Rx>
21 41
</Rx>
</Measure>

<Measure>
<Tx> 2 62 </Tx>
<Rx>
22 42
</Rx>
</Measure>

<Measure>
<Tx> 3 63 </Tx>
<Rx>
23 43
</Rx>
</Measure>

<Measure>
<Tx> 4 64 </Tx>
<Rx>
24 44
</Rx>
</Measure>

<Measure>
<Tx> 1 58 </Tx>
<Rx>
20 39
</Rx>
</Measure>

<Measure>
<Tx> 2 59 </Tx>
<Rx>
21 40
</Rx>
</Measure>

<Measure>
<Tx> 3 60 </Tx>
<Rx>
22 41
</Rx>
</Measure>

<Measure>
<Tx> 4 61 </Tx>
<Rx>
23 42
</Rx>
</Measure>

<Measure>
<Tx> 5 62 </Tx>
<Rx>
24 43
</Rx>
</Measure>

<Measure>
<Tx> 6 63 </Tx>
<Rx>
25 44
</Rx>
</Measure>

<Measure>
<Tx> 7 64 </Tx>
<Rx>
26 45
</Rx>
</Measure>

<Measure>
<Tx> 1 55 </Tx>
<Rx>
19 37
</Rx>
</Measure>

<Measure>
<Tx> 2 56 </Tx>
<Rx>
20 38
</Rx>
</Measure>

<Measure>
<Tx> 3 57 </Tx>
<Rx>
21 39
</Rx>
</Measure>

<Measure>
<Tx> 4 58 </Tx>
<Rx>
22 40
</Rx>
</Measure>

<Measure>
<Tx> 5 59 </Tx>
<Rx>
23 41
</Rx>
</Measure>

<Measure>
<Tx> 6 60 </Tx>
<Rx>
24 42
</Rx>
</Measure>

<Measure>
<Tx> 7 61 </Tx>
<Rx>
25 43
</Rx>
</Measure>

<Measure>
<Tx> 8 62 </Tx>
<Rx>
26 44
</Rx>
</Measure>

<Measure>
<Tx> 9 63 </Tx>
<Rx>
27 45
</Rx>
</Measure>

<Measure>
<Tx> 10 64 </Tx>
<Rx>
28 46
</Rx>
</Measure>

<Measure>
<Tx> 1 52 </Tx>
<Rx>
18 35
</Rx>
</Measure>

<Measure>
<Tx> 2 53 </Tx>
<Rx>
19 36
</Rx>
</Measure>

<Measure>
<Tx> 3 54 </Tx>
<Rx>
20 37
</Rx>
</Measure>

<Measure>
<Tx> 4 55 </Tx>
<Rx>
21 38
</Rx>
</Measure>

<Measure>
<Tx> 5 56 </Tx>
<Rx>
22 39
</Rx>
</Measure>

<Measure>
<Tx> 6 57 </Tx>
<Rx>
23 40
</Rx>
</Measure>

<Measure>
<Tx> 7 58 </Tx>
<Rx>
24 41
</Rx>
</Measure>

<Measure>
<Tx> 8 59 </Tx>
<Rx>
25 42
</Rx>
</Measure>

<Measure>
<Tx> 9 60 </Tx>
<Rx>
26 43
</Rx>
</Measure>

<Measure>
<Tx> 10 61 </Tx>
<Rx>
27 44
</Rx>
</Measure>

<Measure>
<Tx> 11 62 </Tx>
<Rx>
28 45
</Rx>
</Measure>

<Measure>
<Tx> 12 63 </Tx>
<Rx>
29 46
</Rx>
</Measure>

<Measure>
<Tx> 13 64 </Tx>
<Rx>
30 47
</Rx>
</Measure>

<Measure>
<Tx> 1 49 </Tx>
<Rx>
17 33
</Rx>
</Measure>

<Measure>
<Tx> 2 50 </Tx>
<Rx>
18 34
</Rx>
</Measure>

<Measure>
<Tx> 3 51 </Tx>
<Rx>
19 35
</Rx>
</Measure>

<Measure>
<Tx> 4 52 </Tx>
<Rx>
20 36
</Rx>
</Measure>

<Measure>
<Tx> 5 53 </Tx>
<Rx>
21 37
</Rx>
</Measure>

<Measure>
<Tx> 6 54 </Tx>
<Rx>
22 38
</Rx>
</Measure>

<Measure>
<Tx> 7 55 </Tx>
<Rx>
23 39
</Rx>
</Measure>

<Measure>
<Tx> 8 56 </Tx>
<Rx>
24 40
</Rx>
</Measure>

<Measure>
<Tx> 9 57 </Tx>
<Rx>
25 41
</Rx>
</Measure>

<Measure>
<Tx> 10 58 </Tx>
<Rx>
26 42
</Rx>
</Measure>

<Measure>
<Tx> 11 59 </Tx>
<Rx>
27 43
</Rx>
</Measure>

<Measure>
<Tx> 12 60 </Tx>
<Rx>
28 44
</Rx>
</Measure>

<Measure>
<Tx> 13 61 </Tx>
<Rx>
29 45
</Rx>
</Measure>

<Measure>
<Tx> 14 62 </Tx>
<Rx>
30 46
</Rx>
</Measure>

<Measure>
<Tx> 15 63 </Tx>
<Rx>
31 47
</Rx>
</Measure>

<Measure>
<Tx> 16 64 </Tx>
<Rx>
32 48
</Rx>
</Measure>

<Measure>
<Tx> 1 46 </Tx>
<Rx>
16 31
</Rx>
</Measure>

<Measure>
<Tx> 2 47 </Tx>
<Rx>
17 32
</Rx>
</Measure>

<Measure>
<Tx> 3 48 </Tx>
<Rx>
18 33
</Rx>
</Measure>

<Measure>
<Tx> 4 49 </Tx>
<Rx>
19 34
</Rx>
</Measure>

<Measure>
<Tx> 5 50 </Tx>
<Rx>
20 35
</Rx>
</Measure>

<Measure>
<Tx> 6 51 </Tx>
<Rx>
21 36
</Rx>
</Measure>

<Measure>
<Tx> 7 52 </Tx>
<Rx>
22 37
</Rx>
</Measure>

<Measure>
<Tx> 8 53 </Tx>
<Rx>
23 38
</Rx>
</Measure>

<Measure>
<Tx> 9 54 </Tx>
<Rx>
24 39
</Rx>
</Measure>

<Measure>
<Tx> 10 55 </Tx>
<Rx>
25 40
</Rx>
</Measure>

<Measure>
<Tx> 11 56 </Tx>
<Rx>
26 41
</Rx>
</Measure>

<Measure>
<Tx> 12 57 </Tx>
<Rx>
27 42
</Rx>
</Measure>

<Measure>
<Tx> 13 58 </Tx>
<Rx>
28 43
</Rx>
</Measure>

<Measure>
<Tx> 14 59 </Tx>
<Rx>
29 44
</Rx>
</Measure>

<Measure>
<Tx> 15 60 </Tx>
<Rx>
30 45
</Rx>
</Measure>

<Measure>
<Tx> 16 61 </Tx>
<Rx>
31 46
</Rx>
</Measure>

<Measure>
<Tx> 17 62 </Tx>
<Rx>
32 47
</Rx>
</Measure>

<Measure>
<Tx> 18 63 </Tx>
<Rx>
33 48
</Rx>
</Measure>

<Measure>
<Tx> 19 64 </Tx>
<Rx>
34 49
</Rx>
</Measure>

<Measure>
<Tx> 1 43 </Tx>
<Rx>
15 29
</Rx>
</Measure>

<Measure>
<Tx> 2 44 </Tx>
<Rx>
16 30
</Rx>
</Measure>

<Measure>
<Tx> 3 45 </Tx>
<Rx>
17 31
</Rx>
</Measure>

<Measure>
<Tx> 4 46 </Tx>
<Rx>
18 32
</Rx>
</Measure>

<Measure>
<Tx> 5 47 </Tx>
<Rx>
19 33
</Rx>
</Measure>

<Measure>
<Tx> 6 48 </Tx>
<Rx>
20 34
</Rx>
</Measure>

<Measure>
<Tx> 7 49 </Tx>
<Rx>
21 35
</Rx>
</Measure>

<Measure>
<Tx> 8 50 </Tx>
<Rx>
22 36
</Rx>
</Measure>

<Measure>
<Tx> 9 51 </Tx>
<Rx>
23 37
</Rx>
</Measure>

<Measure>
<Tx> 10 52 </Tx>
<Rx>
24 38
</Rx>
</Measure>

<Measure>
<Tx> 11 53 </Tx>
<Rx>
25 39
</Rx>
</Measure>

<Measure>
<Tx> 12 54 </Tx>
<Rx>
26 40
</Rx>
</Measure>

<Measure>
<Tx> 13 55 </Tx>
<Rx>
27 41
</Rx>
</Measure>

<Measure>
<Tx> 14 56 </Tx>
<Rx>
28 42
</Rx>
</Measure>

<Measure>
<Tx> 15 57 </Tx>
<Rx>
29 43
</Rx>
</Measure>

<Measure>
<Tx> 16 58 </Tx>
<Rx>
30 44
</Rx>
</Measure>

<Measure>
<Tx> 17 59 </Tx>
<Rx>
31 45
</Rx>
</Measure>

<Measure>
<Tx> 18 60 </Tx>
<Rx>
32 46
</Rx>
</Measure>

<Measure>
<Tx> 19 61 </Tx>
<Rx>
33 47
</Rx>
</Measure>

<Measure>
<Tx> 20 62 </Tx>
<Rx>
34 48
</Rx>
</Measure>

<Measure>
<Tx> 21 63 </Tx>
<Rx>
35 49
</Rx>
</Measure>

<Measure>
<Tx> 22 64 </Tx>
<Rx>
36 50
</Rx>
</Measure>

<Measure>
<Tx> 1 40 </Tx>
<Rx>
14 27
</Rx>
</Measure>

<Measure>
<Tx> 2 41 </Tx>
<Rx>
15 28
</Rx>
</Measure>

<Measure>
<Tx> 3 42 </Tx>
<Rx>
16 29
</Rx>
</Measure>

<Measure>
<Tx> 4 43 </Tx>
<Rx>
17 30
</Rx>
</Measure>

<Measure>
<Tx> 5 44 </Tx>
<Rx>
18 31
</Rx>
</Measure>

<Measure>
<Tx> 6 45 </Tx>
<Rx>
19 32
</Rx>
</Measure>

<Measure>
<Tx> 7 46 </Tx>
<Rx>
20 33
</Rx>
</Measure>

<Measure>
<Tx> 8 47 </Tx>
<Rx>
21 34
</Rx>
</Measure>

<Measure>
<Tx> 9 48 </Tx>
<Rx>
22 35
</Rx>
</Measure>

<Measure>
<Tx> 10 49 </Tx>
<Rx>
23 36
</Rx>
</Measure>

<Measure>
<Tx> 11 50 </Tx>
<Rx>
24 37
</Rx>
</Measure>

<Measure>
<Tx> 12 51 </Tx>
<Rx>
25 38
</Rx>
</Measure>

<Measure>
<Tx> 13 52 </Tx>
<Rx>
26 39
</Rx>
</Measure>

<Measure>
<Tx> 14 53 </Tx>
<Rx>
27 40
</Rx>
</Measure>

<Measure>
<Tx> 15 54 </Tx>
<Rx>
28 41
</Rx>
</Measure>

<Measure>
<Tx> 16 55 </Tx>
<Rx>
29 42
</Rx>
</Measure>

<Measure>
<Tx> 17 56 </Tx>
<Rx>
30 43
</Rx>
</Measure>

<Measure>
<Tx> 18 57 </Tx>
<Rx>
31 44
</Rx>
</Measure>

<Measure>
<Tx> 19 58 </Tx>
<Rx>
32 45
</Rx>
</Measure>

<Measure>
<Tx> 20 59 </Tx>
<Rx>
33 46
</Rx>
</Measure>

<Measure>
<Tx> 21 60 </Tx>
<Rx>
34 47
</Rx>
</Measure>

<Measure>
<Tx> 22 61 </Tx>
<Rx>
35 48
</Rx>
</Measure>

<Measure>
<Tx> 23 62 </Tx>
<Rx>
36 49
</Rx>
</Measure>

<Measure>
<Tx> 24 63 </Tx>
<Rx>
37 50
</Rx>
</Measure>

<Measure>
<Tx> 25 64 </Tx>
<Rx>
38 51
</Rx>
</Measure>

<Measure>
<Tx> 1 37 </Tx>
<Rx>
13 25
</Rx>
</Measure>

<Measure>
<Tx> 2 38 </Tx>
<Rx>
14 26
</Rx>
</Measure>

<Measure>
<Tx> 3 39 </Tx>
<Rx>
15 27
</Rx>
</Measure>

<Measure>
<Tx> 4 40 </Tx>
<Rx>
16 28
</Rx>
</Measure>

<Measure>
<Tx> 5 41 </Tx>
<Rx>
17 29
</Rx>
</Measure>

<Measure>
<Tx> 6 42 </Tx>
<Rx>
18 30
</Rx>
</Measure>

<Measure>
<Tx> 7 43 </Tx>
<Rx>
19 31
</Rx>
</Measure>

<Measure>
<Tx> 8 44 </Tx>
<Rx>
20 32
</Rx>
</Measure>

<Measure>
<Tx> 9 45 </Tx>
<Rx>
21 33
</Rx>
</Measure>

<Measure>
<Tx> 10 46 </Tx>
<Rx>
22 34
</Rx>
</Measure>

<Measure>
<Tx> 11 47 </Tx>
<Rx>
23 35
</Rx>
</Measure>

<Measure>
<Tx> 12 48 </Tx>
<Rx>
24 36
</Rx>
</Measure>

<Measure>
<Tx> 13 49 </Tx>
<Rx>
25 37
</Rx>
</Measure>

<Measure>
<Tx> 14 50 </Tx>
<Rx>
26 38
</Rx>
</Measure>

<Measure>
<Tx> 15 51 </Tx>
<Rx>
27 39
</Rx>
</Measure>

<Measure>
<Tx> 16 52 </Tx>
<Rx>
28 40
</Rx>
</Measure>

<Measure>
<Tx> 17 53 </Tx>
<Rx>
29 41
</Rx>
</Measure>

<Measure>
<Tx> 18 54 </Tx>
<Rx>
30 42
</Rx>
</Measure>

<Measure>
<Tx> 19 55 </Tx>
<Rx>
31 43
</Rx>
</Measure>

<Measure>
<Tx> 20 56 </Tx>
<Rx>
32 44
</Rx>
</Measure>

<Measure>
<Tx> 21 57 </Tx>
<Rx>
33 45
</Rx>
</Measure>

<Measure>
<Tx> 22 58 </Tx>
<Rx>
34 46
</Rx>
</Measure>

<Measure>
<Tx> 23 59 </Tx>
<Rx>
35 47
</Rx>
</Measure>

<Measure>
<Tx> 24 60 </Tx>
<Rx>
36 48
</Rx>
</Measure>

<Measure>
<Tx> 25 61 </Tx>
<Rx>
37 49
</Rx>
</Measure>

<Measure>
<Tx> 26 62 </Tx>
<Rx>
38 50
</Rx>
</Measure>

<Measure>
<Tx> 27 63 </Tx>
<Rx>
39 51
</Rx>
</Measure>

<Measure>
<Tx> 28 64 </Tx>
<Rx>
40 52
</Rx>
</Measure>

<Measure>
<Tx> 1 34 </Tx>
<Rx>
12 23
</Rx>
</Measure>

<Measure>
<Tx> 2 35 </Tx>
<Rx>
13 24
</Rx>
</Measure>

<Measure>
<Tx> 3 36 </Tx>
<Rx>
14 25
</Rx>
</Measure>

<Measure>
<Tx> 4 37 </Tx>
<Rx>
15 26
</Rx>
</Measure>

<Measure>
<Tx> 5 38 </Tx>
<Rx>
16 27
</Rx>
</Measure>

<Measure>
<Tx> 6 39 </Tx>
<Rx>
17 28
</Rx>
</Measure>

<Measure>
<Tx> 7 40 </Tx>
<Rx>
18 29
</Rx>
</Measure>

<Measure>
<Tx> 8 41 </Tx>
<Rx>
19 30
</Rx>
</Measure>

<Measure>
<Tx> 9 42 </Tx>
<Rx>
20 31
</Rx>
</Measure>

<Measure>
<Tx> 10 43 </Tx>
<Rx>
21 32
</Rx>
</Measure>

<Measure>
<Tx> 11 44 </Tx>
<Rx>
22 33
</Rx>
</Measure>

<Measure>
<Tx> 12 45 </Tx>
<Rx>
23 34
</Rx>
</Measure>

<Measure>
<Tx> 13 46 </Tx>
<Rx>
24 35
</Rx>
</Measure>

<Measure>
<Tx> 14 47 </Tx>
<Rx>
25 36
</Rx>
</Measure>

<Measure>
<Tx> 15 48 </Tx>
<Rx>
26 37
</Rx>
</Measure>

<Measure>
<Tx> 16 49 </Tx>
<Rx>
27 38
</Rx>
</Measure>

<Measure>
<Tx> 17 50 </Tx>
<Rx>
28 39
</Rx>
</Measure>

<Measure>
<Tx> 18 51 </Tx>
<Rx>
29 40
</Rx>
</Measure>

<Measure>
<Tx> 19 52 </Tx>
<Rx>
30 41
</Rx>
</Measure>

<Measure>
<Tx> 20 53 </Tx>
<Rx>
31 42
</Rx>
</Measure>

<Measure>
<Tx> 21 54 </Tx>
<Rx>
32 43
</Rx>
</Measure>

<Measure>
<Tx> 22 55 </Tx>
<Rx>
33 44
</Rx>
</Measure>

<Measure>
<Tx> 23 56 </Tx>
<Rx>
34 45
</Rx>
</Measure>

<Measure>
<Tx> 24 57 </Tx>
<Rx>
35 46
</Rx>
</Measure>

<Measure>
<Tx> 25 58 </Tx>
<Rx>
36 47
</Rx>
</Measure>

<Measure>
<Tx> 26 59 </Tx>
<Rx>
37 48
</Rx>
</Measure>

<Measure>
<Tx> 27 60 </Tx>
<Rx>
38 49
</Rx>
</Measure>

<Measure>
<Tx> 28 61 </Tx>
<Rx>
39 50
</Rx>
</Measure>

<Measure>
<Tx> 29 62 </Tx>
<Rx>
40 51
</Rx>
</Measure>

<Measure>
<Tx> 30 63 </Tx>
<Rx>
41 52
</Rx>
</Measure>

<Measure>
<Tx> 31 64 </Tx>
<Rx>
42 53
</Rx>
</Measure>

<Measure>
<Tx> 1 31 </Tx>
<Rx>
11 21
</Rx>
</Measure>

<Measure>
<Tx> 31 61 </Tx>
<Rx>
41 51
</Rx>
</Measure>

<Measure>
<Tx> 2 32 </Tx>
<Rx>
12 22
</Rx>
</Measure>

<Measure>
<Tx> 32 62 </Tx>
<Rx>
42 52
</Rx>
</Measure>

<Measure>
<Tx> 3 33 </Tx>
<Rx>
13 23
</Rx>
</Measure>

<Measure>
<Tx> 33 63 </Tx>
<Rx>
43 53
</Rx>
</Measure>

<Measure>
<Tx> 4 34 </Tx>
<Rx>
14 24
</Rx>
</Measure>

<Measure>
<Tx> 34 64 </Tx>
<Rx>
44 54
</Rx>
</Measure>

<Measure>
<Tx> 5 35 </Tx>
<Rx>
15 25
</Rx>
</Measure>

<Measure>
<Tx> 6 36 </Tx>
<Rx>
16 26
</Rx>
</Measure>

<Measure>
<Tx> 7 37 </Tx>
<Rx>
17 27
</Rx>
</Measure>

<Measure>
<Tx> 8 38 </Tx>
<Rx>
18 28
</Rx>
</Measure>

<Measure>
<Tx> 9 39 </Tx>
<Rx>
19 29
</Rx>
</Measure>

<Measure>
<Tx> 10 40 </Tx>
<Rx>
20 30
</Rx>
</Measure>

<Measure>
<Tx> 11 41 </Tx>
<Rx>
21 31
</Rx>
</Measure>

<Measure>
<Tx> 12 42 </Tx>
<Rx>
22 32
</Rx>
</Measure>

<Measure>
<Tx> 13 43 </Tx>
<Rx>
23 33
</Rx>
</Measure>

<Measure>
<Tx> 14 44 </Tx>
<Rx>
24 34
</Rx>
</Measure>

<Measure>
<Tx> 15 45 </Tx>
<Rx>
25 35
</Rx>
</Measure>

<Measure>
<Tx> 16 46 </Tx>
<Rx>
26 36
</Rx>
</Measure>

<Measure>
<Tx> 17 47 </Tx>
<Rx>
27 37
</Rx>
</Measure>

<Measure>
<Tx> 18 48 </Tx>
<Rx>
28 38
</Rx>
</Measure>

<Measure>
<Tx> 19 49 </Tx>
<Rx>
29 39
</Rx>
</Measure>

<Measure>
<Tx> 20 50 </Tx>
<Rx>
30 40
</Rx>
</Measure>

<Measure>
<Tx> 21 51 </Tx>
<Rx>
31 41
</Rx>
</Measure>

<Measure>
<Tx> 22 52 </Tx>
<Rx>
32 42
</Rx>
</Measure>

<Measure>
<Tx> 23 53 </Tx>
<Rx>
33 43
</Rx>
</Measure>

<Measure>
<Tx> 24 54 </Tx>
<Rx>
34 44
</Rx>
</Measure>

<Measure>
<Tx> 25 55 </Tx>
<Rx>
35 45
</Rx>
</Measure>

<Measure>
<Tx> 26 56 </Tx>
<Rx>
36 46
</Rx>
</Measure>

<Measure>
<Tx> 27 57 </Tx>
<Rx>
37 47
</Rx>
</Measure>

<Measure>
<Tx> 28 58 </Tx>
<Rx>
38 48
</Rx>
</Measure>

<Measure>
<Tx> 29 59 </Tx>
<Rx>
39 49
</Rx>
</Measure>

<Measure>
<Tx> 30 60 </Tx>
<Rx>
40 50
</Rx>
</Measure>

<Measure>
<Tx> 1 28 </Tx>
<Rx>
10 19
</Rx>
</Measure>

<Measure>
<Tx> 28 55 </Tx>
<Rx>
37 46
</Rx>
</Measure>

<Measure>
<Tx> 2 29 </Tx>
<Rx>
11 20
</Rx>
</Measure>

<Measure>
<Tx> 29 56 </Tx>
<Rx>
38 47
</Rx>
</Measure>

<Measure>
<Tx> 3 30 </Tx>
<Rx>
12 21
</Rx>
</Measure>

<Measure>
<Tx> 30 57 </Tx>
<Rx>
39 48
</Rx>
</Measure>

<Measure>
<Tx> 4 31 </Tx>
<Rx>
13 22
</Rx>
</Measure>

<Measure>
<Tx> 31 58 </Tx>
<Rx>
40 49
</Rx>
</Measure>

<Measure>
<Tx> 5 32 </Tx>
<Rx>
14 23
</Rx>
</Measure>

<Measure>
<Tx> 32 59 </Tx>
<Rx>
41 50
</Rx>
</Measure>

<Measure>
<Tx> 6 33 </Tx>
<Rx>
15 24
</Rx>
</Measure>

<Measure>
<Tx> 33 60 </Tx>
<Rx>
42 51
</Rx>
</Measure>

<Measure>
<Tx> 7 34 </Tx>
<Rx>
16 25
</Rx>
</Measure>

<Measure>
<Tx> 34 61 </Tx>
<Rx>
43 52
</Rx>
</Measure>

<Measure>
<Tx> 8 35 </Tx>
<Rx>
17 26
</Rx>
</Measure>

<Measure>
<Tx> 35 62 </Tx>
<Rx>
44 53
</Rx>
</Measure>

<Measure>
<Tx> 9 36 </Tx>
<Rx>
18 27
</Rx>
</Measure>

<Measure>
<Tx> 36 63 </Tx>
<Rx>
45 54
</Rx>
</Measure>

<Measure>
<Tx> 10 37 </Tx>
<Rx>
19 28
</Rx>
</Measure>

<Measure>
<Tx> 37 64 </Tx>
<Rx>
46 55
</Rx>
</Measure>

<Measure>
<Tx> 11 38 </Tx>
<Rx>
20 29
</Rx>
</Measure>

<Measure>
<Tx> 12 39 </Tx>
<Rx>
21 30
</Rx>
</Measure>

<Measure>
<Tx> 13 40 </Tx>
<Rx>
22 31
</Rx>
</Measure>

<Measure>
<Tx> 14 41 </Tx>
<Rx>
23 32
</Rx>
</Measure>

<Measure>
<Tx> 15 42 </Tx>
<Rx>
24 33
</Rx>
</Measure>

<Measure>
<Tx> 16 43 </Tx>
<Rx>
25 34
</Rx>
</Measure>

<Measure>
<Tx> 17 44 </Tx>
<Rx>
26 35
</Rx>
</Measure>

<Measure>
<Tx> 18 45 </Tx>
<Rx>
27 36
</Rx>
</Measure>

<Measure>
<Tx> 19 46 </Tx>
<Rx>
28 37
</Rx>
</Measure>

<Measure>
<Tx> 20 47 </Tx>
<Rx>
29 38
</Rx>
</Measure>

<Measure>
<Tx> 21 48 </Tx>
<Rx>
30 39
</Rx>
</Measure>

<Measure>
<Tx> 22 49 </Tx>
<Rx>
31 40
</Rx>
</Measure>

<Measure>
<Tx> 23 50 </Tx>
<Rx>
32 41
</Rx>
</Measure>

<Measure>
<Tx> 24 51 </Tx>
<Rx>
33 42
</Rx>
</Measure>

<Measure>
<Tx> 25 52 </Tx>
<Rx>
34 43
</Rx>
</Measure>

<Measure>
<Tx> 26 53 </Tx>
<Rx>
35 44
</Rx>
</Measure>

<Measure>
<Tx> 27 54 </Tx>
<Rx>
36 45
</Rx>
</Measure>

<Measure>
<Tx> 1 25 </Tx>
<Rx>
9 17
</Rx>
</Measure>

<Measure>
<Tx> 25 49 </Tx>
<Rx>
33 41
</Rx>
</Measure>

<Measure>
<Tx> 2 26 </Tx>
<Rx>
10 18
</Rx>
</Measure>

<Measure>
<Tx> 26 50 </Tx>
<Rx>
34 42
</Rx>
</Measure>

<Measure>
<Tx> 3 27 </Tx>
<Rx>
11 19
</Rx>
</Measure>

<Measure>
<Tx> 27 51 </Tx>
<Rx>
35 43
</Rx>
</Measure>

<Measure>
<Tx> 4 28 </Tx>
<Rx>
12 20
</Rx>
</Measure>

<Measure>
<Tx> 28 52 </Tx>
<Rx>
36 44
</Rx>
</Measure>

<Measure>
<Tx> 5 29 </Tx>
<Rx>
13 21
</Rx>
</Measure>

<Measure>
<Tx> 29 53 </Tx>
<Rx>
37 45
</Rx>
</Measure>

<Measure>
<Tx> 6 30 </Tx>
<Rx>
14 22
</Rx>
</Measure>

<Measure>
<Tx> 30 54 </Tx>
<Rx>
38 46
</Rx>
</Measure>

<Measure>
<Tx> 7 31 </Tx>
<Rx>
15 23
</Rx>
</Measure>

<Measure>
<Tx> 31 55 </Tx>
<Rx>
39 47
</Rx>
</Measure>

<Measure>
<Tx> 8 32 </Tx>
<Rx>
16 24
</Rx>
</Measure>

<Measure>
<Tx> 32 56 </Tx>
<Rx>
40 48
</Rx>
</Measure>

<Measure>
<Tx> 9 33 </Tx>
<Rx>
17 25
</Rx>
</Measure>

<Measure>
<Tx> 33 57 </Tx>
<Rx>
41 49
</Rx>
</Measure>

<Measure>
<Tx> 10 34 </Tx>
<Rx>
18 26
</Rx>
</Measure>

<Measure>
<Tx> 34 58 </Tx>
<Rx>
42 50
</Rx>
</Measure>

<Measure>
<Tx> 11 35 </Tx>
<Rx>
19 27
</Rx>
</Measure>

<Measure>
<Tx> 35 59 </Tx>
<Rx>
43 51
</Rx>
</Measure>

<Measure>
<Tx> 12 36 </Tx>
<Rx>
20 28
</Rx>
</Measure>

<Measure>
<Tx> 36 60 </Tx>
<Rx>
44 52
</Rx>
</Measure>

<Measure>
<Tx> 13 37 </Tx>
<Rx>
21 29
</Rx>
</Measure>

<Measure>
<Tx> 37 61 </Tx>
<Rx>
45 53
</Rx>
</Measure>

<Measure>
<Tx> 14 38 </Tx>
<Rx>
22 30
</Rx>
</Measure>

<Measure>
<Tx> 38 62 </Tx>
<Rx>
46 54
</Rx>
</Measure>

<Measure>
<Tx> 15 39 </Tx>
<Rx>
23 31
</Rx>
</Measure>

<Measure>
<Tx> 39 63 </Tx>
<Rx>
47 55
</Rx>
</Measure>

<Measure>
<Tx> 16 40 </Tx>
<Rx>
24 32
</Rx>
</Measure>

<Measure>
<Tx> 40 64 </Tx>
<Rx>
48 56
</Rx>
</Measure>

<Measure>
<Tx> 17 41 </Tx>
<Rx>
25 33
</Rx>
</Measure>

<Measure>
<Tx> 18 42 </Tx>
<Rx>
26 34
</Rx>
</Measure>

<Measure>
<Tx> 19 43 </Tx>
<Rx>
27 35
</Rx>
</Measure>

<Measure>
<Tx> 20 44 </Tx>
<Rx>
28 36
</Rx>
</Measure>

<Measure>
<Tx> 21 45 </Tx>
<Rx>
29 37
</Rx>
</Measure>

<Measure>
<Tx> 22 46 </Tx>
<Rx>
30 38
</Rx>
</Measure>

<Measure>
<Tx> 23 47 </Tx>
<Rx>
31 39
</Rx>
</Measure>

<Measure>
<Tx> 24 48 </Tx>
<Rx>
32 40
</Rx>
</Measure>

<Measure>
<Tx> 1 22 </Tx>
<Rx>
8 15
</Rx>
</Measure>

<Measure>
<Tx> 22 43 </Tx>
<Rx>
29 36
</Rx>
</Measure>

<Measure>
<Tx> 43 64 </Tx>
<Rx>
50 57
</Rx>
</Measure>

<Measure>
<Tx> 2 23 </Tx>
<Rx>
9 16
</Rx>
</Measure>

<Measure>
<Tx> 23 44 </Tx>
<Rx>
30 37
</Rx>
</Measure>

<Measure>
<Tx> 3 24 </Tx>
<Rx>
10 17
</Rx>
</Measure>

<Measure>
<Tx> 24 45 </Tx>
<Rx>
31 38
</Rx>
</Measure>

<Measure>
<Tx> 4 25 </Tx>
<Rx>
11 18
</Rx>
</Measure>

<Measure>
<Tx> 25 46 </Tx>
<Rx>
32 39
</Rx>
</Measure>

<Measure>
<Tx> 5 26 </Tx>
<Rx>
12 19
</Rx>
</Measure>

<Measure>
<Tx> 26 47 </Tx>
<Rx>
33 40
</Rx>
</Measure>

<Measure>
<Tx> 6 27 </Tx>
<Rx>
13 20
</Rx>
</Measure>

<Measure>
<Tx> 27 48 </Tx>
<Rx>
34 41
</Rx>
</Measure>

<Measure>
<Tx> 7 28 </Tx>
<Rx>
14 21
</Rx>
</Measure>

<Measure>
<Tx> 28 49 </Tx>
<Rx>
35 42
</Rx>
</Measure>

<Measure>
<Tx> 8 29 </Tx>
<Rx>
15 22
</Rx>
</Measure>

<Measure>
<Tx> 29 50 </Tx>
<Rx>
36 43
</Rx>
</Measure>

<Measure>
<Tx> 9 30 </Tx>
<Rx>
16 23
</Rx>
</Measure>

<Measure>
<Tx> 30 51 </Tx>
<Rx>
37 44
</Rx>
</Measure>

<Measure>
<Tx> 10 31 </Tx>
<Rx>
17 24
</Rx>
</Measure>

<Measure>
<Tx> 31 52 </Tx>
<Rx>
38 45
</Rx>
</Measure>

<Measure>
<Tx> 11 32 </Tx>
<Rx>
18 25
</Rx>
</Measure>

<Measure>
<Tx> 32 53 </Tx>
<Rx>
39 46
</Rx>
</Measure>

<Measure>
<Tx> 12 33 </Tx>
<Rx>
19 26
</Rx>
</Measure>

<Measure>
<Tx> 33 54 </Tx>
<Rx>
40 47
</Rx>
</Measure>

<Measure>
<Tx> 13 34 </Tx>
<Rx>
20 27
</Rx>
</Measure>

<Measure>
<Tx> 34 55 </Tx>
<Rx>
41 48
</Rx>
</Measure>

<Measure>
<Tx> 14 35 </Tx>
<Rx>
21 28
</Rx>
</Measure>

<Measure>
<Tx> 35 56 </Tx>
<Rx>
42 49
</Rx>
</Measure>

<Measure>
<Tx> 15 36 </Tx>
<Rx>
22 29
</Rx>
</Measure>

<Measure>
<Tx> 36 57 </Tx>
<Rx>
43 50
</Rx>
</Measure>

<Measure>
<Tx> 16 37 </Tx>
<Rx>
23 30
</Rx>
</Measure>

<Measure>
<Tx> 37 58 </Tx>
<Rx>
44 51
</Rx>
</Measure>

<Measure>
<Tx> 17 38 </Tx>
<Rx>
24 31
</Rx>
</Measure>

<Measure>
<Tx> 38 59 </Tx>
<Rx>
45 52
</Rx>
</Measure>

<Measure>
<Tx> 18 39 </Tx>
<Rx>
25 32
</Rx>
</Measure>

<Measure>
<Tx> 39 60 </Tx>
<Rx>
46 53
</Rx>
</Measure>

<Measure>
<Tx> 19 40 </Tx>
<Rx>
26 33
</Rx>
</Measure>

<Measure>
<Tx> 40 61 </Tx>
<Rx>
47 54
</Rx>
</Measure>

<Measure>
<Tx> 20 41 </Tx>
<Rx>
27 34
</Rx>
</Measure>

<Measure>
<Tx> 41 62 </Tx>
<Rx>
48 55
</Rx>
</Measure>

<Measure>
<Tx> 21 42 </Tx>
<Rx>
28 35
</Rx>
</Measure>

<Measure>
<Tx> 42 63 </Tx>
<Rx>
49 56
</Rx>
</Measure>

<Measure>
<Tx> 1 19 </Tx>
<Rx>
7 13
</Rx>
</Measure>

<Measure>
<Tx> 19 37 </Tx>
<Rx>
25 31
</Rx>
</Measure>

<Measure>
<Tx> 37 55 </Tx>
<Rx>
43 49
</Rx>
</Measure>

<Measure>
<Tx> 2 20 </Tx>
<Rx>
8 14
</Rx>
</Measure>

<Measure>
<Tx> 20 38 </Tx>
<Rx>
26 32
</Rx>
</Measure>

<Measure>
<Tx> 38 56 </Tx>
<Rx>
44 50
</Rx>
</Measure>

<Measure>
<Tx> 3 21 </Tx>
<Rx>
9 15
</Rx>
</Measure>

<Measure>
<Tx> 21 39 </Tx>
<Rx>
27 33
</Rx>
</Measure>

<Measure>
<Tx> 39 57 </Tx>
<Rx>
45 51
</Rx>
</Measure>

<Measure>
<Tx> 4 22 </Tx>
<Rx>
10 16
</Rx>
</Measure>

<Measure>
<Tx> 22 40 </Tx>
<Rx>
28 34
</Rx>
</Measure>

<Measure>
<Tx> 40 58 </Tx>
<Rx>
46 52
</Rx>
</Measure>

<Measure>
<Tx> 5 23 </Tx>
<Rx>
11 17
</Rx>
</Measure>

<Measure>
<Tx> 23 41 </Tx>
<Rx>
29 35
</Rx>
</Measure>

<Measure>
<Tx> 41 59 </Tx>
<Rx>
47 53
</Rx>
</Measure>

<Measure>
<Tx> 6 24 </Tx>
<Rx>
12 18
</Rx>
</Measure>

<Measure>
<Tx> 24 42 </Tx>
<Rx>
30 36
</Rx>
</Measure>

<Measure>
<Tx> 42 60 </Tx>
<Rx>
48 54
</Rx>
</Measure>

<Measure>
<Tx> 7 25 </Tx>
<Rx>
13 19
</Rx>
</Measure>

<Measure>
<Tx> 25 43 </Tx>
<Rx>
31 37
</Rx>
</Measure>

<Measure>
<Tx> 43 61 </Tx>
<Rx>
49 55
</Rx>
</Measure>

<Measure>
<Tx> 8 26 </Tx>
<Rx>
14 20
</Rx>
</Measure>

<Measure>
<Tx> 26 44 </Tx>
<Rx>
32 38
</Rx>
</Measure>

<Measure>
<Tx> 44 62 </Tx>
<Rx>
50 56
</Rx>
</Measure>

<Measure>
<Tx> 9 27 </Tx>
<Rx>
15 21
</Rx>
</Measure>

<Measure>
<Tx> 27 45 </Tx>
<Rx>
33 39
</Rx>
</Measure>

<Measure>
<Tx> 45 63 </Tx>
<Rx>
51 57
</Rx>
</Measure>

<Measure>
<Tx> 10 28 </Tx>
<Rx>
16 22
</Rx>
</Measure>

<Measure>
<Tx> 28 46 </Tx>
<Rx>
34 40
</Rx>
</Measure>

<Measure>
<Tx> 46 64 </Tx>
<Rx>
52 58
</Rx>
</Measure>

<Measure>
<Tx> 11 29 </Tx>
<Rx>
17 23
</Rx>
</Measure>

<Measure>
<Tx> 29 47 </Tx>
<Rx>
35 41
</Rx>
</Measure>

<Measure>
<Tx> 12 30 </Tx>
<Rx>
18 24
</Rx>
</Measure>

<Measure>
<Tx> 30 48 </Tx>
<Rx>
36 42
</Rx>
</Measure>

<Measure>
<Tx> 13 31 </Tx>
<Rx>
19 25
</Rx>
</Measure>

<Measure>
<Tx> 31 49 </Tx>
<Rx>
37 43
</Rx>
</Measure>

<Measure>
<Tx> 14 32 </Tx>
<Rx>
20 26
</Rx>
</Measure>

<Measure>
<Tx> 32 50 </Tx>
<Rx>
38 44
</Rx>
</Measure>

<Measure>
<Tx> 15 33 </Tx>
<Rx>
21 27
</Rx>
</Measure>

<Measure>
<Tx> 33 51 </Tx>
<Rx>
39 45
</Rx>
</Measure>

<Measure>
<Tx> 16 34 </Tx>
<Rx>
22 28
</Rx>
</Measure>

<Measure>
<Tx> 34 52 </Tx>
<Rx>
40 46
</Rx>
</Measure>

<Measure>
<Tx> 17 35 </Tx>
<Rx>
23 29
</Rx>
</Measure>

<Measure>
<Tx> 35 53 </Tx>
<Rx>
41 47
</Rx>
</Measure>

<Measure>
<Tx> 18 36 </Tx>
<Rx>
24 30
</Rx>
</Measure>

<Measure>
<Tx> 36 54 </Tx>
<Rx>
42 48
</Rx>
</Measure>

<Measure>
<Tx> 1 16 </Tx>
<Rx>
6 11
</Rx>
</Measure>

<Measure>
<Tx> 16 31 </Tx>
<Rx>
21 26
</Rx>
</Measure>

<Measure>
<Tx> 31 46 </Tx>
<Rx>
36 41
</Rx>
</Measure>

<Measure>
<Tx> 46 61 </Tx>
<Rx>
51 56
</Rx>
</Measure>

<Measure>
<Tx> 2 17 </Tx>
<Rx>
7 12
</Rx>
</Measure>

<Measure>
<Tx> 17 32 </Tx>
<Rx>
22 27
</Rx>
</Measure>

<Measure>
<Tx> 32 47 </Tx>
<Rx>
37 42
</Rx>
</Measure>

<Measure>
<Tx> 47 62 </Tx>
<Rx>
52 57
</Rx>
</Measure>

<Measure>
<Tx> 3 18 </Tx>
<Rx>
8 13
</Rx>
</Measure>

<Measure>
<Tx> 18 33 </Tx>
<Rx>
23 28
</Rx>
</Measure>

<Measure>
<Tx> 33 48 </Tx>
<Rx>
38 43
</Rx>
</Measure>

<Measure>
<Tx> 48 63 </Tx>
<Rx>
53 58
</Rx>
</Measure>

<Measure>
<Tx> 4 19 </Tx>
<Rx>
9 14
</Rx>
</Measure>

<Measure>
<Tx> 19 34 </Tx>
<Rx>
24 29
</Rx>
</Measure>

<Measure>
<Tx> 34 49 </Tx>
<Rx>
39 44
</Rx>
</Measure>

<Measure>
<Tx> 49 64 </Tx>
<Rx>
54 59
</Rx>
</Measure>

<Measure>
<Tx> 5 20 </Tx>
<Rx>
10 15
</Rx>
</Measure>

<Measure>
<Tx> 20 35 </Tx>
<Rx>
25 30
</Rx>
</Measure>

<Measure>
<Tx> 35 50 </Tx>
<Rx>
40 45
</Rx>
</Measure>

<Measure>
<Tx> 6 21 </Tx>
<Rx>
11 16
</Rx>
</Measure>

<Measure>
<Tx> 21 36 </Tx>
<Rx>
26 31
</Rx>
</Measure>

<Measure>
<Tx> 36 51 </Tx>
<Rx>
41 46
</Rx>
</Measure>

<Measure>
<Tx> 7 22 </Tx>
<Rx>
12 17
</Rx>
</Measure>

<Measure>
<Tx> 22 37 </Tx>
<Rx>
27 32
</Rx>
</Measure>

<Measure>
<Tx> 37 52 </Tx>
<Rx>
42 47
</Rx>
</Measure>

<Measure>
<Tx> 8 23 </Tx>
<Rx>
13 18
</Rx>
</Measure>

<Measure>
<Tx> 23 38 </Tx>
<Rx>
28 33
</Rx>
</Measure>

<Measure>
<Tx> 38 53 </Tx>
<Rx>
43 48
</Rx>
</Measure>

<Measure>
<Tx> 9 24 </Tx>
<Rx>
14 19
</Rx>
</Measure>

<Measure>
<Tx> 24 39 </Tx>
<Rx>
29 34
</Rx>
</Measure>

<Measure>
<Tx> 39 54 </Tx>
<Rx>
44 49
</Rx>
</Measure>

<Measure>
<Tx> 10 25 </Tx>
<Rx>
15 20
</Rx>
</Measure>

<Measure>
<Tx> 25 40 </Tx>
<Rx>
30 35
</Rx>
</Measure>

<Measure>
<Tx> 40 55 </Tx>
<Rx>
45 50
</Rx>
</Measure>

<Measure>
<Tx> 11 26 </Tx>
<Rx>
16 21
</Rx>
</Measure>

<Measure>
<Tx> 26 41 </Tx>
<Rx>
31 36
</Rx>
</Measure>

<Measure>
<Tx> 41 56 </Tx>
<Rx>
46 51
</Rx>
</Measure>

<Measure>
<Tx> 12 27 </Tx>
<Rx>
17 22
</Rx>
</Measure>

<Measure>
<Tx> 27 42 </Tx>
<Rx>
32 37
</Rx>
</Measure>

<Measure>
<Tx> 42 57 </Tx>
<Rx>
47 52
</Rx>
</Measure>

<Measure>
<Tx> 13 28 </Tx>
<Rx>
18 23
</Rx>
</Measure>

<Measure>
<Tx> 28 43 </Tx>
<Rx>
33 38
</Rx>
</Measure>

<Measure>
<Tx> 43 58 </Tx>
<Rx>
48 53
</Rx>
</Measure>

<Measure>
<Tx> 14 29 </Tx>
<Rx>
19 24
</Rx>
</Measure>

<Measure>
<Tx> 29 44 </Tx>
<Rx>
34 39
</Rx>
</Measure>

<Measure>
<Tx> 44 59 </Tx>
<Rx>
49 54
</Rx>
</Measure>

<Measure>
<Tx> 15 30 </Tx>
<Rx>
20 25
</Rx>
</Measure>

<Measure>
<Tx> 30 45 </Tx>
<Rx>
35 40
</Rx>
</Measure>

<Measure>
<Tx> 45 60 </Tx>
<Rx>
50 55
</Rx>
</Measure>

<Measure>
<Tx> 1 13 </Tx>
<Rx>
5 9
</Rx>
</Measure>

<Measure>
<Tx> 13 25 </Tx>
<Rx>
17 21
</Rx>
</Measure>

<Measure>
<Tx> 25 37 </Tx>
<Rx>
29 33
</Rx>
</Measure>

<Measure>
<Tx> 37 49 </Tx>
<Rx>
41 45
</Rx>
</Measure>

<Measure>
<Tx> 49 61 </Tx>
<Rx>
53 57
</Rx>
</Measure>

<Measure>
<Tx> 2 14 </Tx>
<Rx>
6 10
</Rx>
</Measure>

<Measure>
<Tx> 14 26 </Tx>
<Rx>
18 22
</Rx>
</Measure>

<Measure>
<Tx> 26 38 </Tx>
<Rx>
30 34
</Rx>
</Measure>

<Measure>
<Tx> 38 50 </Tx>
<Rx>
42 46
</Rx>
</Measure>

<Measure>
<Tx> 50 62 </Tx>
<Rx>
54 58
</Rx>
</Measure>

<Measure>
<Tx> 3 15 </Tx>
<Rx>
7 11
</Rx>
</Measure>

<Measure>
<Tx> 15 27 </Tx>
<Rx>
19 23
</Rx>
</Measure>

<Measure>
<Tx> 27 39 </Tx>
<Rx>
31 35
</Rx>
</Measure>

<Measure>
<Tx> 39 51 </Tx>
<Rx>
43 47
</Rx>
</Measure>

<Measure>
<Tx> 51 63 </Tx>
<Rx>
55 59
</Rx>
</Measure>

<Measure>
<Tx> 4 16 </Tx>
<Rx>
8 12
</Rx>
</Measure>

<Measure>
<Tx> 16 28 </Tx>
<Rx>
20 24
</Rx>
</Measure>

<Measure>
<Tx> 28 40 </Tx>
<Rx>
32 36
</Rx>
</Measure>

<Measure>
<Tx> 40 52 </Tx>
<Rx>
44 48
</Rx>
</Measure>

<Measure>
<Tx> 52 64 </Tx>
<Rx>
56 60
</Rx>
</Measure>

<Measure>
<Tx> 5 17 </Tx>
<Rx>
9 13
</Rx>
</Measure>

<Measure>
<Tx> 17 29 </Tx>
<Rx>
21 25
</Rx>
</Measure>

<Measure>
<Tx> 29 41 </Tx>
<Rx>
33 37
</Rx>
</Measure>

<Measure>
<Tx> 41 53 </Tx>
<Rx>
45 49
</Rx>
</Measure>

<Measure>
<Tx> 6 18 </Tx>
<Rx>
10 14
</Rx>
</Measure>

<Measure>
<Tx> 18 30 </Tx>
<Rx>
22 26
</Rx>
</Measure>

<Measure>
<Tx> 30 42 </Tx>
<Rx>
34 38
</Rx>
</Measure>

<Measure>
<Tx> 42 54 </Tx>
<Rx>
46 50
</Rx>
</Measure>

<Measure>
<Tx> 7 19 </Tx>
<Rx>
11 15
</Rx>
</Measure>

<Measure>
<Tx> 19 31 </Tx>
<Rx>
23 27
</Rx>
</Measure>

<Measure>
<Tx> 31 43 </Tx>
<Rx>
35 39
</Rx>
</Measure>

<Measure>
<Tx> 43 55 </Tx>
<Rx>
47 51
</Rx>
</Measure>

<Measure>
<Tx> 8 20 </Tx>
<Rx>
12 16
</Rx>
</Measure>

<Measure>
<Tx> 20 32 </Tx>
<Rx>
24 28
</Rx>
</Measure>

<Measure>
<Tx> 32 44 </Tx>
<Rx>
36 40
</Rx>
</Measure>

<Measure>
<Tx> 44 56 </Tx>
<Rx>
48 52
</Rx>
</Measure>

<Measure>
<Tx> 9 21 </Tx>
<Rx>
13 17
</Rx>
</Measure>

<Measure>
<Tx> 21 33 </Tx>
<Rx>
25 29
</Rx>
</Measure>

<Measure>
<Tx> 33 45 </Tx>
<Rx>
37 41
</Rx>
</Measure>

<Measure>
<Tx> 45 57 </Tx>
<Rx>
49 53
</Rx>
</Measure>

<Measure>
<Tx> 10 22 </Tx>
<Rx>
14 18
</Rx>
</Measure>

<Measure>
<Tx> 22 34 </Tx>
<Rx>
26 30
</Rx>
</Measure>

<Measure>
<Tx> 34 46 </Tx>
<Rx>
38 42
</Rx>
</Measure>

<Measure>
<Tx> 46 58 </Tx>
<Rx>
50 54
</Rx>
</Measure>

<Measure>
<Tx> 11 23 </Tx>
<Rx>
15 19
</Rx>
</Measure>

<Measure>
<Tx> 23 35 </Tx>
<Rx>
27 31
</Rx>
</Measure>

<Measure>
<Tx> 35 47 </Tx>
<Rx>
39 43
</Rx>
</Measure>

<Measure>
<Tx> 47 59 </Tx>
<Rx>
51 55
</Rx>
</Measure>

<Measure>
<Tx> 12 24 </Tx>
<Rx>
16 20
</Rx>
</Measure>

<Measure>
<Tx> 24 36 </Tx>
<Rx>
28 32
</Rx>
</Measure>

<Measure>
<Tx> 36 48 </Tx>
<Rx>
40 44
</Rx>
</Measure>

<Measure>
<Tx> 48 60 </Tx>
<Rx>
52 56
</Rx>
</Measure>

<Measure>
<Tx> 1 10 </Tx>
<Rx>
4 7
</Rx>
</Measure>

<Measure>
<Tx> 10 19 </Tx>
<Rx>
13 16
</Rx>
</Measure>

<Measure>
<Tx> 19 28 </Tx>
<Rx>
22 25
</Rx>
</Measure>

<Measure>
<Tx> 28 37 </Tx>
<Rx>
31 34
</Rx>
</Measure>

<Measure>
<Tx> 37 46 </Tx>
<Rx>
40 43
</Rx>
</Measure>

<Measure>
<Tx> 46 55 </Tx>
<Rx>
49 52
</Rx>
</Measure>

<Measure>
<Tx> 55 64 </Tx>
<Rx>
58 61
</Rx>
</Measure>

<Measure>
<Tx> 2 11 </Tx>
<Rx>
5 8
</Rx>
</Measure>

<Measure>
<Tx> 11 20 </Tx>
<Rx>
14 17
</Rx>
</Measure>

<Measure>
<Tx> 20 29 </Tx>
<Rx>
23 26
</Rx>
</Measure>

<Measure>
<Tx> 29 38 </Tx>
<Rx>
32 35
</Rx>
</Measure>

<Measure>
<Tx> 38 47 </Tx>
<Rx>
41 44
</Rx>
</Measure>

<Measure>
<Tx> 47 56 </Tx>
<Rx>
50 53
</Rx>
</Measure>

<Measure>
<Tx> 3 12 </Tx>
<Rx>
6 9
</Rx>
</Measure>

<Measure>
<Tx> 12 21 </Tx>
<Rx>
15 18
</Rx>
</Measure>

<Measure>
<Tx> 21 30 </Tx>
<Rx>
24 27
</Rx>
</Measure>

<Measure>
<Tx> 30 39 </Tx>
<Rx>
33 36
</Rx>
</Measure>

<Measure>
<Tx> 39 48 </Tx>
<Rx>
42 45
</Rx>
</Measure>

<Measure>
<Tx> 48 57 </Tx>
<Rx>
51 54
</Rx>
</Measure>

<Measure>
<Tx> 4 13 </Tx>
<Rx>
7 10
</Rx>
</Measure>

<Measure>
<Tx> 13 22 </Tx>
<Rx>
16 19
</Rx>
</Measure>

<Measure>
<Tx> 22 31 </Tx>
<Rx>
25 28
</Rx>
</Measure>

<Measure>
<Tx> 31 40 </Tx>
<Rx>
34 37
</Rx>
</Measure>

<Measure>
<Tx> 40 49 </Tx>
<Rx>
43 46
</Rx>
</Measure>

<Measure>
<Tx> 49 58 </Tx>
<Rx>
52 55
</Rx>
</Measure>

<Measure>
<Tx> 5 14 </Tx>
<Rx>
8 11
</Rx>
</Measure>

<Measure>
<Tx> 14 23 </Tx>
<Rx>
17 20
</Rx>
</Measure>

<Measure>
<Tx> 23 32 </Tx>
<Rx>
26 29
</Rx>
</Measure>

<Measure>
<Tx> 32 41 </Tx>
<Rx>
35 38
</Rx>
</Measure>

<Measure>
<Tx> 41 50 </Tx>
<Rx>
44 47
</Rx>
</Measure>

<Measure>
<Tx> 50 59 </Tx>
<Rx>
53 56
</Rx>
</Measure>

<Measure>
<Tx> 6 15 </Tx>
<Rx>
9 12
</Rx>
</Measure>

<Measure>
<Tx> 15 24 </Tx>
<Rx>
18 21
</Rx>
</Measure>

<Measure>
<Tx> 24 33 </Tx>
<Rx>
27 30
</Rx>
</Measure>

<Measure>
<Tx> 33 42 </Tx>
<Rx>
36 39
</Rx>
</Measure>

<Measure>
<Tx> 42 51 </Tx>
<Rx>
45 48
</Rx>
</Measure>

<Measure>
<Tx> 51 60 </Tx>
<Rx>
54 57
</Rx>
</Measure>

<Measure>
<Tx> 7 16 </Tx>
<Rx>
10 13
</Rx>
</Measure>

<Measure>
<Tx> 16 25 </Tx>
<Rx>
19 22
</Rx>
</Measure>

<Measure>
<Tx> 25 34 </Tx>
<Rx>
28 31
</Rx>
</Measure>

<Measure>
<Tx> 34 43 </Tx>
<Rx>
37 40
</Rx>
</Measure>

<Measure>
<Tx> 43 52 </Tx>
<Rx>
46 49
</Rx>
</Measure>

<Measure>
<Tx> 52 61 </Tx>
<Rx>
55 58
</Rx>
</Measure>

<Measure>
<Tx> 8 17 </Tx>
<Rx>
11 14
</Rx>
</Measure>

<Measure>
<Tx> 17 26 </Tx>
<Rx>
20 23
</Rx>
</Measure>

<Measure>
<Tx> 26 35 </Tx>
<Rx>
29 32
</Rx>
</Measure>

<Measure>
<Tx> 35 44 </Tx>
<Rx>
38 41
</Rx>
</Measure>

<Measure>
<Tx> 44 53 </Tx>
<Rx>
47 50
</Rx>
</Measure>

<Measure>
<Tx> 53 62 </Tx>
<Rx>
56 59
</Rx>
</Measure>

<Measure>
<Tx> 9 18 </Tx>
<Rx>
12 15
</Rx>
</Measure>

<Measure>
<Tx> 18 27 </Tx>
<Rx>
21 24
</Rx>
</Measure>

<Measure>
<Tx> 27 36 </Tx>
<Rx>
30 33
</Rx>
</Measure>

<Measure>
<Tx> 36 45 </Tx>
<Rx>
39 42
</Rx>
</Measure>

<Measure>
<Tx> 45 54 </Tx>
<Rx>
48 51
</Rx>
</Measure>

<Measure>
<Tx> 54 63 </Tx>
<Rx>
57 60
</Rx>
</Measure>

<Measure>
<Tx> 1 7 </Tx>
<Rx>
3 5
</Rx>
</Measure>

<Measure>
<Tx> 7 13 </Tx>
<Rx>
9 11
</Rx>
</Measure>

<Measure>
<Tx> 13 19 </Tx>
<Rx>
15 17
</Rx>
</Measure>

<Measure>
<Tx> 19 25 </Tx>
<Rx>
21 23
</Rx>
</Measure>

<Measure>
<Tx> 25 31 </Tx>
<Rx>
27 29
</Rx>
</Measure>

<Measure>
<Tx> 31 37 </Tx>
<Rx>
33 35
</Rx>
</Measure>

<Measure>
<Tx> 37 43 </Tx>
<Rx>
39 41
</Rx>
</Measure>

<Measure>
<Tx> 43 49 </Tx>
<Rx>
45 47
</Rx>
</Measure>

<Measure>
<Tx> 49 55 </Tx>
<Rx>
51 53
</Rx>
</Measure>

<Measure>
<Tx> 55 61 </Tx>
<Rx>
57 59
</Rx>
</Measure>

<Measure>
<Tx> 2 8 </Tx>
<Rx>
4 6
</Rx>
</Measure>

<Measure>
<Tx> 8 14 </Tx>
<Rx>
10 12
</Rx>
</Measure>

<Measure>
<Tx> 14 20 </Tx>
<Rx>
16 18
</Rx>
</Measure>

<Measure>
<Tx> 20 26 </Tx>
<Rx>
22 24
</Rx>
</Measure>

<Measure>
<Tx> 26 32 </Tx>
<Rx>
28 30
</Rx>
</Measure>

<Measure>
<Tx> 32 38 </Tx>
<Rx>
34 36
</Rx>
</Measure>

<Measure>
<Tx> 38 44 </Tx>
<Rx>
40 42
</Rx>
</Measure>

<Measure>
<Tx> 44 50 </Tx>
<Rx>
46 48
</Rx>
</Measure>

<Measure>
<Tx> 50 56 </Tx>
<Rx>
52 54
</Rx>
</Measure>

<Measure>
<Tx> 56 62 </Tx>
<Rx>
58 60
</Rx>
</Measure>

<Measure>
<Tx> 3 9 </Tx>
<Rx>
5 7
</Rx>
</Measure>

<Measure>
<Tx> 9 15 </Tx>
<Rx>
11 13
</Rx>
</Measure>

<Measure>
<Tx> 15 21 </Tx>
<Rx>
17 19
</Rx>
</Measure>

<Measure>
<Tx> 21 27 </Tx>
<Rx>
23 25
</Rx>
</Measure>

<Measure>
<Tx> 27 33 </Tx>
<Rx>
29 31
</Rx>
</Measure>

<Measure>
<Tx> 33 39 </Tx>
<Rx>
35 37
</Rx>
</Measure>

<Measure>
<Tx> 39 45 </Tx>
<Rx>
41 43
</Rx>
</Measure>

<Measure>
<Tx> 45 51 </Tx>
<Rx>
47 49
</Rx>
</Measure>

<Measure>
<Tx> 51 57 </Tx>
<Rx>
53 55
</Rx>
</Measure>

<Measure>
<Tx> 57 63 </Tx>
<Rx>
59 61
</Rx>
</Measure>

<Measure>
<Tx> 4 10 </Tx>
<Rx>
6 8
</Rx>
</Measure>

<Measure>
<Tx> 10 16 </Tx>
<Rx>
12 14
</Rx>
</Measure>

<Measure>
<Tx> 16 22 </Tx>
<Rx>
18 20
</Rx>
</Measure>

<Measure>
<Tx> 22 28 </Tx>
<Rx>
24 26
</Rx>
</Measure>

<Measure>
<Tx> 28 34 </Tx>
<Rx>
30 32
</Rx>
</Measure>

<Measure>
<Tx> 34 40 </Tx>
<Rx>
36 38
</Rx>
</Measure>

<Measure>
<Tx> 40 46 </Tx>
<Rx>
42 44
</Rx>
</Measure>

<Measure>
<Tx> 46 52 </Tx>
<Rx>
48 50
</Rx>
</Measure>

<Measure>
<Tx> 52 58 </Tx>
<Rx>
54 56
</Rx>
</Measure>

<Measure>
<Tx> 58 64 </Tx>
<Rx>
60 62
</Rx>
</Measure>

<Measure>
<Tx> 5 11 </Tx>
<Rx>
7 9
</Rx>
</Measure>

<Measure>
<Tx> 11 17 </Tx>
<Rx>
13 15
</Rx>
</Measure>

<Measure>
<Tx> 17 23 </Tx>
<Rx>
19 21
</Rx>
</Measure>

<Measure>
<Tx> 23 29 </Tx>
<Rx>
25 27
</Rx>
</Measure>

<Measure>
<Tx> 29 35 </Tx>
<Rx>
31 33
</Rx>
</Measure>

<Measure>
<Tx> 35 41 </Tx>
<Rx>
37 39
</Rx>
</Measure>

<Measure>
<Tx> 41 47 </Tx>
<Rx>
43 45
</Rx>
</Measure>

<Measure>
<Tx> 47 53 </Tx>
<Rx>
49 51
</Rx>
</Measure>

<Measure>
<Tx> 53 59 </Tx>
<Rx>
55 57
</Rx>
</Measure>

<Measure>
<Tx> 6 12 </Tx>
<Rx>
8 10
</Rx>
</Measure>

<Measure>
<Tx> 12 18 </Tx>
<Rx>
14 16
</Rx>
</Measure>

<Measure>
<Tx> 18 24 </Tx>
<Rx>
20 22
</Rx>
</Measure>

<Measure>
<Tx> 24 30 </Tx>
<Rx>
26 28
</Rx>
</Measure>

<Measure>
<Tx> 30 36 </Tx>
<Rx>
32 34
</Rx>
</Measure>

<Measure>
<Tx> 36 42 </Tx>
<Rx>
38 40
</Rx>
</Measure>

<Measure>
<Tx> 42 48 </Tx>
<Rx>
44 46
</Rx>
</Measure>

<Measure>
<Tx> 48 54 </Tx>
<Rx>
50 52
</Rx>
</Measure>

<Measure>
<Tx> 54 60 </Tx>
<Rx>
56 58
</Rx>
</Measure>

<Measure>
<Tx> 1 4 </Tx>
<Rx>
2 3
</Rx>
</Measure>

<Measure>
<Tx> 4 7 </Tx>
<Rx>
5 6
</Rx>
</Measure>

<Measure>
<Tx> 7 10 </Tx>
<Rx>
8 9
</Rx>
</Measure>

<Measure>
<Tx> 10 13 </Tx>
<Rx>
11 12
</Rx>
</Measure>

<Measure>
<Tx> 13 16 </Tx>
<Rx>
14 15
</Rx>
</Measure>

<Measure>
<Tx> 16 19 </Tx>
<Rx>
17 18
</Rx>
</Measure>

<Measure>
<Tx> 19 22 </Tx>
<Rx>
20 21
</Rx>
</Measure>

<Measure>
<Tx> 22 25 </Tx>
<Rx>
23 24
</Rx>
</Measure>

<Measure>
<Tx> 25 28 </Tx>
<Rx>
26 27
</Rx>
</Measure>

<Measure>
<Tx> 28 31 </Tx>
<Rx>
29 30
</Rx>
</Measure>

<Measure>
<Tx> 31 34 </Tx>
<Rx>
32 33
</Rx>
</Measure>

<Measure>
<Tx> 34 37 </Tx>
<Rx>
35 36
</Rx>
</Measure>

<Measure>
<Tx> 37 40 </Tx>
<Rx>
38 39
</Rx>
</Measure>

<Measure>
<Tx> 40 43 </Tx>
<Rx>
41 42
</Rx>
</Measure>

<Measure>
<Tx> 43 46 </Tx>
<Rx>
44 45
</Rx>
</Measure>

<Measure>
<Tx> 46 49 </Tx>
<Rx>
47 48
</Rx>
</Measure>

<Measure>
<Tx> 49 52 </Tx>
<Rx>
50 51
</Rx>
</Measure>

<Measure>
<Tx> 52 55 </Tx>
<Rx>
53 54
</Rx>
</Measure>

<Measure>
<Tx> 55 58 </Tx>
<Rx>
56 57
</Rx>
</Measure>

<Measure>
<Tx> 58 61 </Tx>
<Rx>
59 60
</Rx>
</Measure>

<Measure>
<Tx> 61 64 </Tx>
<Rx>
62 63
</Rx>
</Measure>

<Measure>
<Tx> 2 5 </Tx>
<Rx>
3 4
</Rx>
</Measure>

<Measure>
<Tx> 5 8 </Tx>
<Rx>
6 7
</Rx>
</Measure>

<Measure>
<Tx> 8 11 </Tx>
<Rx>
9 10
</Rx>
</Measure>

<Measure>
<Tx> 11 14 </Tx>
<Rx>
12 13
</Rx>
</Measure>

<Measure>
<Tx> 14 17 </Tx>
<Rx>
15 16
</Rx>
</Measure>

<Measure>
<Tx> 17 20 </Tx>
<Rx>
18 19
</Rx>
</Measure>

<Measure>
<Tx> 20 23 </Tx>
<Rx>
21 22
</Rx>
</Measure>

<Measure>
<Tx> 23 26 </Tx>
<Rx>
24 25
</Rx>
</Measure>

<Measure>
<Tx> 26 29 </Tx>
<Rx>
27 28
</Rx>
</Measure>

<Measure>
<Tx> 29 32 </Tx>
<Rx>
30 31
</Rx>
</Measure>

<Measure>
<Tx> 32 35 </Tx>
<Rx>
33 34
</Rx>
</Measure>

<Measure>
<Tx> 35 38 </Tx>
<Rx>
36 37
</Rx>
</Measure>

<Measure>
<Tx> 38 41 </Tx>
<Rx>
39 40
</Rx>
</Measure>

<Measure>
<Tx> 41 44 </Tx>
<Rx>
42 43
</Rx>
</Measure>

<Measure>
<Tx> 44 47 </Tx>
<Rx>
45 46
</Rx>
</Measure>

<Measure>
<Tx> 47 50 </Tx>
<Rx>
48 49
</Rx>
</Measure>

<Measure>
<Tx> 50 53 </Tx>
<Rx>
51 52
</Rx>
</Measure>

<Measure>
<Tx> 53 56 </Tx>
<Rx>
54 55
</Rx>
</Measure>

<Measure>
<Tx> 56 59 </Tx>
<Rx>
57 58
</Rx>
</Measure>

<Measure>
<Tx> 59 62 </Tx>
<Rx>
60 61
</Rx>
</Measure>

<Measure>
<Tx> 3 6 </Tx>
<Rx>
4 5
</Rx>
</Measure>

<Measure>
<Tx> 6 9 </Tx>
<Rx>
7 8
</Rx>
</Measure>

<Measure>
<Tx> 9 12 </Tx>
<Rx>
10 11
</Rx>
</Measure>

<Measure>
<Tx> 12 15 </Tx>
<Rx>
13 14
</Rx>
</Measure>

<Measure>
<Tx> 15 18 </Tx>
<Rx>
16 17
</Rx>
</Measure>

<Measure>
<Tx> 18 21 </Tx>
<Rx>
19 20
</Rx>
</Measure>

<Measure>
<Tx> 21 24 </Tx>
<Rx>
22 23
</Rx>
</Measure>

<Measure>
<Tx> 24 27 </Tx>
<Rx>
25 26
</Rx>
</Measure>

<Measure>
<Tx> 27 30 </Tx>
<Rx>
28 29
</Rx>
</Measure>

<Measure>
<Tx> 30 33 </Tx>
<Rx>
31 32
</Rx>
</Measure>

<Measure>
<Tx> 33 36 </Tx>
<Rx>
34 35
</Rx>
</Measure>

<Measure>
<Tx> 36 39 </Tx>
<Rx>
37 38
</Rx>
</Measure>

<Measure>
<Tx> 39 42 </Tx>
<Rx>
40 41
</Rx>
</Measure>

<Measure>
<Tx> 42 45 </Tx>
<Rx>
43 44
</Rx>
</Measure>

<Measure>
<Tx> 45 48 </Tx>
<Rx>
46 47
</Rx>
</Measure>

<Measure>
<Tx> 48 51 </Tx>
<Rx>
49 50
</Rx>
</Measure>

<Measure>
<Tx> 51 54 </Tx>
<Rx>
52 53
</Rx>
</Measure>

<Measure>
<Tx> 54 57 </Tx>
<Rx>
55 56
</Rx>
</Measure>

<Measure>
<Tx> 57 60 </Tx>
<Rx>
58 59
</Rx>
</Measure>

<Measure>
<Tx> 60 63 </Tx>
<Rx>
61 62
</Rx>
</Measure>

</Sequence>
</Protocol>
